Time,V1,V2,V3,V4,V5,V6,V7,V8,V9,V10,V11,V12,V13,V14,V15,V16,V17,V18,V19,V20,V21,V22,V23,V24,V25,V26,V27,V28,Amount,is_Fraud,hour
88409.0,1.71963929665357,-0.900221739446823,-0.599779213631863,0.222741691641887,-0.70625824727723,-0.191251985621163,-0.498235800492079,0.0210493455349854,0.817622158574395,0.162908152267975,0.56206416524659,0.834556160923142,0.239902419497908,0.114021649063267,0.214869646786061,0.857512259643948,-1.03163940089856,0.701830401319903,0.0120205203279744,0.133542397635627,0.290777579572824,0.627577424771376,0.0055253584950653,-0.344608730587308,-0.379917172325351,0.6410211377619,-0.0665189817571064,-0.0375281971530993,200.46,0,0
472.0,-3.0435406239976,-3.15730712090228,1.08846277997285,2.2886436183814,1.35980512966107,-1.06482252298131,0.325574266158614,-0.0677936531906277,-0.270952836226548,-0.838586564582682,-0.414575448285725,-0.503140859566824,0.676501544635863,-1.69202893305906,2.00063483909015,0.666779695901966,0.599717413841732,1.72532100745514,0.283344830149495,2.10233879259444,0.661695924845707,0.435477208966341,1.37596574254306,-0.293803152734021,0.279798031841214,-0.145361714815161,-0.252773122530705,0.0357642251788156,706.96,1,0
72909.0,-6.81880263534893,5.61014558386337,-2.5964109046103,-2.75440632791823,-1.80582059494657,-0.638069855740358,-0.925023299979389,1.87824263335859,3.91565382150754,6.1053471175796,0.272213846123687,0.881925557662982,0.206767559067052,-0.746174408042506,0.176368798965218,0.964969508625205,-1.12396824760821,0.245355351893138,-0.673312358520545,2.55278418918467,-0.869306168662524,-0.681761556555144,0.185473620976495,-0.909038088700514,0.906562805514112,0.637410831682662,-0.112643627154137,-1.18357946404213,1.95,0,20
116260.0,-0.429971698603113,1.25397161852145,-2.03843220530542,-1.45013785497042,3.75648715129269,2.87911171356259,0.638267612915818,0.77325718828122,-0.469924603064621,-1.88546806815857,0.713855626090923,-0.723869855451198,-0.479036355714391,-2.41775899228727,1.10754377107804,0.648630239695837,1.61761098653877,1.33266956695843,-0.887660235647326,-0.0025230192581511,0.198470619084623,0.495190013152913,-0.407864131230681,0.484234029735419,0.162099927022067,-0.126987594237874,0.0422167562240056,0.21669395041428,1.34,0,8
27508.0,1.11425139190391,0.207518919862093,1.5229616165174,2.90305538496846,-0.726809407073544,0.413893029349261,-0.535108011147943,0.143075997847126,0.296871101366555,0.352714450561838,-1.17500554374407,0.89885262305232,0.949447426068608,-0.937735002914758,-1.60454370838384,-0.0205588582800087,-0.0574402055289244,-0.441877229544452,-0.57344878448299,-0.119524023565027,0.0330968423635818,0.510371975444159,-0.141315867637499,0.470806936733429,0.653705889206328,0.20932513784014,0.0557710521157554,0.0292746897829321,0.0,0,7
110547.0,-1.53281036094493,2.23275183861699,-5.92310007493809,3.38670841159996,-0.15344334000728,-1.41974768064009,-3.8785763388613,1.44465586239817,-1.46554214173397,-5.20833459337633,4.54630106888309,-7.76119403219115,1.15954032168956,-5.23161145654992,-0.171642119460071,-4.71982949844975,-4.84799196061678,-1.13432874514983,3.52773827223549,0.520839865969216,0.632504705856676,-0.070837950713368,-0.490291315112446,-0.359983126080465,0.0506775325943162,1.09567132878655,0.471741401676933,-0.106667140739625,1.02,1,6
102489.0,-2.29698749921502,4.06404334190313,-5.95770634516933,4.68000806392241,-2.08093759960382,-1.46327216002463,-4.49084686931735,1.02924628254192,-1.59324925133839,-8.99381088354112,7.86446740028511,-10.6498396512844,1.82659101647783,-12.9136317373077,-0.766330314740752,-7.95409770929125,-7.80963509977466,-1.71851117214548,3.83298514230067,1.26495379665956,1.08908418394041,0.975397809530551,-0.62553033358642,-0.535180928107126,0.247435028956319,0.160399507909509,0.969581605226584,0.335041293733825,138.99,1,4
34256.0,0.539275913891047,1.5548897630737,-2.06618033324968,3.24161746276725,0.184735711234243,0.0283295594064726,-1.51552137985061,0.537035374444064,-1.99984603560986,-2.13317644293659,2.75617194535395,-2.24286436771513,0.615204246860345,-4.65280380668112,0.222163815521883,-0.775666019840941,-3.21861825150599,-0.370992501046414,-0.686196723569762,0.302734578907132,0.371773459120687,0.111954592156869,-0.305225078771695,-1.05383526243402,0.77117490696746,0.240878213732036,0.418434531995645,0.232169715166482,25.42,1,9
73977.0,-0.473196611063878,0.993193306202039,1.66543056154751,-0.0980715432028818,-0.132262970480716,-0.682412114799875,0.619582965759251,0.0685481500050334,-0.663892285074688,-0.145790833719313,1.47413597698145,0.680333098167553,-0.135282064374252,0.360420591825495,0.137804864722876,0.338350942068515,-0.567396244251743,0.0833827264455628,0.225747290651524,0.105342338693347,-0.161574780697859,-0.448384374618429,-0.000753496557998,0.514655449445329,-0.251675205625408,0.041144263668644,0.260318888353743,0.112966472203784,8.74,0,20
29526.0,1.10280432542075,2.82916799881581,-3.93287026485548,4.70769143992869,2.93796685530025,-1.80090371765217,1.672734122106,-0.300240348680253,-2.78301108805298,-1.88484243991678,3.79256535985687,-1.46047112296734,-1.31277627644381,-7.07736060637589,-0.299466316598551,2.4932276042067,6.24498710234308,2.97174936407353,-2.67995024218857,-0.0308799718381793,-0.106994395673876,-0.250050303584088,-0.52162653336055,-0.448949514169716,1.29164648168516,0.516326673768638,0.0091462814112417,0.15331763551135,0.91,1,8
67413.0,1.12799957570565,-0.0665354740280732,1.4121075054062,1.42793496121984,-1.1988522249325,-0.408813873103591,-0.59138849954458,0.101830624076341,0.958864639540519,-0.185040900176266,-0.597981732141171,0.276455103575694,-0.615457064501695,-0.221948825372855,0.218568479479093,0.0098370747688838,-0.0948794758582036,-0.0972583915367593,-0.331142460480729,-0.181788943104108,-0.0472255483540372,0.0391975080036307,0.0421145760722673,0.693265271917775,0.35074181044222,-0.426974737521632,0.069010533988118,0.04036431991064,13.35,0,18
59385.0,-7.62692409246447,-6.97642000754641,-2.07791115073952,3.41675415987856,4.45875840248762,-5.08040779918275,-6.57894786782983,1.76034141396682,-0.599508728352202,-4.00174208524931,2.61176184321338,-2.21069105518154,0.145323220628924,-5.28167813117348,-1.44622731547596,-2.34217826208892,-4.44208205885268,-0.812202197039381,0.254771833248553,2.87526030369363,1.22479498325958,-0.656639147267532,-0.330810728527997,-0.0789460153087798,0.270305924800976,0.431119110160139,0.821381426988655,-1.05608777393768,25.36,1,16
41138.0,-4.59561704249556,5.08369023030901,-7.58101461744265,7.54603279503791,-6.94916456384443,-1.72918492987346,-8.19019171984817,2.71466961013434,-7.08316933143187,-11.1412776902967,7.38185937432083,-14.4686550955305,0.299659909360646,-13.602211465597,0.516112699650764,-13.5632729563133,-23.8156358284126,-9.17055721888169,3.66952343976659,1.68216030642087,2.24897122592187,0.566843572297808,0.0337440528595468,0.591783408003629,0.334228764687698,0.386801106292112,2.16389776726335,0.983103834042297,454.52,1,11
62059.0,-1.64440309669641,3.1298519330804,-2.57697682172296,3.41557336328899,-0.448525407316687,-1.24189285626533,-1.9916521878557,1.00266488963021,-2.8090712430123,-4.15369240632128,1.39818511854919,-5.65326970240352,-1.23369413839885,-6.332512814541,0.458714800173025,-1.98360960777769,-4.92916202340023,-1.03848208531443,-0.133819199948815,0.290186829391141,0.417762091477206,-0.648575871519649,-0.318617393380036,-0.680412931832076,0.389868676205949,0.0557502963989842,0.394681955439504,0.298820725838569,8.85,1,17
128345.0,-0.498238900288177,0.733376037231625,0.104064612650228,-0.102893183174032,1.25471704210322,-0.657797378184463,0.772820971797656,-0.329894685564529,-0.376735790597006,-0.21067100856703,-0.686995784097567,0.435749685192533,1.26727390089384,0.16733332792696,0.953543327375527,-0.747988853797334,-0.272051131119203,0.0608828530194476,0.784187839164643,-0.0222650691751293,0.374261866479167,1.19994537267508,-0.339093672136974,0.696263632438913,-0.199274496387116,-0.0622335750590126,-0.0548123242671834,0.243619447533015,6.0,0,11
70270.0,-1.51251575792702,1.13313858781029,-1.60105247993576,2.81340096831714,-2.66450340578315,-0.310371093924795,-1.52089516380539,0.852995775116439,-1.49649450564954,-4.05629261571005,1.55375586796783,-2.74355135914945,1.50454067059684,-5.42878849870488,-0.0160171233729703,-3.72718761269833,-3.94629958919926,-1.68028644319238,2.30361261010114,1.24958556268985,0.729827756052255,0.48528591471162,0.567005413227757,0.323585691602658,0.0408708540928058,0.825813553299941,0.41448227186994,0.267265082454707,425.12,1,19
51641.0,1.23186012550917,0.231916285684608,0.641771766986276,0.702541132683246,-0.665471693009268,-1.18531770346473,0.0551478062227848,-0.212737268451192,0.0610612396503185,-0.0599305656204977,0.0329944737416094,0.341207587438572,0.0023811803444811,0.310459569888031,1.03635648599223,0.219800094135281,-0.289440922163898,-0.617063096585074,-0.24128361477373,-0.114764534489799,-0.237252799241588,-0.70658697446939,0.177585818654471,0.699547858725049,0.164174362709408,0.0748947216667949,-0.0308109030212754,0.0222545880499768,6.0,0,14
117169.0,-0.5572135733594,1.53278772220783,-0.166404535289525,0.287632984109642,1.65792652942814,-0.521130680555019,1.90766398472254,-0.51086580497791,-0.587354829811678,-0.8849781781661,-0.679484221896206,-0.617507357006891,-0.50674889869542,-1.41149727259683,-0.53004574529474,-0.263922847431043,0.809594748371569,0.16466962068033,-0.472966467220927,-0.100596430138205,-0.103958690970431,-0.118564995319325,-0.644774615561561,0.478225624464598,1.33966518360916,-0.440805376010884,-0.473676506370123,-0.283758225807455,48.81,0,8
128274.0,-0.454680783235944,1.32453058436883,-1.43867855600933,-1.43229882183833,1.36526543365569,-0.839858769992669,1.36618846190733,-0.0064960764972135,-0.295535280602979,0.0085300839058447,-0.25700047958265,-0.118655496767129,-1.0038995434397,1.06923304737414,-0.660175673618877,-0.172727464366794,-0.862611714658162,0.454462151715534,0.444582736988916,-0.0125280289022658,0.185357195517118,0.798453218884955,-0.353713585149149,-1.06962904987835,-0.19846783459224,0.119014091617618,0.206933706170507,0.0183693811004667,2.93,0,11
58822.0,-4.38422089880268,3.26466481012305,-3.07715801666012,3.40359359659281,-1.93807528041028,-1.2210812776781,-3.3103166090276,-1.11197501012863,-1.97759328056305,-3.28820356526528,2.88609147657536,-6.84897793447677,-1.02923459062256,-7.46010298330266,0.0559060176229105,-4.33478342671028,-9.87456039324105,-3.54190332932228,-0.531558760456647,-0.141533268810834,2.07638272101207,-0.990302787008607,-0.330358452316133,0.158377625833497,0.0063514462492984,-0.493860013315231,-1.53765237842389,-0.994022490842227,60.99,1,16
117301.0,2.13632935638991,0.0002368682447941,-1.47761541084709,0.161800817056629,0.458913828838436,-0.593401280928543,0.235638541959915,-0.329683923309877,0.449529240866567,0.0431620591334871,-1.48695577500073,0.668959649549939,1.32421700491943,-0.0014982024458692,-0.0022738513685377,0.147368787325598,-0.72755717436678,-0.662782469408404,0.530619300322334,-0.121681557831426,-0.345223192224145,-0.802211557572102,0.198795159547159,-0.974153232055258,-0.123177888512389,0.256783207953613,-0.06504469124193,-0.0681654206428404,2.38,0,8
56679.0,-0.399756082467537,0.967112547919283,1.23648507238602,-0.340541180614678,0.379016654193606,-0.0980698535137852,0.58765515039907,0.135825683509603,-0.591441515881135,-0.141989560444139,0.551208610332607,0.338491570765142,0.0405168188564738,0.299427046070346,0.213688572049935,0.638718977179123,-0.94171076216916,0.419596272665917,0.614894931128146,0.134928193295115,-0.230321407042292,-0.638698439926322,-0.132267312672276,-0.517816275808706,-0.114918158417171,0.105160296019628,0.259521144114463,0.102425014442034,6.0,0,15
102625.0,-4.22122078925031,2.87112058054735,-5.8887158872207,6.89095207502484,-3.40489435037622,-1.15439396843915,-7.73992801001653,2.85136330092288,-2.50756869395709,-5.11072764247853,5.35088988417692,-9.29980722738699,2.79314035729228,-6.10655192524523,-2.10694702580884,-6.25062921491661,-13.5663252216994,-4.19278019670633,0.510570181831806,-0.227881506131312,1.62059124560534,1.56794700869044,-0.578007459600926,-0.0590448081819941,-1.82916881940751,-0.0724287202294822,0.136734308772186,-0.599847542493268,10.14,1,4
50706.0,-8.46184470133154,6.86619841481805,-11.8382692206767,4.19421096699453,-6.92309709702798,-3.22114664850055,-7.55349651116055,6.015618186942,-2.4661434402463,-6.24624318477127,2.94398521977131,-6.51238933713471,-0.698175946764313,-7.54364593187217,0.92645528395257,-4.3302948063467,-7.33969796421674,-2.55090085394741,0.645904895509124,0.814710155897088,0.918244480856236,-0.715366336614015,0.210747336284603,-0.0602114737129364,0.509534595479059,-0.257283692851139,1.17002651560613,0.229300914797861,133.63,1,14
84204.0,-1.92745281973369,1.82762056700016,-7.01949468454197,5.34830323951426,-2.73918788004738,-2.10721929638307,-5.01584797563431,1.20586815982046,-4.38271250852199,-8.33770697381781,7.19030608944843,-9.42484446049178,-0.223292646427513,-12.8754942229841,-0.071918160688794,-6.2999613976222,-12.719207160428,-3.74017615583058,0.844059610296466,2.17270905626492,1.37693832294098,-0.792016725563067,-0.771414187530036,-0.379574271539528,0.718716522008066,1.11115125599517,1.27770725705846,0.819081152045361,684.57,1,23
70828.0,0.196706751987779,1.18975728641634,0.704882217511495,2.89138777331251,0.0455553693851548,1.24573045976205,-1.19871420021049,-2.42161641083942,-1.23208864617238,0.324238886093679,-1.27393508028395,-0.868686295319925,-1.18194465496857,1.0275841718551,1.68813234484864,0.256215978185418,0.120608339589106,-0.0523460171330233,0.329826631850516,0.646616407050903,-1.32813178943378,0.189310618105111,-0.005524183595721,-0.814707739467747,0.400924279960331,0.286281378755055,0.135214945600326,0.257314769060283,1.02,1,19
131980.0,0.193564399506146,1.07112890795798,-0.662140912686408,-0.702100803290356,1.29192971946937,-0.449573540494008,1.00676592524401,-0.108438350012679,-0.107417057391769,-0.853167166712696,-1.15764868804293,0.0342636995720605,0.812527549203459,-1.1941033245968,-0.267360581954495,0.489790532669141,0.0889597652168655,-0.0876135339371314,0.0131306773605924,0.0834386517073264,-0.376974980312596,-0.898563455178487,0.005322071297044,-0.0524719632929806,-0.310466104356632,0.150441985431975,0.226171212061251,0.0791968093408143,3.59,0,12
52490.0,1.17702401359083,-1.60453339627311,0.11789186608386,-1.25901735117685,-1.51767278641207,-0.346966905742164,-0.810670897347349,-0.0718794985822694,-1.84851449032413,1.46407938532546,0.631460646729427,-0.417727614196479,-0.157589017619659,-0.145800212298246,-0.830704411487918,-0.434720421769248,0.464886423968081,0.354149751463847,0.420691077611374,-0.0287266022556286,-0.22839989258848,-0.597822949523012,-0.137763069031552,-0.0129179818935797,0.364555477380588,-0.265256711649864,-0.0066299485688486,0.0320623988950414,234.81,0,14
13126.0,-2.88004235163471,5.22544230971559,-11.0633302799459,6.68995065770063,-5.7599239886738,-2.24403079081521,-11.1999752166959,4.01472180864313,-3.42930426351801,-11.5619497720699,10.446846814514,-15.4790524832016,0.734441608104148,-13.8837785491112,0.821439545395249,-11.911483017197,-18.1030037037729,-6.83783453880068,3.12692935212663,1.19144396640797,2.00288287701632,0.351102064721284,0.79525514045211,-0.778379381413672,-1.64681511254223,0.487538823287331,1.42771309550336,0.583172486219188,1.34,1,3
109353.0,2.07225969065828,-0.209248896378292,-0.590501878027113,0.308699141116759,-0.18619285960902,-0.21618695672727,-0.595684184674622,-0.0862318759085603,2.77071850728104,-0.577382240523192,-0.803027455294295,-2.66041416642149,1.31662657027905,1.56371409469498,0.46827905369001,0.52268107302104,-0.268339828881383,0.696611144002369,0.0452922333481171,-0.292023853781143,-0.343624837544349,-0.627053007941252,0.243175141592732,-1.14014224562718,-0.271975521749022,-0.898388733480028,0.02726053789667,-0.0449458734502733,2.83,0,6
72327.0,-4.19873460983989,0.194120636801706,-3.91758567828042,3.92074784640417,-1.87548574659158,-2.11893292738694,-3.61444510993627,1.68788446543007,-2.18987113590881,-4.68423332514029,4.37690666362302,-5.00744082816051,-1.30474507803596,-6.19247526385522,1.00240426741391,-3.31693430074553,-6.18883415213498,-1.04041264854272,1.23304434947994,1.0033504305956,0.801312235949018,-0.183000576489906,-0.440386862411508,0.292539411877521,-0.144967421927777,-0.251743981877142,1.24941367428483,-0.131524643545312,319.27,1,20
93742.0,-3.29112509261551,4.4011941515981,-8.39421162258901,4.45357956949695,-4.79005451824953,-4.24018208232724,-9.21900099642753,1.97402995723142,-2.91294270907847,-13.540168238225,9.41303953977606,-18.0475965708216,-0.728186553999085,-15.3930448312636,0.3494850489774,-13.30388757707,-21.2979057823155,-7.26231079476482,2.27422550991903,1.4908691418867,2.10234346771868,0.597370314627801,-0.328086184026121,0.445752402449364,0.585280580866405,-0.399005421878678,2.11600444233121,1.05074380386505,1.34,1,2
42436.0,1.25865652426783,0.421016212653791,0.325437410319254,0.684258971854866,-0.29252940072377,-1.05278623795983,0.145228235362306,-0.253566617437066,-0.100521483010132,-0.308072242271983,0.0839636244243427,0.702540661892853,1.10482053431357,-0.46264793260787,0.997369281779672,0.437118661939922,-0.055465127408808,-0.407289738445994,-0.204126672031139,-0.026262483848173,-0.278028523056854,-0.757416572618899,0.119613428728405,0.36939283250398,0.246145163255095,0.091552539751026,-0.0171564730116482,0.0325567613969777,1.19,0,11
109298.0,-1.00061051985933,3.34685000184439,-5.53449117133595,6.83580203854396,-0.299803293657807,0.0959512989990878,-2.44041927394713,1.28630119597073,-2.7664382829404,-4.45800770078481,4.69653339192897,-8.76211333956078,0.985826601093264,-7.32027202211023,-1.06384045772504,-3.37112471078725,-4.25115786762875,-0.43005729986925,1.80401333906519,1.18981379228675,0.439756764345897,-0.694099203587273,0.299660329499667,-0.657600627722995,0.101647558980344,0.430457439169415,0.824685450418745,0.326952273050223,248.74,1,6
41273.0,-11.6822148930584,6.33288209288301,-13.2971092469499,7.69077191542072,-10.8898905208867,-2.79236003834138,-12.5617825809497,7.28712220991134,-7.57032240879292,-12.8357376825339,5.80470785195987,-12.15623949431,1.18498466280471,-10.4686770874209,-0.41674319706657,-10.999792348619,-22.6088681905866,-9.49874592104677,2.10273540686125,-1.00931993766307,2.13345628394787,-1.27150896701449,-0.0353038871622371,0.615053695038953,0.349023768265454,-0.428922796793546,-0.694935387398427,-0.818970428930229,231.29,1,11
51112.0,-9.84877583247984,7.36554648639464,-12.8985382309124,4.27332307326376,-7.61199101126967,-3.4270452374345,-8.35080815251842,6.86360392236365,-2.3875673251028,-6.06578236274727,2.70785640511515,-6.13603446645473,-0.545976095807375,-7.02898027290706,0.916068574603162,-4.09288449351717,-7.01462170672071,-2.5309672589153,0.554027499068527,0.832398066019608,0.931958309450931,-0.87446736131737,-0.192639469446569,-0.0354260265633338,0.538665050436448,-0.263933516556866,1.13409509350836,0.225973163975667,133.63,1,14
40762.0,1.24192235943899,-0.71829964840848,-0.134918876696178,-0.785760573844753,-0.749987428340379,-0.78855387791986,-0.225881622856738,-0.111880584438581,-1.12744828555914,0.800035631157732,1.04246453378868,-0.609604446508814,-1.17271351209294,0.514842696353857,-0.0113704612658164,1.29838565007647,0.0694084368660124,-1.13916992203047,1.19269450799567,0.180818850018848,-0.136509033747279,-0.826678139125889,0.0147425627681035,-0.0517672016894649,0.286577937054628,-0.531853453040793,-0.0453272855801333,0.0131666545061792,132.3,0,11
110552.0,-2.45036662540267,2.10772866087808,-5.14066303982343,1.41130357398271,-1.69077950338918,-0.736427202926685,-3.65794634761755,1.94490590423047,-0.788387529063343,-5.62467713431414,3.51964234486905,-7.221590004268,1.20172802326675,-3.8114281425371,-1.70142802210083,-3.57140837935336,-7.31140729142311,-1.75435460658485,0.795448867520342,-0.130438203342561,0.800538093373868,0.364616671021501,0.233607611774679,-0.282077578211224,-0.320310972669244,0.49291998915127,0.35997644954193,-0.115471009476069,107.21,1,6
74151.0,-6.10135586547944,4.66012342577884,-2.0969964208693,-1.45419639728025,-3.32927716526407,-1.92190845624892,-2.03075783539152,3.09491300672524,0.853231925378981,1.26635904145657,-0.67810319452635,1.89691468482393,1.26891688302742,1.28041351812741,0.286183946443293,1.06274334208064,0.597349815547867,-0.547700939388931,-1.25291004524524,0.611534388212427,-0.0626011301666625,-0.333961011536399,0.480370593070251,0.930926439138076,0.321386590829008,0.695458399628794,-0.0120174887463727,0.118746641837868,5.13,0,20
94952.0,0.842025258809961,-0.365518405631879,-2.46406333105633,4.82088596439253,0.775505434320733,-0.614784604613805,1.36802439952459,-0.526261741999926,-0.121356446796038,-0.357616193093852,0.637766685379952,-2.81888227036892,2.36059541417279,-1.10869894034456,-1.44995109474769,1.57373987380152,2.20265154365361,0.800471466568041,-2.10358290329291,0.944915098074741,-0.110621878759425,-1.25780002613606,-0.324418362936717,-0.420020001036393,-0.219501077925226,-0.268872635957687,-0.144582319033867,0.104464060190998,763.73,1,2
49805.0,1.1851282293285,0.220677231457992,0.152752288665431,0.455521111159519,0.0137221929265213,-0.0926475641011534,-0.10714409181788,0.111644024979019,-0.18278983979289,-0.154346538057416,1.53052814705292,0.808877804392687,0.0074064198736277,-0.0470460976561742,0.688887280050886,0.486974924569666,-0.0871474051556581,-0.123515556452897,-0.143580893380157,-0.0932625486129612,-0.229320691425408,-0.67991103295109,0.104168150708564,-0.352881469094171,0.149640623687681,0.127158724062929,-0.0127593860920002,0.0142629820193073,8.01,0,13
65774.0,-0.663213734105789,1.19914094130848,1.45668788426209,-0.0804173669781085,-0.0864258202617248,-0.913007651677936,0.713641064117352,-0.0713809605094346,-0.241147752636638,-0.0118902570647651,-0.337075040106011,0.0924590973593517,0.285014540901623,0.0219946293409407,0.838071249970581,0.168707720941181,-0.418506072622919,-0.396846511142707,-0.0164252045412186,0.246264153460485,-0.254638207851735,-0.598495486539719,-0.0066213003308909,0.363829714094535,-0.131162204405152,0.0753337346927303,0.371379318439534,0.188412559353016,10.68,0,18
40892.0,-2.14051149219032,4.10487145129475,-8.99685940156949,4.02839095079544,-5.13135934640223,-4.15356844523859,-9.36009513383968,1.92207487977653,-4.02618037499445,-13.6913151328525,9.09528815249629,-14.1681208819376,-0.140455389751523,-17.6206343516773,1.48274041096936,-13.2568330912778,-21.675483501012,-7.82346881553754,2.9951111673215,1.72557761649372,1.85426666080646,-0.165533725878965,-0.339938978813788,0.296313762529247,1.36422533027428,-0.518995630979066,2.35233346525926,1.13062483533989,1.02,1,11
42883.0,0.870601229461757,-1.28976063182915,-0.30884576446891,-0.595722345669543,-0.687052253439759,-0.298614631476004,-0.0017762838679279,-0.256060689395676,-1.06633663400838,0.449416227790876,-0.285812383629223,-0.104261770575686,1.37914234782656,-0.225484362378649,0.857955750481446,0.828210973224469,0.334813737646432,-1.75259029092732,0.250185992952085,0.700704955934416,0.391737278816327,0.514191562000904,-0.409614868158776,-0.346459612432476,0.557824745535275,-0.0896537440233532,-0.0364741517776214,0.0537935655138034,394.24,0,11
28692.0,-29.2003285905744,16.1557014298057,-30.0137124857248,6.47673117996833,-21.2258096535165,-4.90299739658728,-19.791248405247,19.1683273897301,-3.61724178604255,-7.87012194292549,4.06625507293473,-5.66149242261771,1.29295014454242,-5.07984568135779,-0.126522740416921,-5.24447151974264,-11.2749725851252,-4.67843652929376,0.650807370688892,1.71586182428358,1.8093709332884,-2.17581520342142,-1.3651041075509,0.174286359566544,2.10386807204715,-0.209943999130567,1.27868097084218,0.372392714338541,133.63,1,7
11080.0,-2.12548982597957,5.97355569173344,-11.0347272274446,9.00714687170235,-1.68945053397167,-2.85441528535313,-7.81044074525876,2.03086994595841,-5.90282812214984,-12.8409338181318,12.0189131816199,-17.7691434633638,-0.431035658230095,-19.2143254902614,-0.962464574748091,-10.2666091836641,-15.5033921000669,-5.49492764246329,-0.410480977392724,1.49377464554928,1.6465182926595,-0.278484510810644,-0.664841293974353,-1.16455536944202,1.70179641354046,0.69080561470369,2.11974873337031,1.10893340333617,1.34,1,3
93834.0,-3.7656801220835,5.8907352377921,-10.2022676310229,10.2590359766218,-5.61144841660942,-3.23537557925717,-10.6326834778618,3.27271632618119,-5.26890524285018,-11.1821254546586,8.87947566765026,-18.4311310279993,-0.232822027713119,-15.0216572999306,0.141186252914787,-12.1863624982841,-20.1655673800665,-7.05165135326307,2.50082720798487,1.19413732146866,2.24560593428534,0.546320674537693,0.381853427747185,0.382024544024505,-0.82103649456311,0.394355120127285,1.4129609931535,0.782407053763083,0.01,1,2
50808.0,-9.16978982388629,7.09219680097303,-12.3540368689178,4.24306897383907,-7.1764377547738,-3.38661804868541,-8.05801194656602,6.44290866379074,-2.41298660229065,-6.13490688724113,2.82667122820047,-6.30984277729399,-0.623002385785158,-7.27986921938704,0.924233225976226,-4.21553713481175,-7.17167241498026,-2.55033668458713,0.596364320528384,0.816651661759946,0.926156961108813,-0.817706132334589,-0.150434415715838,-0.039383059739641,0.485639753958673,-0.264324608977439,1.1596904600617,0.232758088392131,133.63,1,14
17220.0,1.18978435670385,0.942289402014327,0.0823341450498769,3.02404970580847,0.412406009418248,-0.214414558479438,0.0535578385040748,-0.110353351082093,0.883797757350066,-0.554223900525873,0.154921008931302,-2.77675657494788,1.6412066261065,-0.45607695680899,-1.24041439240797,0.857322735948866,1.70702446635297,0.526349196477535,-0.865104609842214,-0.143434644974988,-0.502635558485173,-1.04739752764089,-0.0567520238885425,-0.340688404752184,0.541235201259928,-0.0983002868955662,-0.0030411199129353,0.049819020358336,5.06,1,4
125716.0,2.02616578772667,-2.29152915626792,-0.147478331034177,-1.44959599049807,-1.89896780479919,1.00665655087199,-2.16901329591657,0.453904821915657,-0.0446532360351105,1.47224546374696,-0.686148080021195,-0.788024446495296,-1.02399633805634,-0.90635347129932,-1.62526459623384,-0.118765839512773,0.342210224911577,0.978173258941165,0.562603385408823,-0.294278084696178,-0.175752933781634,-0.0958245223323075,0.192217255207726,0.0455916917838436,-0.467921863221617,-0.207929365634051,0.0494792216787172,-0.0271447260878745,144.33,0,10
128994.0,-2.52485781461691,3.55952792608604,-4.65843626315176,-0.280522958294178,0.148759025800718,-2.95660026559362,0.177275693425173,0.195317946255935,0.350727556983228,-1.05344602061992,0.324767223703156,-0.485346668416095,-1.16486239196416,-2.87419291146152,0.304694788164594,1.08643297676534,3.7328414905533,1.49087586831627,-1.27096126885466,-0.0597461006125822,0.686587630984263,-0.255092526985777,0.205405304865672,0.0751319534797114,0.140918305927273,0.0751380467212592,0.103934117615914,-0.12797232955741,1.22,0,11
44638.0,-0.763022699413859,-0.380787547562368,1.15500270129844,-0.850704038797292,-0.163031704056704,-0.894341002135689,0.202867479161305,-0.13957289448426,-1.8318581063747,0.666520422902153,1.50376694138838,-0.0228353181501982,0.297952086858446,0.102670783707628,0.078738098230587,0.909422101043255,0.26194366052701,-1.17157780036266,1.90268406683018,0.248226891910737,-0.0907908291143299,-0.479905568988474,0.447943325039012,0.29815100274847,-0.699148576778933,-0.670651029657408,0.0285722109727966,0.208504931232803,106.71,0,12
41233.0,-10.6457996485752,5.9183066586857,-11.6710425949575,8.80736917876038,-7.97550136587277,-3.58680634405361,-13.6167970541448,6.42816934590602,-7.36845129274034,-12.8881582878915,6.85495311388866,-13.2116950297251,1.03561234332246,-13.7789556397675,1.04044835530024,-11.2903278082585,-20.5780220491922,-7.54782411219534,3.11847976563045,-0.0461701790327979,2.57196959291347,0.206809359357246,-1.66780140024191,0.558418754024331,-0.0278978765982558,0.354253781525514,0.273328726801416,-0.152908080809092,0.0,1,11
30797.0,-1.09606861706651,0.830896843492533,0.631920334403723,0.28861095658896,1.47029260916067,1.30185262958605,1.03654983793734,-0.0740461560142379,-0.16027846044428,0.139771916400839,2.49011591405421,-0.0667702893039566,-1.52832402664598,-0.82404821894778,1.32767223495982,-1.0116379265446,1.27551800468991,-1.05893043788492,-1.5186687866472,-0.368652333133285,0.0579322432938489,0.53558326695438,-0.117163086050044,-1.13805370320964,-0.194139057493114,-0.399296872002681,-0.865766261687637,-0.359668672472468,62.96,0,8
51241.0,-0.705119247335887,1.01735681509175,1.05736271044136,0.800508444511267,0.1708559238938,-0.436311043018541,0.572179718948596,0.123437141461111,-0.0813267899766803,0.300290303997323,-0.559660228324176,-0.938465896176075,-1.71465146048545,0.609125847874299,1.48480329616705,-0.560572319320346,0.174587801335514,-0.147864607392616,0.0313917608105472,0.108589680826163,0.0792941056556698,0.446631233463933,-0.0113139545358897,0.0365783372843051,-0.250006757697596,-0.273485986776511,0.53993890064507,0.281044226532651,16.57,0,14
100924.0,-23.9847466495794,16.6978316913154,-22.209874815521,9.5849686202149,-16.2304387891461,2.59633265752887,-33.2393281671892,-21.5600394546929,-10.8425258685569,-19.836148851696,3.22323270290842,-10.8951335063028,-1.52345240330584,0.116303256118652,-3.09880532704263,-7.60642457511483,-18.1082610229766,-7.51186615794432,-1.24328515722898,5.80455066066397,-12.6150228644215,5.77408726884239,2.7502214496329,0.513411099654255,-1.60880380395117,-0.459624387540527,-4.62612660780224,-0.334560720645878,1.34,1,4
85573.0,-1.7567118508365,3.26657425418237,-4.15338789695403,3.92452561357555,-1.7537718434176,-1.0057867792296,-4.31321717578502,1.56071190324579,-3.29567366751075,-6.2133552491157,4.52299197543382,-6.6528440527591,-0.12468523386066,-8.60448620191387,0.110359314846888,-5.94548061159606,-9.33893779428438,-2.39019258818085,3.18415235636348,0.874720103498016,0.911427441871296,0.0530612807310541,-0.367700953962814,-0.776337755840596,0.292093831084717,0.025999713844171,1.0629681996854,0.501148168228208,1.34,1,23
62989.0,1.00983564292587,-0.120528863152638,1.29107352148595,1.17612203582117,-0.764771467334983,0.414633965981064,-0.629256301294387,0.269679730895939,0.353055705929082,-0.0543986598519742,1.56982411188324,1.71195943272889,0.923923106097288,-0.206048931911436,0.0549540595359058,0.0445795548895301,-0.35842304351128,0.0760643916216603,-0.593992931129383,-0.0341406889851283,0.247622139551613,0.868074166326192,-0.0884951465303825,0.269706596445752,0.403352350571244,-0.265000691870259,0.082644217001149,0.0318076866780462,49.67,0,17
53943.0,1.11900578998246,-0.820103424238663,0.286235135485464,0.227146892833646,-0.570508229425195,0.892082439517794,-0.830793759374458,0.328511632202873,-0.776269172729818,0.960734257795021,-0.0144198982908864,-0.423148233681842,-0.767797403839423,0.394933367545249,0.857256770833992,-0.730764454978784,-0.677274452499152,2.14324699550416,-1.03710170736219,-0.401750401104296,-0.199403854395555,-0.336848307538464,-0.180972299900006,-1.22480367007569,0.36239635718207,-0.220149448280377,0.0543302377056683,0.025871968870493,137.65,0,14
34594.0,-1.33758077090035,-0.804091038515311,0.589592955113913,-1.24788832162888,3.75369991477612,2.88273820165318,-0.470550417946642,0.874731475672541,0.0685274949185878,-0.586554196348794,-0.62155737382724,-0.0434155526556843,-0.321572329608225,-0.257972082647074,-0.574110348651508,0.234164982999517,-0.865985942227423,-0.177515450997099,-0.046553495935227,0.358877776934149,-0.227151544534905,-0.918930523461912,0.0095765993607291,0.999349874617281,0.227863596363722,0.006635872301651,-0.166175188590134,-0.112406019012004,10.4,0,9
130404.0,-0.703352007390306,0.212077733100599,0.317932422752148,0.407630715154248,0.909578399757308,0.163239763415664,1.37666358552344,-0.0767243313004456,-0.262927192199092,-0.770071673002557,-1.59095974157516,0.218883864421978,0.479645294846479,-0.120459764168669,-1.06231422950427,-0.481198521663167,-0.417359045658843,-0.0904920270794356,-0.289405239801939,0.294079400001451,0.311850113619237,0.758890652568559,0.0994926563759798,0.425624471874073,0.178481043629248,-0.54716437946948,0.127739236316879,0.198724577386735,224.19,0,12
35659.0,0.86618283706694,-0.954999558065351,1.06079849675364,0.315659141897414,-1.4916748786591,-0.15931358569125,-0.629003796883709,0.211784055082925,1.08472297699606,-0.319489947080742,0.898546506466642,0.741227942542963,-1.24371845271133,-0.089042438518715,-0.877090088564875,0.0882567145638498,0.0373811673021876,-0.0430305899012105,0.637997444387737,0.156724163052826,-0.0915699689691785,-0.431915740910645,-0.0247361417574271,0.586567870680977,-0.0139424934204805,0.900564067316388,-0.0725969136840574,0.0296334353874288,209.88,0,9
71215.0,1.10944452547278,0.445241788699821,0.847896492963037,2.43127561894595,-0.392012968554134,-0.362432674318426,-0.0540813928083674,0.107377474815924,-0.805525172446504,0.87535762422594,1.1670039474691,-0.0110951571639255,-1.42975964683142,0.767774528437473,-0.0060823162183443,0.97621153394068,-0.747034971468075,0.124669609617584,-0.703211904745906,-0.217003091912911,-0.194133099150442,-0.761430987103812,0.166229561827699,0.43988889969532,0.141502477408905,-0.292148714688319,-0.0207862750467752,0.0191761143951314,16.14,0,19
45463.0,-1.47689343619361,2.12231379246165,-1.22946956041319,1.20184879823143,-0.343264387787516,-1.31770390932283,-1.52814215893659,-0.620953383361586,-1.21304032250238,-2.97526724837752,3.53221960237349,-3.68263987014104,-1.15477748628793,-5.16522922685485,-0.240091425455286,-2.40492728839102,-5.67173864053893,-0.99429395124741,-0.289935891439032,0.276893466308702,1.18603560532412,-0.0402148700651311,-0.238930086824211,0.110144325976026,0.0454183699836296,-0.56923231725429,0.481018701576887,-0.0475554426964208,1.34,1,12
38382.0,-0.866903327809735,1.01852624531272,0.860411949482086,1.0259233213814,0.114207657322983,0.25078309289108,0.0877485954325075,0.657919953967335,-0.961842177332395,-0.0085635672431987,1.00222610956213,0.789828186266883,0.308999391967086,0.743681330452002,0.773419021817449,-0.175530082348417,-0.0783372638347942,0.402244498148182,0.634012537255714,0.193906108882588,0.258124610883327,0.680892416727461,-0.0269120010974829,-0.310098807706606,-0.35782865289631,-0.243864657016763,0.320416603213059,0.124778198665056,49.45,0,10
46149.0,-1.34650881762975,2.13243062687771,-1.85435531823997,2.11699770636107,-1.07037837875552,-1.09267135682306,-2.23098606430574,1.03642490791919,-1.89551573571367,-3.36401057980002,2.88704787664695,-3.78445965821089,-1.28890425847532,-3.98562600822203,0.531838297985603,-2.60370264991872,-5.15759639749234,-0.696010004579956,1.28596139472532,0.221918669151309,0.609508181503446,0.202874284952422,-0.0607913872259794,-0.186733353366053,-0.0174012274970924,-0.283751034119116,0.395451049081013,0.233138575967241,1.34,1,12
41743.0,-2.14441147422114,1.0734990949761,-2.77366294436956,1.38439373061694,-4.01547712730958,0.747235431622141,1.52563753547227,0.192987836205386,-2.43186196584916,-4.15583783449678,4.35477463025116,-2.87240010922107,0.468875462284219,-4.55566674751092,0.699671492981511,-2.90114077639634,-4.67466711122835,-2.21362325223921,1.29616504982889,0.668123787084126,0.14465327974064,-0.885681640451265,0.625098628062992,0.0965268919194303,-0.189454895625625,0.532908314019749,0.423044721673666,-0.210266310409715,1072.49,1,11
68207.0,-13.1926709562391,12.785970638298,-9.90665002092758,3.32033688288942,-4.80117593230105,5.76005855618556,-18.7508891580107,-37.3534426378925,-0.391539743919107,-5.05250236713858,4.40680552357904,-4.61075647740608,-1.90948796970811,-9.07271093398351,-0.226074450896345,-6.21155748212485,-6.24814535335983,-3.14924669470095,0.0515761185277783,-3.49304991519446,27.2028391573154,-8.88701714094871,5.30360690376998,-0.639434802306313,0.263203123457008,-0.108876929971315,1.26956635541013,0.939407362758877,1.34,1,18
110087.0,1.93494645561548,0.650677737498259,-0.286957048622899,3.98782809057201,0.316051835129206,-0.0994493763543019,-0.0214831582313935,-0.172327298889228,0.508730034701461,1.07295520625891,-0.427567391481657,-2.777649223895,1.63714014878874,1.5710801214626,-1.44536681818908,0.908649625166723,-0.122016068028642,-0.104109917156777,-1.6840216339214,-0.344452123814994,-0.173601631022283,-0.190973581696087,0.219975571293889,-0.216596550704603,-0.136691885594352,-0.129953649978571,-0.0500768352982461,-0.0510818960798855,1.34,1,6
45966.0,1.17631530217237,-0.0491319451043684,0.348373352934476,0.595106795575171,-0.659667391434319,-1.0322118986192,0.0156780931720448,-0.15430603260883,0.284597831341794,-0.0420952520193842,-0.504105909443705,-0.453121285927575,-1.12762684522201,0.524022609922111,1.18790428433882,0.327531558750872,-0.320566849594863,-0.208297681986061,-0.17338320252532,-0.0829779192385965,-0.0734128574937536,-0.359890518543598,-0.0062064196582976,0.374971619140506,0.301788572337875,0.39228061948871,-0.0576724917994788,0.0183589689759097,66.81,0,12
41305.0,-12.9809425647533,6.72050777097643,-13.4556359425571,8.69861009281133,-11.4795517833437,-2.68151865053833,-14.0192907576919,8.21819051252864,-7.93089996826719,-12.6959474039839,5.58936163192341,-11.9608660326622,1.53867076186333,-9.88721406724695,0.6339792179337,-11.3502438549644,-21.7101876525534,-8.85945192496352,3.62971365041526,-0.84330261969681,2.54962823474498,-0.532227763596568,-0.235096473604284,0.673209169467055,0.22659797207791,-0.0061678581900246,-1.18569550568181,-0.747361321404312,79.76,1,11
44653.0,-5.15087538715536,-4.42065602414822,-0.592529954188105,2.59559578550012,-1.78996103849727,1.76528755457951,2.46348045645699,-0.271586698675271,0.0056358945658281,-0.0889869482049148,1.53427224765256,0.614011433194796,-0.107953681576179,0.17219265446476,1.07587731453198,-0.107993437098549,0.222625608985186,-0.23025359707669,0.483430343577017,-1.33643489625326,-0.338506930465386,0.582447332343075,-0.55629183248553,-0.070305163547486,-0.568385643432454,-0.274214848593013,0.304248950722727,-0.0182023573938237,1219.72,0,12
33380.0,1.45509805247798,-0.277661657001221,-0.188449256216288,-0.755695513599017,-0.44877542848373,-0.626996869556705,-0.501262200418099,-0.146099746307358,-0.758501434318179,0.21433481909792,-0.748271892128084,-0.95029300658049,0.453789995821832,-1.20250073952002,0.934910545909056,1.80435847707799,0.598788058973922,-0.872548055559451,0.838765170216812,0.14969447689098,-0.207247070532606,-0.706490949798294,-0.0075237179219356,-0.675885116689213,0.365304431073937,-0.420764536162665,0.0206149461266938,0.0351340529034906,20.05,0,9
44393.0,-4.61746102917986,3.66339525318756,-5.29744641020372,3.88095965427288,-3.26355091342907,-0.918546733700683,-5.7152620778107,0.831039550183167,-2.45703377841015,-5.72681709632961,3.52572598717089,-6.48911156043177,-1.01279063167124,-7.05231095228929,0.78444540329242,-6.77397674966222,-8.58807007314333,-4.51089174541971,1.14787783834912,-0.34645583270524,2.69817489528664,-0.0270808907137453,0.366775230313112,-0.123011441662663,-0.300456526768528,-0.239996239629945,-0.183463054061235,-0.0733597031884566,1.34,1,12
19524.0,-0.680754654291648,0.321430906503605,2.67068549087746,-1.94357314209348,-0.194176026472758,-0.113569765033148,0.46408030965906,-0.273778671761239,2.71282933494796,-1.51935664208852,1.69323701488528,-2.30228915187593,0.258433220327742,1.08226622995833,-0.545429893061762,-0.144490306106525,-0.157251139885816,1.2299051087985,0.267817333126113,-0.0798811383311533,-0.180910365158302,0.0789649681174993,-0.460076170462521,-0.0746845092980331,0.397484768487237,-0.87668138971288,-0.387578051541271,-0.397057343232233,20.45,0,5
58060.0,-2.63059770314604,5.12575923008793,-6.09225454651378,5.52739306209755,1.60514485494011,-2.31988352953118,-3.20707570564086,-1.48258321071708,-5.07487063178104,-6.77833138248069,5.72525459149638,-6.94917182528041,-3.12779501198771,-11.090424813263,-0.800272569362332,-1.70750085360527,-1.68547301699574,0.274890838662414,-2.02888535240153,0.948863770149954,-0.527474204141788,0.220546094514546,-1.37110989476897,-0.504898994517705,0.382306792598482,0.395527722278956,0.782035950782542,0.62852786395406,1.34,1,16
129047.0,-0.304991382855063,0.659144363088743,-0.202623880806755,-0.167658249417187,1.37567287174848,-1.52488278963294,1.08432941677936,-0.474943686328474,0.0185894700265317,-0.655796988327542,-0.518609527097702,-0.27706293371261,0.24526132825278,-1.16194153379384,0.714577138662739,-0.0584356834404331,0.370717242801646,0.769179185421994,-0.0761321045529789,0.296784193551766,0.268252080956089,1.06774144299818,-0.192590489969588,-0.174152238377471,-0.391174939530939,-0.166290007468849,0.294499415591343,0.0941723810264465,25.97,0,11
68273.0,-0.204078736314975,-0.0566916181610865,1.57751562936927,0.203223721896977,-0.706756859120045,0.879855154089268,-0.334579077028307,0.512685071942977,-1.26818563955794,0.777141213223649,0.912899215565726,-0.834954406016415,-2.05752657005467,0.656278235412668,1.16947994770312,-1.69263930828449,0.297181249072411,1.70276725234302,-1.05285231774167,-0.519849818970392,0.023198992183017,0.444663807964404,0.232546404962601,-0.399035233396828,-1.12614667172586,-0.317210278700343,0.271154161422403,0.200271396419586,76.98,0,18
127689.0,-0.190956644707012,0.545969163293568,-1.7188287032199,-1.70886221581107,3.72214242011955,2.97385110920146,0.874003319588126,0.655887528907137,-0.807387349775561,-0.542910535777323,-0.338000266657001,-0.175824431799806,-0.53469195959522,0.743460161272275,-0.345287509561125,-0.778819176611853,-0.244802277641674,-0.708889874865734,-0.0655754504726222,-0.065827353108415,0.220200861793687,0.607726168404597,-0.287647241697635,0.784590250224564,-0.0119012638959657,0.650072135124122,0.0892691866302546,0.153047207984617,1.02,0,11
75556.0,-0.734303155037818,0.435519332206195,-0.530865546585229,-0.471119606930407,0.643214386605141,0.713832369657908,-1.23457207133269,-2.55141159871634,-2.05772382572102,0.166830707878014,0.567551954604602,-0.85805991589575,-0.448067929957678,-0.264936238828755,0.88886293915465,0.838120616560385,1.42505965449185,-0.169664182600728,2.50202738858443,0.864536120628702,-1.00487737851609,1.15035358786928,-0.152555282700309,-1.38674463324096,0.0047160148280004,0.21914583821982,-0.0582573076118087,0.158047988697071,40.03,1,20
93904.0,-11.3206331107815,7.1919501426236,-13.1790825454686,9.09955188204157,-10.094748875094,-2.44011507020033,-14.1843372950953,4.45250293397358,-6.24196000276902,-12.618162687238,6.05731930477932,-15.7176066468772,0.117817409556609,-8.65374335706751,-2.50255377627617,-11.2313644545234,-21.5851521412337,-9.09089206099764,1.17118873250237,-0.180934725269677,1.08223532776525,-0.350562500439559,0.483043945803059,0.661132920850802,-0.396521511995203,-0.413315388408682,-0.997547797965388,-0.235035882545031,50.69,1,2
98282.0,-15.6347053150805,-17.7536697018848,1.74184533011226,4.51986192926902,19.180524611506,-13.009119488945,-13.4654478888417,-0.404634353054804,3.95524041635421,2.97907667704097,2.34509878852051,-0.636945265079023,1.41188890421692,1.64477764947788,0.152244481501575,0.533780939849556,0.190818270301281,-0.987806018072684,1.45552839628036,-7.03988756844015,-2.79135463281036,-1.88460828246132,-6.46943713369969,0.8733797570954,-0.626474397997216,0.554729524371338,4.27913928719,-1.86944704697472,7.15,0,3
59840.0,-3.21538175967748,-0.364223121381638,-1.26188334354906,3.79494903930385,0.71120593031272,-1.31647560298004,-5.16514055601052,0.625278383544947,-1.582300584728,-3.25263359468289,5.04075120270381,-5.31444220386187,-0.656470662006063,-6.23304367078495,0.974771279276835,-6.8903177453801,-9.51641148491956,-4.36412771489086,2.59857755637223,0.0196261688931224,0.40134124079647,0.152191258747201,-0.93467547449829,-0.256148382367333,-0.469403308828214,-0.282495914081921,0.86607691066145,-0.433465943783225,7.9,1,16
67507.0,-0.402995113928511,2.68118675548035,-2.86427350625444,1.43651017856983,0.646594867287422,-1.70343731683677,0.445440444561721,0.376809866822433,-0.0408343269489612,-0.520087191374392,0.258220582482486,-0.171902669581646,0.710109995634165,-3.48631743859227,1.03627381628093,1.04571118211502,2.81008176742934,1.58910946332454,-0.325220938545654,0.39417930372174,-0.228564250785525,-0.259049175201565,0.124881353911023,-0.45584526046988,-0.191855401853136,-0.382031025340039,0.164509211451442,-0.157245431652159,2.39,0,18
32686.0,0.287952771527529,1.72873464521162,-1.65217304572257,3.81354418795523,-1.09092715391318,-0.984744665624589,-2.20231792699069,0.555087932252191,-2.03389204830362,-2.73415555507211,2.36843367282003,-3.65680265130054,-0.169534683304731,-4.74441333023745,0.765192829294304,-2.47951355643698,-4.93111196829858,-2.54740252736051,-0.90268980289448,0.265250210286539,0.262201510185118,-0.633527564205563,0.0928910102678184,0.187612655556196,0.368708354409639,-0.132474029018571,0.57656075692479,0.309842705461879,0.0,1,9
68990.0,-0.765336654269592,-0.197564404222764,1.23194364579543,-1.39344672562619,-0.342239742993816,-0.921710545659203,0.355962749559708,0.0180690301722332,-1.41201839863141,-0.420143973972898,1.42012220703437,-0.299426913634269,-0.486997547012256,-1.20072013524762,-1.26879092160749,1.41504802507164,0.896238561144162,-0.641047108274432,0.334437902767645,0.322704035765243,0.160886790085811,0.121619675426577,0.136694452633924,0.428174361550719,-0.101766020433808,-0.515183558964942,0.0665193816054953,0.148249103250029,136.57,0,19
34521.0,1.08123377540659,0.416413936043849,0.862918740651629,2.52086280678918,-0.0050205000585141,0.563341022808024,-0.123372251574041,0.223121852791809,-0.673597550149872,0.644549730341658,1.1205051770709,1.23777331256672,0.342362114422749,0.0383719793321978,-1.19450308848281,0.0854063439558358,-0.219143226460215,-0.694259215394403,-0.655269928208246,-0.16524877677618,-0.159387123973102,-0.305154013019185,0.0536197364326817,0.0117614442207135,0.375145782072105,-0.106298753298543,0.0210082653765087,0.0105592082435436,2.03,1,9
103808.0,-4.51734375344642,2.50022390414582,-4.01392753708116,1.18945163355882,-2.48686063585833,-1.41347553285281,-4.24570662259591,1.26508694822894,1.16882778968781,-4.51390660472333,3.69471123994721,-6.11044323287235,-0.110521636054475,-4.18455528093394,-0.93103463417672,-1.61471832598223,-3.35318018239636,0.236762036968587,0.0038960221310578,-1.05616226010439,1.32694422202396,0.102998961106284,0.508166904438541,-0.278017536127694,0.139721094971637,0.0646100247346309,-0.972358289293076,0.351359561196795,3.03,1,4
68207.0,-13.1926709562391,12.785970638298,-9.90665002092758,3.32033688288942,-4.80117593230105,5.76005855618556,-18.7508891580107,-37.3534426378925,-0.391539743919107,-5.05250236713858,4.40680552357904,-4.61075647740608,-1.90948796970811,-9.07271093398351,-0.226074450896345,-6.21155748212485,-6.24814535335983,-3.14924669470095,0.0515761185277783,-3.49304991519446,27.2028391573154,-8.88701714094871,5.30360690376998,-0.639434802306313,0.263203123457008,-0.108876929971315,1.26956635541013,0.939407362758877,1.34,1,18
20931.0,-16.3679230107968,9.22369194937548,-23.2706305232856,11.8447765860728,-9.46203714585895,-2.45044437416398,-16.9251520440555,1.38420847895884,-6.28773594816964,-13.0027093010697,9.69146098207319,-13.8865951585248,0.838361375836116,-13.5170724083842,-0.377910607106286,-7.85568149439455,-11.8038151924676,-4.76102594206856,0.618624412799665,0.993584598744375,-2.34367359429797,1.00460241382139,1.18821215709493,-1.04718376839983,-0.0355727659827232,0.664899774367373,2.12279575423083,-1.41674061492574,1.34,1,5
116067.0,0.949240654782111,1.33351901279168,-4.85540201400676,1.83500588341825,-1.05324529225553,-2.56282606985029,-2.2869856262026,0.260906489976679,-0.895365545923127,-4.54261203828437,2.45371037821171,-4.92519869522976,-1.20041197086128,-6.42437211273331,1.01489749133407,-3.12942132163446,-5.14703878335167,-1.81543652928925,0.520496923051347,0.424608328846183,0.306598169644708,-0.854626651528392,0.101176995923819,-0.281497410249515,0.0244439388949186,-0.107944111820021,0.625288550407281,0.315677390712111,86.87,1,8
131024.0,0.469749517487831,-1.23755547027318,-1.76734061589655,4.83349012798216,-0.268714558636067,-0.512759848060542,1.14014880560033,-0.341272999527881,-1.04635098398312,0.0856615347524881,-0.0001211803349648,-0.0543808429292316,0.736191603337369,-2.30664478783159,-0.464003364440401,1.67272279973602,1.1657365409567,0.561322707439286,-2.3007976756963,1.27731503401271,0.30390531321967,-0.647075252164857,-0.373013646280577,0.260801138202008,-0.496566411774464,-0.245972762320847,-0.117857668735614,0.144774180519932,966.5,1,12
69394.0,1.14043132434726,1.13424300279892,-1.42945474072655,2.01222598912655,0.622800198240135,-1.1529230868157,0.22115947772768,0.0373717733484629,0.0344859259841517,-1.87964382107016,2.19166507997652,-0.487849732811135,-1.75713709936308,-4.46105120749925,-0.402884205654366,1.4109171085787,3.61925125200524,2.28492676267757,-0.443999191918561,-0.0997118777920308,-0.367136001490949,-0.891627120817809,-0.160578066799212,-0.10832596200032,0.668374321480191,-0.352393242949003,0.0719927692746503,0.113684370071235,1.34,1,19
53643.0,0.280596941108535,-2.75386931542688,-0.221216217156238,-0.0262411791403295,-1.60723559259991,0.318628711674663,-0.202987900188168,-0.059379111824894,0.210574934934761,0.132624292187079,-1.9531834767448,-1.04488082316163,-0.778912792107865,-0.597318303154348,-0.923734725457173,0.780144508327918,0.616398906570532,-1.10670279447027,1.23154099569844,1.20835625866679,0.353243692935978,-0.126548065308031,-0.742818987588643,-0.5112773445301,0.516636400687696,-0.0913153476210154,-0.0805718229408871,0.106471755122759,805.29,0,14
127065.0,-1.54904974214461,-0.873453496405489,-0.472958628446727,4.8720381151291,3.04635999697601,-0.0612452143830154,0.808333470365727,-0.483671191275867,-1.71850034472216,2.23168083004639,-1.64493984660029,-0.499154616049066,1.1470383862851,-0.0773840757261905,-0.0989143149432152,-0.586339693591574,-0.134554033328455,-0.149782894300219,1.8506781742281,-0.442166479878673,-0.158571783885219,0.827220116940557,1.67256965249906,0.107067251213667,-0.736400798108965,0.279480530086245,0.170498447588348,0.0527776857882729,10.12,0,11
2119.0,1.26656551032981,-0.401112206457919,0.298575470209927,-0.038422546273544,-0.227703943609317,0.730780349100243,-0.655603380213417,0.231350819184703,1.06941276505297,-0.328740457372615,-1.80521948629404,-0.221989782306221,-0.170305004296518,-0.336717531371403,0.530915550374131,0.162210018403674,-0.24008847730615,-0.265326602742951,0.309264238192404,-0.0687682456886856,-0.0289433481020524,0.140048892532579,-0.220563239142819,-1.22245768751334,0.448998960963053,1.26820859793606,-0.0341864099738805,-0.0078702931822818,23.29,0,0
52934.0,1.03663855772541,0.407227280182074,0.75770616494457,3.16182144737059,-0.568122226356034,0.202180695126505,-0.68980405626803,0.41137993906161,0.336769232300548,-0.283731283967387,0.90311745288141,-0.158825775049249,-1.93070901899978,-2.37665364067708,-1.8101724846962,0.935791272330693,1.59150614830401,1.25947071382768,-0.666806394320072,-0.219461074162075,-0.0501076222906236,0.123760575662397,-0.132567901550036,0.350230553629671,0.507701400813083,0.189620904934317,0.0610156660255082,0.0631412801847289,1.02,1,14
126626.0,-1.02464340409946,0.305537335764519,0.24250656106833,0.883879896476218,1.88351017472536,-0.307883434054048,1.11791797932778,-0.0701580320319121,-0.822425184025105,-0.385301894727301,-1.909312155412,-1.0984700443683,-1.30186519922455,0.713709443739937,0.0825386176281964,-0.877032992803445,0.0358426697294345,0.181488910394658,1.26377027376389,0.316924385649961,0.0859711940848913,-0.0311650753394728,-0.356888197642624,0.0634912316784367,1.2549878544242,-0.179487970585407,-0.0215905780824704,0.066580671975106,102.9,0,11
11092.0,0.378274504006009,3.91479678866992,-5.72687201536627,6.09414095882864,1.69887526405022,-2.8073139468834,-0.591118212837213,-0.123495593086659,-2.53071281390832,-5.15309460989926,4.65408842254301,-7.83953899762349,1.37181858033581,-9.63468971263612,-0.739596855842826,-0.663203945673478,0.891934540534899,0.978675639075006,-2.00547660274646,0.440439440893876,0.149895683076911,-0.601967245529085,-0.613724335539499,-0.403113687819411,1.568445255978,0.52188393400233,0.527937749881352,0.411910405834512,1.34,1,3
29785.0,0.92376442016477,0.34404807190464,-2.88000365579163,1.72168007534123,-3.01956477860235,-0.639736122583852,-3.8013245024591,1.29909588513018,0.864065471140902,-2.89525166830126,3.02816223099618,-2.54917730779636,-1.56043182473423,-2.97131675769274,1.07889539651163,-4.70201182527384,-4.90809850732764,-1.5088732903485,3.0016850593747,0.170871765618069,0.8999311755668,1.48127100376248,0.725265549161058,0.176959582872624,-1.81563797523647,-0.536517111308732,0.489035020411905,-0.0497285787992942,40.49,1,8
41801.0,0.362957970244072,-1.54333653754959,0.24999687982548,1.25258035668182,-0.8533672773765,0.830076616452429,-0.169844480106129,0.220917901433298,0.689485341868453,-0.141965620313447,-0.194272459055472,0.184359894891245,-0.636904178380841,0.152170298950026,0.162082799828223,0.879146936694411,-1.01481056660258,1.28768338565012,0.163921487426125,0.748392304761933,0.354380212908685,0.131731174190772,-0.622933283383267,-0.822802723501062,0.445808765015567,-0.24670789609906,-0.0248032179447768,0.0880188939128175,592.81,0,11
96291.0,-3.55217282034342,5.42646054559111,-3.73181031980956,6.67906180701896,-2.18754337884152,2.43394023761172,-8.74811035885579,-12.1082840970182,-2.8563585144669,-5.66586179854092,2.54083553206878,-6.14705358343033,1.79689064160126,-4.32898899462283,-0.150037374792615,-1.83900466547168,-3.35463814070962,-0.282307261175205,0.148592393859995,3.79266672675409,-5.68899027177143,2.51097955615894,0.953932861684676,-0.542506228224687,-0.620152015985956,0.406012866709306,0.0230251633862463,0.164740605977244,44.89,1,2
40086.0,1.08369268125484,1.17950120574809,-1.34615039129229,1.99882440095464,0.818034176163642,-0.771419407716543,0.230307373480955,0.0936831311994367,-0.167594341704434,-1.95980925751416,2.80433477984687,0.312424168769405,-0.595976467281167,-4.66257695501824,-0.299515020029103,1.00141391934549,3.90282478361756,1.61960922680862,-0.888087464222472,-0.0601585380014646,-0.311999618117422,-0.639699711353317,-0.120249014807271,-0.180217694458199,0.609282565276013,-0.339524442352566,0.0967012906089022,0.114971915513805,1.34,1,11
56806.0,0.0168278084833761,2.40082554709233,-4.220359820602,3.46221746352071,-0.624142188342754,-1.29430258598001,-2.98602831443748,0.751882724799937,-1.60667229891344,-5.97492543825504,3.26492215161104,-5.09503162409832,0.307807541258315,-10.0181060613614,0.273282636641356,-3.56253351747421,-4.37710568381017,-1.79263494349375,0.0802807729992116,0.590418382570863,0.285831617664336,-0.771508088806938,-0.265199774294598,-0.873077150100989,0.939776315964547,-0.219084743497804,0.874493632152321,0.470434221788752,1.34,1,15
122016.0,1.22379721951391,-1.48151454323127,-1.45043671037197,0.412710924913367,-0.42512444656025,-0.476563720023317,0.490114565711059,-0.254603339800055,0.470991935941671,-0.134448485997911,-0.570715414162186,0.341793645943988,0.312884296685754,0.399212942435214,0.994943015495185,0.48819188393556,-0.57804044452696,-0.743713980068036,-0.130765322586678,0.714696586593134,-0.204259532761785,-1.61270677041541,0.198119816637364,0.574732224641917,-0.857255063386372,-0.0488964696698608,-0.150768012124085,0.0326129016583692,583.34,0,9
74855.0,-1.04237505662006,1.11244763792978,0.702174035611398,0.104372260048907,0.311634091280257,-0.676081003780119,1.17821645967059,-0.900360869740826,1.28127392931568,2.51136334675137,1.7688448102127,-0.2444079692193,-1.04588246749289,-1.1983575975047,0.74094420925603,-0.0195283056719658,-0.522693254751714,0.368547766042349,0.689180942191829,0.529534574217599,-0.496633929885641,-0.203019539728325,0.394551889366413,0.24636767629363,-1.28051497834328,-0.151445348610538,-0.0995708099076782,-0.457333519518684,30.04,0,20
81372.0,-0.88525408859895,1.79064923163963,-0.945148961205205,3.85343274655953,-1.54351007486649,0.188582114329739,-2.98838275644296,1.34405855095688,-2.29453470924744,-1.88617599041763,1.90428359307622,-4.00241403073237,-0.936955588407958,-2.80191542309724,0.798328052783254,-2.34873992555213,-6.42673430721498,-0.827308425201024,1.73238175785046,0.370040520565647,0.746159905151139,0.550802011985416,-0.0348823420887786,-0.56760840448119,-0.528317952733951,0.258782456503747,0.506892694941992,0.176735548819463,10.12,1,22
85059.0,-1.0678234303643,1.31071389730737,2.17332704025252,1.98852008766601,-0.495968523320282,0.370377310834657,-0.0084802532414833,0.415188141469591,-0.648187425032034,0.56313821796028,0.651438543675026,0.485837263717836,-0.403678546457734,-0.17681067816669,-1.31774418826317,0.489433623631161,-0.451156518585253,0.478701015469565,-0.480811968161181,-0.197726930479305,0.253825109000656,0.707895732367654,-0.213369309191671,0.54244778211005,-0.0396542148759578,0.0139748251739285,-0.619909738401974,-0.231933588488304,11.61,0,23
126932.0,1.70989974360303,-0.538187856619452,-2.29128872162113,0.0452992775174615,1.05900153342859,1.25143005133698,-0.226258883868679,0.462570955947248,0.966652020893524,-0.875998245654526,1.03897081572828,0.281013134434526,-1.39048768138259,-1.0937568524338,0.192367255380656,-0.350551145791968,1.56875881545802,-0.337176331126321,-0.4277616099397,-0.0855105457542849,-0.125606222975364,-0.353191999008635,0.131449909144569,-1.10310526680848,-0.277988034320634,-0.0137750519371641,0.0076392926865937,-0.0237941136542283,149.68,0,11
84694.0,-4.86810843844627,1.26441977404559,-5.16788542660662,3.19364784504611,-3.04562137708228,-2.09616609885545,-6.44561018266068,2.4225355920307,-3.2140554159387,-8.74597261185534,5.41604190908794,-8.16412507731485,-0.165010607208302,-10.1935303551514,-1.89521031032574,-7.36047460938421,-14.6687710766351,-4.87711900477519,1.38560952778492,0.66730977994879,1.26920538901712,0.0576572516592633,0.629307399675982,-0.168431773502721,0.443743902404587,0.276539471570389,1.44127396787951,-0.127943726430018,16.45,1,23
76867.0,1.08256623409747,1.09486151295003,-1.36702004784737,2.01255429562949,0.708142047645968,-0.807712094137058,0.151952109111841,0.158352530916403,0.0098722842273316,-1.92527812380296,2.60593702345612,-0.309218873424363,-1.76754891562268,-4.42919458671376,-0.171939794624445,1.05551393649543,3.9705869371836,1.76224857169611,-0.880812102847679,-0.135789404251701,-0.32528376499397,-0.734343617700577,-0.106725343342181,-0.224999064492694,0.569167327221417,-0.33503264926341,0.0891401408869493,0.11233722000597,1.34,1,21
78509.0,-1.39777471710591,0.574989734786312,2.70694767838885,-0.572228012821638,-0.719993272131834,0.250156394644539,0.449594567542759,-0.415065884945144,1.34628323888719,0.14541935965083,-0.352984061809754,-0.35365440785874,-1.25677141865749,-1.07561099221649,0.0199155370186472,-0.82582131783616,0.402569985743991,-1.00301250593677,0.278068305440782,-0.14526098820267,-0.15908208501363,-0.18254298412571,-0.237184178184522,0.449642714362965,-0.248254508692388,0.843285519337056,-1.23156358938351,-0.373432467971728,62.68,0,21
25198.0,-15.9036352020113,10.3939171427504,-19.1336024646827,6.18596883540498,-12.5380209157442,-4.02703044708406,-13.8978265981985,10.6622517826007,-2.84495398482036,-9.66878891236125,7.39441941053863,-11.6356300484755,1.42327692545531,-8.64045910049478,-0.674719538892936,-7.69556878829619,-13.6841395944616,-4.77740603940726,1.26834277321029,1.50156541071894,1.57754822493456,-1.28013712313136,-0.601294526869194,0.0404039214626868,0.99550197117886,-0.273742711729157,1.688135896398,0.527830799573719,133.63,1,6
39323.0,-0.268185357568909,0.663804381081628,-0.142914505038463,-1.17149218911307,2.57256452274796,3.35449171845163,0.169212970318337,0.845416272749794,-0.642389639918538,-0.407942461313474,-0.316760182694634,-0.33939482272515,-0.0660907833093387,0.341930535280076,0.925720502285825,0.3882394923506,-0.873848020666045,0.396952679472024,0.300144107671187,0.0710952982873126,0.101490512662011,0.158730018856479,-0.240606043628279,1.04404065453216,-0.06615956816872,0.358750076167923,0.0930492253271424,0.127666094974481,2.69,0,10
34635.0,-0.438536347132843,0.876662275698265,1.19582876297423,-0.385666835391979,0.505422143187975,0.356091812377836,0.460962263616328,0.313552681073997,-0.491073884610656,-0.165047174858398,0.65529314135421,0.0590453601492601,-0.66516237688283,0.463874462165532,0.540625082031542,0.378303157936663,-0.624233035224031,0.0542121741980636,0.261581648715134,0.0552204968529203,-0.21172733714851,-0.580189405218086,-0.0985742546268625,-0.847851039126302,-0.211640654589305,0.137218000065059,0.27214419497099,0.09736283215894,4.12,0,9
64933.0,1.20366000869158,0.304884325283681,0.347437442086945,1.23098712070805,-0.001684531505763,-0.109264301446534,0.105302388526271,-0.0496812508274001,-0.118198798397841,0.0579059174961308,0.841560774714809,1.64386871772483,1.02921690058301,-0.020131835593708,-1.15102232545588,-0.192699254109538,-0.453818927570906,-0.0698327654112289,0.400454715599118,-0.0768073002924711,-0.090733184917173,-0.0202181128265415,-0.152678024399894,0.0500608337619571,0.792717428515104,-0.342398116794144,0.0281715251582066,0.0071114058250052,1.34,0,18
28143.0,-27.1436784229495,15.3658043803315,-28.4074244550982,6.37089534679314,-20.0878775718571,-4.66631306343841,-18.7094788213717,17.9035743750222,-3.72227873753244,-8.12096173759343,4.41994345577668,-6.21094112120869,1.06383739513242,-5.84352838067721,-0.108836449172905,-5.60659732565665,-11.7562556050179,-4.71494676131661,0.783577593799492,1.70388764553958,1.79682638880552,-1.96097371657716,-0.90224745220798,0.144011442167384,2.02438803943008,-0.204214065769385,1.33215305903359,0.385890728011147,133.63,1,7
8886.0,-2.53585211738111,5.79364414692454,-7.61846283574893,6.39582974649419,-0.0652101046678037,-3.13637196409103,-3.10455736262141,1.82323263760971,-3.87865758023391,-7.29780335001461,7.07166913682445,-10.001046368327,-0.207934540884304,-10.8606980453666,-1.69082504118249,-2.36085672411086,-2.76009701528795,0.29810341564323,-1.38555780172735,0.408704184487524,0.716719907055995,-0.448059938458541,-0.402406878680357,-0.288835222564699,1.01175223958707,0.425964621387216,0.413139555823146,0.308204656968305,1.34,1,2
77715.0,-0.816380205571813,-3.85495963573823,-0.470115438302759,1.06773920154461,-1.83662023783809,0.579133736047666,0.716596854414693,-0.112803179134884,1.19096424790218,-0.869060232502562,-1.79627318129954,-0.133344685524407,-0.434748594725581,-0.215644201723517,-0.0542838480086321,0.3805284806056,-0.152356363522258,-0.00330866491653,0.421681889897855,2.10282432562894,0.349726214830838,-1.22755135025327,-0.982789128567601,-0.46880533490358,-0.153762229007072,0.857565968324171,-0.242218515767407,0.192103176800747,1456.68,0,21
41164.0,-5.93277795485543,4.57174320411303,-9.42724692838332,6.57705643811276,-6.11521812544893,-3.66179789602346,-10.8940785545016,3.70921000751656,-5.85952387304171,-12.981619145004,8.26529460055417,-14.1541653609607,0.479842781966758,-16.3375959447735,1.64604527960375,-12.3753974432385,-21.090612716108,-7.7245457358645,3.85637474254372,1.19107830456005,2.01427156558263,-0.167416617986259,0.0499675298711021,0.384429719031746,-0.0778835668224832,0.56549290579318,1.79201191700266,0.371007021212136,7.08,1,11
77202.0,-0.356326154090313,1.43530513012275,-0.813563965472736,1.99311717679272,2.0558775401316,-0.54357866590526,0.487691066602944,0.0854488054265826,-0.536351998021526,-2.23120932812687,0.273983570211148,-0.535839387011391,0.595677221650834,-5.14182349291966,0.732366764261792,0.623912780633594,4.09098324669186,1.63408402811385,0.26084733041578,0.303261648412104,-0.312862941766726,-0.687873797330169,-0.267002508610821,-1.15848006325515,0.271459963711122,-0.155397186179697,0.114328416432227,0.101525594435204,1.34,1,21
53031.0,0.206075454303215,1.38735982061524,-1.045286987034,4.22868619369076,-1.64754917421782,-0.180896946218666,-2.94367757476862,0.859155533266087,-1.18174300683428,-3.09650359868717,3.20091235546057,-2.45083242908802,0.316619878616412,-6.39717031528651,-2.12972836543767,-2.42737307534442,-4.44847225233098,-1.21222044988735,0.0346554556282822,0.351484399563241,0.46919942584802,0.344930464195865,-0.203799378001586,0.376640378487856,0.715485489514387,0.226002880910544,0.628544616302757,0.319917987612491,1.02,1,14
35585.0,-2.01900071938148,1.49126972926361,0.0052218157286719,0.817253270463702,0.973252233873376,-0.639268312778292,-0.974072997078786,-3.14692889107659,-0.0031590736890201,-0.121653217684609,0.0243696057661544,-1.07381224038496,-2.00276910919169,-0.895433620751722,1.74893630108012,-0.103527023620705,2.03119574973193,0.31759835677742,0.38676063692414,-1.02996468249782,2.83959610796444,-1.18544284096841,-0.142811875801854,-0.0861029384113329,-0.329113253522425,0.523601226377288,0.626282771397878,0.152439938058669,1.02,1,9
37167.0,-7.92389070083426,-5.19836019923329,-3.00002392240282,4.42066620155728,2.27219396451756,-3.39448342909715,-5.28343533467969,0.131618922476372,0.658176428693037,-0.794993881662565,3.26606601582438,-2.71918495125522,-0.124103963275087,-5.274865818881,0.638575002552638,-2.99583037811248,-4.69843344927136,-1.71187122467509,3.02526099185501,-2.16981089222224,-0.734307916555449,-0.59992625988411,-4.90830117586834,0.410170234644792,-1.16766024989313,0.520507647303451,1.93742140287106,-1.55259283870249,16.45,1,10
84204.0,-0.937843305478391,3.46288948991687,-6.44510395393435,4.9321986662268,-2.23398306982245,-2.29156112129773,-5.69559392853253,1.33882463362261,-4.32237655329329,-8.0991193981365,7.18296700883659,-9.44594338249901,-0.314619967520224,-12.9914655817567,-0.136358931959623,-6.36752437517144,-12.7343938853776,-3.84512965889743,1.00766725992114,1.12953228130351,1.06655024941577,-0.521657289347299,-0.319917292909547,-0.405859088093617,0.906802159957716,1.16578389011737,1.37449533233535,0.729889341911333,0.0,1,23
71118.0,-1.24460391785352,1.20501170373148,1.23085654719209,0.46610927103777,0.0479251402363475,0.497258520179795,0.194533521055023,0.622205940467531,-0.80737091669695,-0.194031220715175,0.130650870405076,0.359125831862068,0.302899421977327,0.535382969056583,0.771592983936773,0.651019403428769,-0.770351481509451,0.970885466250963,1.22112042220534,0.139156379739141,-0.150392319584985,-0.555699597879437,-0.174005754148697,-0.870383785574361,0.349464388286146,-0.425851536433425,0.0969088556344502,0.0460836651229313,66.81,0,19
125432.0,1.04246830954305,-2.0804154299024,-1.12433160104543,0.306724738061619,-0.789364218833461,0.504963424891208,-0.116283608775907,0.0408884370331112,1.14582921611938,-0.291020717598043,0.416199498135222,1.25420479126978,0.705600513208196,-0.0492488886519509,-0.112124078140934,0.489719280076073,-0.906190004609319,0.835777174511943,0.183814153132508,0.880517373052554,0.499504388324667,0.530410301264755,-0.334918867049473,0.361388996885307,-0.285461359280632,0.0452083593529852,-0.0828750963418721,0.0371743286939652,668.2,0,10
72824.0,-1.11149523246612,-0.257575207100777,2.25020963478583,1.15267090326627,0.432904474488939,1.25412602800986,-0.58416279009186,-0.609681605347911,1.01460246273104,0.334532824069685,0.82637484441332,0.196886900487791,-1.88599349809323,-0.472025637126337,-0.578141395688259,-1.24300710102788,0.570459827436018,-0.159056766164096,0.407187527410462,-0.510613591931657,0.862912790109336,0.927825035064447,-0.343058085886885,-0.256268230425974,-0.600742165862083,-0.18033128765631,0.0267622260788268,-0.358335321215398,60.18,1,20
41353.0,-15.0209806030789,8.07523975163174,-16.2980905380446,5.66482005292134,-11.9181533731348,-4.24695712395156,-14.7166675516611,9.43508432139337,-6.7953981269244,-15.1241628144947,6.03766622940467,-11.6767222367813,1.32697878633103,-12.3816058947985,-0.0716392778020956,-9.48414337021449,-19.6718814509262,-7.64327282087749,1.16906441801605,-0.995786857833133,2.52511546344786,-0.832074336953531,-0.186116823393738,0.429780833741005,0.697102812320081,0.0560310740941657,-1.31088762047629,-0.707402991270252,45.6,1,11
45951.0,-1.81828801951384,-0.0256560093188705,2.15416705355513,-0.530868937743605,-0.956658853816627,-0.853732348009398,-0.160068633684136,0.576250526744133,0.154458301877013,-1.11890854855408,-0.639655146870266,0.237164610704196,-0.015399084774837,-0.133860581071565,0.136009307891634,0.53120498402822,-0.151031782539447,-0.0285648478209502,-0.677636707345141,0.368423072604301,0.249102186871063,0.369849148566149,-0.0121945109687859,0.781939374435806,0.289110097083613,1.02529542648789,0.078709072268364,-0.0325186183335616,139.79,0,12
110617.0,-1.10103546371767,-1.67492805871463,-0.573388195590639,5.6175556662941,0.765556412634615,0.440607080848915,1.93474047501363,-1.01978754945585,-0.19324423129657,1.7837390603636,0.606910821999133,-2.85427542751023,2.37947304553589,1.26814661675691,-0.28361908940932,-0.482192055998123,0.8110054093379,-0.357910684579857,0.752760921550722,-0.0383141473363703,-0.412525822025647,-0.208823118913215,0.344832725150856,1.09143473162108,-0.686512742633337,0.0758089204336296,0.0338647378770195,-0.83285502022751,848.75,1,6
4462.0,-2.30334956758553,1.759247460267,-0.359744743330052,2.33024305053917,-0.821628328375422,-0.0757875706194599,0.562319782266954,-0.399146578487216,-0.238253367661746,-1.52541162656194,2.03291215755072,-6.56012429505962,0.0229373234890961,-1.47010153611197,-0.698826068579047,-2.28219382856251,-4.78183085597533,-2.61566494476124,-1.33444106667307,-0.430021867171611,-0.294166317554753,-0.932391057274991,0.172726295799422,-0.0873295379700724,-0.156114264651172,-0.542627889040196,0.0395659889264757,-0.153028796529788,320.64,1,1
102676.0,-5.55212217135236,5.67813391258695,-9.77552798040134,8.41629539413803,-4.40984381923171,-1.50623535484733,-6.89983879692634,3.75044289681131,-3.8797925578861,-6.86416435989436,7.05106508958574,-10.1375291936462,2.81543981456255,-9.90916805374299,-0.262229551498562,-5.02255717747726,-8.52297487191683,-2.01293906157489,1.52573244095261,-0.0647801372282915,1.12847223060537,0.228484046768752,0.286257667302864,-0.536294098099933,-0.104924889157331,0.420919229293903,-0.297556884880609,-0.946184387308798,160.02,1,4
60695.0,-2.74634955746374,-2.29553494548401,-0.741728737659073,-0.266211093697885,0.894220512640164,-0.895027247403568,0.635016556140512,0.59997397089738,-0.670697228543743,-0.705140879976914,1.28978508372014,0.634357105608281,-0.784485928935718,1.22749394486412,-0.0647126161345935,-0.117625329420784,0.064029411131223,-0.663747025318735,-1.06695499876666,1.16632484993437,0.634924304416578,0.430018489700174,0.945117630700029,-0.266883374550415,-0.954120171310443,0.754661389686977,0.164051185851603,-0.128808291986144,479.77,0,16
118563.0,-1.67124184724672,-7.31325341062509,-2.69829591885212,0.66749099624976,-3.02120405462146,0.248089109155487,1.53297030188366,-0.518638183076029,-0.0973854545073176,-0.171683252853369,-0.779180162625797,-0.744009914247834,0.0657719882038397,0.137974254827779,0.922658627586751,1.76132620582719,0.0451673248403475,-0.804662242301971,-0.131028491237611,4.01771294142219,1.23397240668372,-1.04791749778286,-1.35035490469491,0.794467558440414,-1.23251250345125,-0.680532853955534,-0.369819708571271,0.313234979307158,2672.8,0,8
128052.0,0.127473529426494,0.809447389676395,-0.0795048958561153,1.1771205273411,0.732404737832894,-0.196856244034711,1.05726357783973,-0.239130914061083,-0.836195558497944,0.105313848135824,-0.904610925083492,-0.344060869413852,-0.180917178212478,0.569226907884532,0.88149963863424,-1.70109676619327,0.906911949992762,-0.284485659348975,2.8292578684337,0.325762545511877,0.107859558928188,0.449768201022812,-0.0806037258086007,0.749341077124073,-0.334967078445813,0.742716942817264,0.139641437365635,0.179744876641023,66.21,0,11
79604.0,1.17383101987565,-1.66045544713161,0.75373577352681,-1.0995549708857,-2.27437373890008,-0.966813199866763,-1.13095409616116,-0.125469130703804,-1.43280137145202,1.39360383701291,-0.450724844299949,-1.50859911215897,-0.787172029163512,-0.175600014918784,0.983586785057302,-0.161098339093097,0.573522868321175,0.397671601886612,-0.605158428951152,-0.0988563386628709,0.0397452788736947,0.108253979179046,-0.0809437322522286,0.687506893904711,0.19442078282786,-0.136046786956212,0.0140756897923649,0.0549025212977977,224.52,0,22
25707.0,-0.581129586000119,0.762661923284486,1.02623945480585,-0.892551145060941,0.312697925731837,-0.689003879485002,0.864338414623278,-0.137850467690005,-0.737986641689679,-0.369190260426843,0.984230213539562,0.381876902360912,-0.169284015835815,0.45320543216068,0.0205756741102383,0.164844255818932,-0.533446905378336,0.158147540526815,0.78328092530446,-0.0206787500759583,0.048472061397202,0.0588351128168059,-0.265069187467606,0.0709035638636722,-0.111280476404801,0.985472100436363,-0.119795996850986,0.0658687586624845,36.5,0,7
120812.0,-1.88942937973431,-1.06961863047779,1.38018197140339,0.207097101175124,-1.36271762408544,1.51153862075329,-0.0006957609434585,0.0325746555158888,2.26988498230776,-0.279624752361475,-1.90010405488754,0.328983292849584,0.0994429529117638,-1.71490097559813,-1.41675278782936,-0.247346022654999,0.0280632952129876,0.0148633521366779,0.652733431245047,-0.777324359580402,0.0340856586691848,1.07169215690902,-0.0812399773656665,0.749612594837418,-1.07037375678327,0.59701974534297,-0.637162462723818,1.06621554635906,337.15,0,9
45171.0,1.16471805076239,-0.416497967460999,-0.658023558640697,-0.476989782485951,1.5764504162414,3.60854096982179,-0.912949664753997,0.941046519880219,0.30556031931477,-0.0586170901842033,-0.114677674224267,0.0641879323328446,0.169548151830445,0.151840205257259,1.49522853537524,0.925232651350329,-1.04694282902347,0.389022783271893,0.0041205453308752,0.155399718112515,-0.0662655208274485,-0.451418296550894,-0.0116930435647016,1.0201198479523,0.309983319792342,0.259385540968861,-0.0101637146050537,0.0304355424850321,84.11,0,12
65936.0,-3.5934760029271,0.78144226309285,-1.82244751422669,0.605760683474701,-1.19465586719981,-0.517194856719497,-1.72252312325165,0.128889523769538,0.0149633080909052,-2.85611682977408,1.61826162043188,-3.58137450130299,0.623706919914784,-6.16045662030601,0.494733399107095,-2.54310504010287,-5.30127339068683,-2.19271270602319,-0.09472379272847,-0.478219313417121,0.351792125839819,0.391248950287018,-0.252874890557857,-0.498042480147132,0.0101721931231225,0.909928721553306,-1.47876724603751,0.722673039450917,135.64,1,18
69907.0,-0.947837595114808,1.06943965204714,2.17642394768709,0.947602821029061,-0.886405171871854,0.293980403046031,-0.449911959469875,0.823581987664584,-0.106032748236664,-0.365919112093996,0.600638266282657,0.739504362555877,-0.435525862212606,0.151090135027141,-0.332088046935629,0.0278405050715632,-0.0294296795454496,0.774644327419358,0.905321981372305,0.0247563821878675,0.0570479453574302,0.307913085804344,-0.159907617464581,0.330308587342655,-0.0162778075386906,-0.325368045379642,0.284745168024323,0.114514549908131,1.34,0,19
124610.0,-1.33145239924965,-1.06225376984073,-1.46022399976662,-0.17957717132762,2.01081054032211,-1.97162065735043,0.292416599210376,-0.188305389251246,0.272406479833201,-0.242378385822628,-1.71696890620805,-0.11034215119235,-0.159436770004373,0.757364210919596,0.18415946066133,0.0633618110735609,-0.832955505560981,-0.0746108897043249,0.0763246304301059,-0.339460035924179,0.0500391880024258,0.083325155603069,-0.32229198603584,-0.680504402290534,-1.98322403158936,-0.849226279447578,0.237421977707945,-0.39364789690916,49.13,0,10
118330.0,-0.158285047211564,1.30834655284436,0.940190315771342,2.0461728082534,1.74271882083042,0.876050331016199,1.15369039984717,-0.0273773394181012,-1.70864414017678,0.924801609497272,-0.147100168666801,0.267339009593059,0.670265951847767,-0.19495176109243,-2.25099569534597,1.32599123558371,-1.75860025661456,0.287628127141783,-1.77022425216279,-0.148392250331189,0.126233488350344,0.486856775544226,-0.158165958226295,0.171753709720546,-0.663258154619802,-0.343005659416223,0.0168396163186709,-0.005524848900392,0.01,0,8
80467.0,1.35797687663797,-0.218897369603147,-1.23613220985539,-1.24746059434876,1.90856824570487,3.10363421621014,-0.604405600822724,0.763040569227398,0.118429429557968,-0.129435477453663,0.0094407336291287,0.0406326344853699,0.0628831021423852,0.374903029551473,1.32277484774348,0.581774241353898,-0.803982675311421,-0.0542640464948352,0.444092329047551,0.0514288281767358,-0.164295170762081,-0.602281202830673,0.0117919397175261,1.06380507174792,0.401008279359105,0.975944084017119,-0.0810746031999887,-0.0034485672243071,1.03,0,22
125658.0,0.224414466674279,2.99449857558056,-3.43245819570533,3.98651893184362,3.76023294891974,0.165640145963465,1.09937770884947,-0.654557103379097,-2.43541565257984,-2.27673307339047,1.84607851719332,-1.96119460001748,-0.851166387195622,-7.12231638408937,1.01960490036808,2.13101467212875,6.44364914460203,1.59253819138457,-3.68190355226504,-0.20084628074101,0.491337124801356,-0.984222622736636,-0.421979358037133,-1.0480578940284,0.726411519627846,0.26862463804569,0.283689474052924,0.419101636371901,0.0,1,10
93965.0,-11.3977267217611,7.76395304621262,-18.572307456296,6.71185525207739,-10.1742155991554,-4.39591833120843,-15.8937882429266,2.08301258152135,-4.9888371802491,-15.3460988468775,7.09318207259894,-14.9797547574476,-0.148288045224015,-9.93567958156078,-1.16199939019334,-11.6468338293624,-18.3838524599849,-7.40273080415809,1.94169681013401,0.208879130047717,0.339007373241803,1.34292261443867,0.239217367154604,0.534644166424257,-0.174964905765612,-0.500240426616998,-1.72206026726614,-0.574339363297002,15.23,1,2
88672.0,-3.85988078691481,2.63288131193679,-5.2642653095088,3.44611314661501,-0.675231056544998,-1.90495945391597,-3.2910408690196,-0.985766040904484,-1.16811416733417,-3.93629417027159,4.25656448730292,-6.60065448140166,0.0056263764660214,-9.9585309187018,2.47135790380837,-5.7001414199952,-6.38809273753128,-1.83815930102503,2.99317350708135,-0.178626358366056,1.66411901528299,0.785075271950043,0.0684124857414983,0.778960915978384,-0.863165919910699,-0.0068096144164965,-1.06573404007904,1.77332644564776,1.58,1,0
70895.0,-0.780835445294871,0.0710366856333508,1.69890784402492,2.48516764692728,0.578159930533628,0.181321438901845,0.611287844523574,-0.0467457346109292,-1.32170258569487,0.869133309876698,0.746183715058303,-0.0109220346367082,0.0379888765995171,0.157614525633149,0.240240989433077,0.490525258504323,-0.797217244062693,0.970404421717787,0.330575645958283,0.568332134517839,0.408490285061689,0.930567279570438,0.168065478577786,-0.0019346503115001,-0.373924745341674,0.171160739654681,-0.063033265189736,-0.0415075054871367,186.56,0,19
102622.0,-2.87717642607719,4.56964856472544,-9.55306876711684,4.44107935434428,-3.65396138652409,-1.87798085259887,-3.5143534876061,1.5476079597065,-2.50330396990855,-7.57563437993936,7.00213577397937,-9.95919399367656,2.12207206066581,-8.88487177224851,-1.64485747819635,-7.18992618738758,-10.4451050316273,-3.2719075376306,1.48227743472618,0.105615110186545,1.27289634389685,1.30026844858483,-0.0039501335186852,-0.36084777781177,-0.597525997544942,-0.390901228489311,0.592196918920005,-0.241010152850381,463.65,1,4
36042.0,-2.53456245540956,-1.46478066772809,1.49590694840711,-0.312264891455662,-0.0504614060802173,1.41372423520447,0.178299651975667,0.585606489390435,1.42038902454447,-0.560208960288799,-0.118313771140299,-0.0113879887299516,-1.52442334228588,-0.680273408166286,0.0322273639298078,-1.3696758508078,1.2376870414296,-2.23759415767567,-1.7024217076156,-0.734956338897111,-0.0473956558619728,1.30708939877938,1.26655098784638,-0.571409984381778,-0.450128084071851,1.10031995143294,-0.0192255446935061,-0.383080504205452,228.18,0,10
94362.0,-26.4577446501446,16.497471901867,-30.1773174564996,8.90415677106517,-17.8925996927224,-1.22790388102871,-31.1973285494605,-11.43892041491,-9.46257260540015,-22.1870885620007,4.41999660154863,-10.5923050053728,-0.703795803703315,-3.92620731586873,-2.40024649210124,-6.80988994039049,-12.4623149481086,-5.50105078380738,-0.567939572890149,2.81224110932946,-8.75569832116533,3.46089334478551,0.896537503959012,0.254835536763482,-0.738096558530353,-0.966564233789852,-7.26348214633855,-1.32488430656137,1.34,1,2
26833.0,-20.5327510764355,12.3739891389716,-23.0090029136283,6.14482097803751,-15.5872960035928,-4.38449066917613,-15.9390026942523,13.696416119399,-3.94845491908543,-8.78972336330438,5.61234710799626,-7.91442236630349,0.307819968365149,-8.32860088836825,-0.0069792945896379,-6.82452417207669,-13.3160791903173,-4.9216120866876,1.18820420779718,1.59275393136331,1.75460760918813,-1.46611525253641,-0.85677863566488,0.125776576475404,1.40258698975375,-0.223754856770293,1.57424873519633,0.469200693158523,133.63,1,7
59355.0,-0.478801180383891,0.750290672797495,1.14238095656249,-1.06960291360551,0.148232538418255,-0.877926910879887,0.698251379367544,-0.046333767454335,-0.041612086856734,-0.536652296527589,-1.06223169943406,-0.541467490458964,-0.511479898063948,0.135297626918672,0.487466764099419,0.579523794218043,-0.717947690006878,-0.142621814024189,-0.356880996688975,0.0343949930956024,-0.0537462458033766,-0.119613655987165,-0.102411682724619,-0.0864624648424418,-0.395748971379385,0.785509603454031,0.27559470648643,0.191257060155873,13.36,0,16
18399.0,-14.4744374924863,6.50318451651946,-17.7126323688621,11.2703523334822,-4.15014206409808,-3.3720982088695,-16.5358068114174,-1.4439469925952,-6.81527289964437,-13.6705451263516,10.5452629545898,-15.0226996343749,0.171633085144947,-15.0663743633461,-0.259575939555838,-8.6687392723375,-12.8041408991277,-5.11662049533788,0.579200358016368,1.10124987016838,-2.47596222945688,0.342390706034285,-3.56450803816097,-0.81814019000188,0.153407682695978,0.755079460824454,2.70656616161759,-0.992916047059418,1.34,1,5
53982.0,-0.751241489151973,-0.215505989035051,1.05640766215478,0.275077219376909,-0.946117341975936,0.0616457522013837,1.5138653935799,-0.172013012600539,-1.79799501657219,0.0406397363139729,-0.447650348351151,0.045130815362114,0.49276973361624,-0.0158285054302881,-0.177861605912542,-2.33501636147244,0.51416445352892,0.583599525075653,-1.2818032538157,0.101649621418673,-0.0938520491031696,-0.134020363808617,0.511452498259325,0.344518204650905,0.27769636561238,-0.301665791321955,0.0072336870627346,0.0807996396286172,388.81,0,14
21419.0,-17.4677100117887,10.1148157246654,-24.2021422329158,11.8054692105913,-10.1980458075926,-2.5799380080012,-17.6567879964837,2.25690247596699,-6.24214930949065,-12.8306571996417,9.44266526535108,-13.5474858999444,0.960728558325579,-13.0287170264518,-0.426674498701321,-7.65266166506753,-11.4853277896478,-4.72136957553102,0.550519004149565,1.00151850195952,-2.32802441621057,0.940830319350178,1.29681706144136,-1.05510390359967,0.11179202805362,0.679694612203418,2.09354057112569,-1.42549145377361,1.34,1,5
41313.0,-13.8972058704019,6.34428045616839,-14.2816664432471,5.58100899740718,-12.8871331616131,-3.1461763671985,-15.450467216827,9.06028147442157,-5.48612077680694,-14.6764702497464,5.1483517210937,-10.7495919949504,1.58548896754337,-9.79801207658904,0.733276999106463,-12.675268899047,-20.7406637223494,-8.15366802624724,5.2283417900513,-1.02522792390103,3.05808183846397,0.941180290424241,-0.232710298333368,0.763508019302571,0.0754562386388435,-0.453839571774416,-1.50896825698328,-0.686835738780169,13.35,1,11
94362.0,-26.4577446501446,16.497471901867,-30.1773174564996,8.90415677106517,-17.8925996927224,-1.22790388102871,-31.1973285494605,-11.43892041491,-9.46257260540015,-22.1870885620007,4.41999660154863,-10.5923050053728,-0.703795803703315,-3.92620731586873,-2.40024649210124,-6.80988994039049,-12.4623149481086,-5.50105078380738,-0.567939572890149,2.81224110932946,-8.75569832116533,3.46089334478551,0.896537503959012,0.254835536763482,-0.738096558530353,-0.966564233789852,-7.26348214633855,-1.32488430656137,1.34,1,2
129668.0,0.753356012421118,2.28498795250353,-5.16449200355315,3.8311119987993,-0.0736224923058734,-1.31659594586445,-1.85549544374527,0.83107909886574,-1.56751414502076,-3.22455914814995,3.36955824955852,-3.46854525803227,-1.38357106785405,-6.0205789709702,0.309601855257659,-2.61776696028245,-1.31075238207209,0.409659909693325,2.36229077589933,0.285792259895482,0.382006845522224,0.0339580452530082,0.187696850240103,0.358433465751075,-0.488933827051834,-0.258802387138951,0.296145453458912,-0.0471736659782491,2.67,1,12
114453.0,-0.674833832742364,0.448743944049337,1.20467557631043,0.966654928028421,-0.313695587288131,0.434452169737565,-0.476819513582841,0.757333657877679,-0.140432978995725,-0.346372004179941,0.150580620322406,0.681253764553841,0.112046762020751,0.3134562972496,0.151191861789316,0.466642004131723,-0.600710049704389,1.14765151496719,0.639765529712968,0.0240958530044745,0.311802219323485,0.729441490106389,0.128501428289068,-0.429984574344204,-1.02168300582611,-0.693041062461501,0.184579534822242,0.125981695454364,60.14,0,7
62080.0,-1.59945740179415,2.60772002929222,-2.98719294171061,3.06415614684784,-2.49791431686821,-0.54110279282052,-2.2777862276701,1.26816610842127,-1.99733105335741,-3.83477508791878,1.11335409263987,-4.97692104108215,-0.795530934675206,-4.54955674371782,1.81376325403563,-3.17746049642958,-5.36934877847861,-1.1214541569793,2.03059193793375,0.22533293042937,0.662933039629134,0.184086858369512,-0.0894518031771282,-0.505999935132595,-0.0622588885489331,-0.0527144132804191,0.322854004983613,0.135267636745646,240.55,1,17
86361.0,-1.01875378534893,1.31009890463087,0.774468215783874,-0.0937029160660987,-0.225162379204466,-0.293814448105938,0.07076779527365,0.732430139460347,-0.407004681052934,-0.260310539706461,1.32545839225049,0.0638724645543919,-1.42697018832596,0.341380344621216,0.589531598343385,0.462410768771467,0.280168351900634,0.115488511964307,-0.184186498382528,0.0155549733940432,-0.190460716705146,-0.622169351182957,0.0791511579423289,-0.0779744850534964,-0.240118570577732,0.0962296908267427,0.235854348618956,0.0711918226219987,13.35,0,23
93897.0,-10.3008197578448,6.48309458751086,-15.0763627200288,6.55419115286706,-8.88025172157215,-4.47167242014489,-14.900688599735,3.84017023811699,-4.35844142237671,-14.5331616869738,7.58874088021049,-15.8357188077344,0.135035383391472,-11.5670059165135,-0.077026912374336,-11.4674297370042,-19.1729963590355,-6.96985638421183,2.21175583268581,0.113244363257218,1.50874842459643,1.04164209875775,-0.682789602968657,0.573543946252624,-1.6023889741646,-0.393520821299559,-0.468892515546761,0.105920160381125,1.34,1,2
8757.0,-1.86375555343732,3.44264397684973,-4.46825973145511,2.80533625940251,-2.1184124774924,-2.33228488731467,-4.2612371974404,1.70168184397858,-1.43939587542941,-6.99990663386522,6.31620967716699,-8.67081800476226,0.316023991908777,-7.41771206475053,-0.436537471366146,-3.65280196004741,-6.29314531907376,-1.24324829133852,0.364810482193887,0.36092400372093,0.66792657242141,-0.516242362128804,-0.012217811746839,0.070613703103445,0.0585044669560628,0.304882839588584,0.418012467185258,0.208858278145839,1.34,1,2
41582.0,-1.04800528916284,1.30021877705413,-0.180400575706546,2.58984264330545,-1.1647935523262,0.0318234062644092,-2.17577809872951,0.699071737631603,-1.14020827768059,-3.22678710680364,3.49080495043995,-2.45433920979968,0.177189485247745,-5.16060809721957,-0.686114234287445,-3.99614471325468,-4.69556272249452,-1.81916096350279,1.46108031890323,0.644993308471186,0.549014458224783,0.624321410729297,-0.136662719519743,0.131737918713915,0.0309213718346795,-0.176701082429858,0.504897671691263,0.0698824528615783,52.72,1,11
85576.0,-2.20763091845218,3.25907610397605,-5.43636546967173,3.68473739367705,-3.06640091036945,-0.671323195313701,-3.69617839443207,1.8222724578951,-3.04965272773018,-6.35388725151755,4.35148149710451,-6.4532473302497,-0.0614319367541572,-8.44287285721034,-0.328820639839654,-5.44079518325917,-9.5180378916264,-2.43806861829455,2.33675362049059,0.808336360421968,0.920899033968287,0.0376745089378149,0.026753977510545,-0.791488823729947,0.176492777047381,-0.136312279131778,1.08758482385547,0.373833528935625,321.77,1,23
6986.0,-4.39797444171999,1.35836702839758,-2.5928442182573,2.67978696694832,-1.12813094208956,-1.70653638774951,-3.49619729302467,-0.248777743025673,-0.24776789948008,-4.80163740602813,4.89584422347523,-10.9128193194019,0.184371685834387,-6.77109672468083,-0.0073261825777121,-7.35808322132346,-12.5984185405511,-5.13154862842983,0.308333945758691,-0.17160787864796,0.573574068424352,0.176967718048195,-0.436206883597401,-0.0535018648884285,0.252405261951833,-0.657487754764504,-0.827135714578603,0.849573379985768,78.85,1,1
91075.0,-1.85506070184998,1.55496360697718,-1.40580882850107,0.669327345741316,-0.280229520106465,1.17865246733203,-3.45997906611492,-2.81515495312599,1.24222876512242,-4.15635447965382,2.20944075185923,-5.12231410931103,0.66129710617156,-3.10393771952109,-2.41086973192388,-2.42501563217886,-3.96062268909989,-0.125017788038036,0.60039728842723,0.536916458029193,-0.0953083066630984,0.94662891847112,-0.297402959067305,-0.368343891207103,0.198731156287359,-0.0785905919566464,0.366709355889324,0.0737667168278096,51.8,1,1
123525.0,-5.90492080575337,4.43991138307409,-8.63180221299529,7.78868440738042,-4.98957980058454,-1.20014396478769,-7.6740599401754,4.12576101681016,-5.31577802250603,-4.89115620289902,4.22041859352387,-6.40830067684822,1.32800326739361,-5.853545070898,-0.928337066900246,-7.08579817642873,-12.62385610867,-4.74522383798077,2.79789150183086,-0.505607961764415,1.77502979034156,1.26644115239936,-0.199409588840669,0.0149600028407991,-1.90822653976519e-05,0.544209892335915,-1.16756581297999,-1.20635432583345,60.82,1,10
41870.0,-20.9069081014654,9.84315322329519,-19.947726046163,6.15578864849515,-15.142013159868,-2.239565648142,-21.2344631540976,1.15179506554623,-8.73967037069304,-18.2711681738888,4.67734929657245,-9.58356643737056,1.03516582361622,-8.19969002891841,-0.32651888245129,-8.37643882097816,-18.4854603221489,-7.58997395860914,1.1266403652792,0.396654845079575,-1.97719619445615,0.652931885295435,-0.519776859411322,0.541701730134149,-0.0538607606750096,0.112670774311131,-3.76537100922261,-1.07123831223447,1.34,1,11
8528.0,0.447395553302475,2.48195386638743,-5.66081393141405,4.4559228120932,-2.4437797540431,-2.18504026247234,-4.71614294470093,1.24980325173147,-0.718326066573691,-5.3903302556601,6.45418752494833,-8.48534657377678,0.635281408794591,-7.01990155916612,0.53981407134798,-4.6498642988132,-6.2883575087823,-1.33931232244731,2.26298478762517,0.549612970886705,0.756052550277073,0.140167768675,0.665411100673545,0.131463791724986,-1.90821741154788,0.334807598686864,0.748534284767756,0.175413794422896,1.34,1,2
93853.0,-6.18585747765758,7.10298492227346,-13.0304552638937,8.01082339822486,-7.88523736131971,-3.97454999359808,-12.2296077786617,4.9712317023058,-4.24830701294998,-12.9654812039222,8.68830799242781,-17.1829184301947,0.0695769150313325,-14.1161560074304,0.959031717400206,-12.3753337375636,-18.716764511809,-6.52201457322122,3.51795494036344,0.483930108481186,2.50277241039945,0.481691289576756,0.480957977547458,0.360318638811951,-0.293354295977635,-0.199193157971208,-0.203917328209747,0.398927185850218,60.0,1,2
131442.0,2.00686659852078,0.185100885136915,-1.64381265529874,0.763255283128238,0.247718064199813,-1.00728388102996,0.130728484113578,-0.282250169571911,0.614067987248553,-0.715207715722262,-0.074276097191636,0.790989346386739,0.927249853678093,-1.91895320944657,-0.532548613526093,-0.0183971030496634,1.28404238673346,-0.0472935774230214,-0.256865477041676,-0.0812300557087703,0.0022260050219024,0.329720878565206,0.0998281277257357,1.10841772602552,0.0976200257583517,0.575508740843777,-0.0386564237650256,-0.0159932809978424,13.36,0,12
68207.0,-13.1926709562391,12.785970638298,-9.90665002092758,3.32033688288942,-4.80117593230105,5.76005855618556,-18.7508891580107,-37.3534426378925,-0.391539743919107,-5.05250236713858,4.40680552357904,-4.61075647740608,-1.90948796970811,-9.07271093398351,-0.226074450896345,-6.21155748212485,-6.24814535335983,-3.14924669470095,0.0515761185277783,-3.49304991519446,27.2028391573154,-8.88701714094871,5.30360690376998,-0.639434802306313,0.263203123457008,-0.108876929971315,1.26956635541013,0.939407362758877,1.34,1,18
90657.0,-0.788588804451419,0.0122070321033596,2.23535478032462,-0.255746266263905,0.588437692312163,0.663703911927265,-0.309259701455956,0.0241105850886318,1.79453202001395,-0.732784066062917,-0.4058829660564,-3.02694532264876,2.19581816261747,0.723571578388095,0.967654645284254,0.911409553410341,-0.4259117501598,1.12420573811709,-0.229892276355842,0.0236930660297046,-0.035596790751473,0.368212758936333,-0.0043703520354067,-0.0651430643121882,0.43315371465604,0.467464576701156,-0.308173859951307,-0.302082645398273,3.34,0,1
128595.0,-5.31377384241729,2.66427399774238,-4.25070701802015,0.394707094952515,-0.391383377283543,0.683526139774215,-5.13367100176311,-7.90778989157428,0.215474664930064,-2.29773425918487,1.96148093151336,-1.94444112769897,-0.69255896504056,-4.3463476308633,-1.72692923293524,-1.82040477188062,-3.74648955100281,-0.880399311360603,0.267914551538718,-2.64290184721809,8.66466242953635,-2.71638258812677,0.483559093855452,0.0792347976258407,0.311065240462952,0.555544234123026,0.176740004036668,0.362906575787496,1.34,1,11
110249.0,0.0867372077085087,1.11965082525843,0.325495233100076,-0.0557619897075782,1.56985476212001,0.165802625870647,1.17700805029342,-0.549574855458552,0.830209034001803,-0.525769311716123,2.01125146954642,-2.0776384906495,2.16141972038186,0.20576764299795,-0.961978110443557,-0.160077417155583,0.981761736559911,0.64200895618967,1.20018835825902,0.191526324547089,-0.445064147985021,-0.648795493999155,-0.100975776513721,0.0964845625454927,-0.823185603842794,0.166130797115271,-0.339758016221595,-0.255875886081958,1.32,0,6
35906.0,-3.51902954497457,4.14086717613266,-3.62820236883577,5.50567203744754,-4.05746250583351,-0.905945282755562,-6.65203112089008,2.63452416520597,-4.67940204045465,-6.54624181523522,3.53820204012168,-8.04228514248667,1.69750938374612,-8.05104890186539,1.07045739646232,-7.39595692479141,-14.3296261567476,-4.86801023649552,2.46384303909831,0.898723234092648,1.58255593340505,0.778710245469243,-0.13570727840987,-0.0042778002749602,0.0327061591060809,0.362014053476722,0.900925137512513,0.554897499272323,12.2,1,9
92092.0,-1.10847821852891,3.44895257232738,-6.21697180605649,3.02105161812575,-0.529900931709915,-2.55137517507643,-2.00174290819286,1.09243237369483,-0.836098368778531,-4.09564897273592,2.42595071598052,-6.06726194524698,1.83243272022382,-3.50170251648822,-1.00400820464185,-3.5012811030282,-2.941876323532,-1.12574106196719,0.37371480785248,-0.0685983809223332,0.825951491439622,1.14416978988846,0.208559481945769,-0.295497424488562,-0.690232196243341,-0.364749075788586,0.229327220125504,0.208829891689567,24.06,1,1
406.0,-2.3122265423263,1.95199201064158,-1.60985073229769,3.9979055875468,-0.522187864667764,-1.42654531920595,-2.53738730624579,1.39165724829804,-2.77008927719433,-2.77227214465915,3.20203320709635,-2.89990738849473,-0.595221881324605,-4.28925378244217,0.389724120274487,-1.14074717980657,-2.83005567450437,-0.0168224681808257,0.416955705037907,0.126910559061474,0.517232370861764,-0.0350493686052974,-0.465211076182388,0.320198198514526,0.0445191674731724,0.177839798284401,0.261145002567677,-0.143275874698919,0.0,1,0
70462.0,0.115133103875143,-0.298504456349447,0.92593828391214,-2.32371246401067,-0.316963200702159,-1.37808858730048,0.458241152465583,-0.605675815835441,-2.58601844633049,1.11197892913667,-0.458630396866843,-0.815152275982346,1.08280966001447,-0.573623783281306,-0.413277958839574,-0.710382753385356,0.254651370983408,-0.303715151851993,-0.703432942358459,-0.235336228268993,-0.133660693656307,0.134051587649661,-0.189941070856616,0.394420794035682,0.254452399289804,-0.281911338023158,-0.173060352099808,-0.236247400538725,20.05,0,19
122194.0,-0.571744778665895,1.12439956185429,-0.907699695572816,-0.752302103294004,1.73643848509229,-1.26142832845325,1.75905858832592,-0.669652730395415,0.183039137327626,-1.67742252771415,-0.166593871988716,-0.171950957590464,0.0192287096278377,-2.25551822676497,0.154273526710947,-0.687186453863067,1.72315822899655,0.692826259272898,0.67978364573907,-0.0217721064897437,-0.0852750422298233,0.147164327224202,-0.404022603255842,0.579370227387674,0.384336354700879,-0.650010724513947,-0.224695079568746,-0.0049686524096524,52.55,0,9
54936.0,1.21726602107981,-0.0369005243301451,0.174421575430299,-0.24011977437736,-0.315913493022291,-0.65394636220286,0.037098661881275,-0.135111544800843,-0.150239696946184,-0.0685178480891714,1.33184248526606,1.22978239045521,0.812306109586517,0.304491798451398,0.291301440902591,0.47361698173953,-0.677101630433234,-0.14731177054037,0.565563104880387,0.0652733946308312,-0.172397121040253,-0.567404498424686,0.0188877137267853,0.0622756385874187,0.198599428047154,0.844454995825915,-0.09281817504754,-0.0020197023645205,48.11,0,15
26556.0,-19.1798264145873,11.8179219897853,-21.9191735807843,6.0862356342864,-14.7088447898427,-4.30888760741835,-15.3579518065836,12.8571650181242,-3.99986076978115,-8.9286556608751,5.8492930661792,-8.26164983722413,0.153829148314596,-8.82935922766409,0.0088788388257268,-7.0709530089254,-13.6297209427085,-4.9588298158479,1.27209136353211,1.572949614923,1.74680154191934,-1.35314876613352,-0.762965072731218,0.117027851903743,1.29799375563032,-0.224825057048525,1.62105238966989,0.4846144027264,133.63,1,7
63578.0,-0.639191253440691,-0.0855947885921835,1.26545195854416,1.40116573166082,-0.260542078671007,1.00979457835355,1.30199897093176,-0.135257522932592,-0.431520921685507,-0.0913533730643921,-0.921051995675577,-0.61381552858098,0.198913055533638,0.0160870050482155,2.20626377523102,-0.527140627794259,-0.0572786796405291,0.448655661077036,1.16443546519237,0.861306751100051,0.340330752683629,0.76016976216338,0.353376975218638,-0.778892742566353,-0.0706811598435952,-0.0333546437243291,-0.0619624216383359,-0.0626865318467909,387.8,1,17
72037.0,-0.318800408325854,1.41284143771585,-0.157511978226477,0.978252324163298,0.0377441708836121,-1.20432983258991,0.636992423523032,0.130411660451406,-0.600191569625627,0.0979405791056912,-0.704100045308154,0.0372212091143619,-0.115857926929772,0.803681914847351,0.655079561467068,-0.435961117261928,0.0205380223500895,-0.068710109601405,0.388510958589615,-0.097218362878153,0.18746397816115,0.58972353869761,0.127358159988323,0.38919336709162,-0.690962536412306,-0.422919287571211,0.185897103280404,0.15879800897365,7.34,0,20
79005.0,1.2166670354207,-0.074153341372794,0.443406875372935,-0.119040488218522,-0.715956839205078,-0.95978394991483,-0.130551412897137,-0.0837933605130716,0.0389530376944597,-0.0155403294993047,1.59329479105897,0.748105473298896,-0.429628250774467,0.529938740775641,0.466943321044506,0.41337669652629,-0.455714183512267,-0.0166341967476594,0.282081043716398,-0.065927235523444,-0.0418362635609261,-0.188529362208252,0.0521105542600628,0.58503320184304,0.164342600517437,0.930640283839488,-0.0923977112806133,-0.0032031372559858,20.43,0,21
57163.0,-10.3630494651588,4.54367201286394,-9.79589773551539,5.50800333404763,-6.03715599427489,-0.133492972364907,-11.7243461176622,-3.19834557193323,-4.76784222430147,-9.33212806886128,5.2241240042156,-7.74312234505579,-1.56034320038539,-7.14041803349475,1.18597782557697,-6.59870406570123,-12.1205390025684,-3.90409153348034,2.51343040062446,0.924396179705582,-2.45714487251707,1.68725664165106,0.977178353536712,-0.543368976583511,-0.289124786926125,-0.107586425389056,0.330641897772597,0.163577149556086,1.34,1,15
32067.0,-1.23889233843041,1.57060806168506,0.806142962273012,0.868882427430748,-0.424561617557914,-0.617384933179763,0.177863284769075,0.690856332803803,-0.692872490679377,-0.893919414300567,-1.11711776113005,0.804783400803739,0.628913280709415,0.413439848227925,-0.734212505007226,-0.356754765144371,0.291614659693976,-0.359003647046538,0.165863013075452,-0.301691512438114,0.0822352117790204,0.136052946440984,-0.145496311262882,0.422627932580736,0.118523494915237,-0.425309748123433,-0.225323270109103,-0.0113245755896678,19.91,0,8
12597.0,-2.58961719821269,7.01671438495857,-13.7054072869097,10.3432280604117,-2.95446103475574,-3.05511578527804,-9.3012886151434,3.34957336071614,-5.65421202641103,-11.853866972601,11.6692047358121,-17.2286622386187,0.0555715664836118,-18.4937733551053,-0.304172113519045,-10.6294973901353,-14.4412111342765,-5.10548646597228,1.2702262705049,1.48885519236896,1.88773772551451,0.333998184533223,0.28765904061745,-1.18640640906644,-0.690272670076388,0.631703772210546,1.93422076005943,0.789687172212655,1.34,1,3
122086.0,-1.12143115669324,1.45625889916257,-1.35100570407691,0.968814366977716,1.69365717185788,-0.230363992089671,1.00033665392792,0.252051122254363,-1.07861450986837,-0.450273987200176,0.661706400170635,0.715949699118979,0.607936220078778,-0.811145128880839,-0.861721834860713,-0.277427424864646,0.997830375856697,0.89329170948732,1.05661295449194,-0.147539097426664,0.0497323408054112,0.52704206182163,0.0988543747661669,0.129192814589259,0.215444084562595,-0.399102882461333,0.180832391745794,0.131288525241299,25.39,0,9
76857.0,1.14020795371139,1.15643107873873,-1.47157796740819,2.07627840454674,0.774809058745551,-1.00253195191231,0.264947929409663,0.0131622605764724,0.248835339320523,-2.10066651278309,0.763204840843787,-0.94491647902938,-1.41903447142202,-4.68361969585018,0.51928230124953,0.908454083367609,4.13366666889167,1.30620452511785,-1.09471647432252,-0.125097258302807,-0.387894980568907,-0.866811936205838,-0.121582639900783,-0.356108586349469,0.634572810783188,-0.306311023397994,0.0940868179231164,0.121064728484123,1.34,1,21
51135.0,-10.5273044341626,7.63974510878724,-13.4431145027514,4.30340291762786,-8.04820986720506,-3.46699653575204,-8.64319279153494,7.28410530047069,-2.36209663777244,-5.99659592015915,2.5891035399443,-5.9622614216576,-0.468955402702701,-6.77818372152522,0.907946622048306,-3.97013003226966,-6.85761265464239,-2.51173568202806,0.511761951503497,0.847085223070639,0.937415595523653,-0.931178206442092,-0.235696693319785,-0.0313933540844794,0.591558276561224,-0.263516323288921,1.10889729755393,0.219021143211497,133.63,1,14
52814.0,-1.10184700698197,-1.63244121283891,0.901066556872515,0.847752885502341,-1.24909072939532,0.654936785498635,1.44886782586722,0.0233079125519542,-0.136742416820243,-0.150129182778684,1.17235508293037,-0.795988136674965,-2.13695096583302,0.578869439330842,1.4121147225086,0.0134668068434063,-0.119204381070058,0.826814373772222,0.476859902488945,1.23027784051309,0.610653920616913,0.835795006603528,1.17995542066426,-0.0290908864225033,-0.300895693792436,0.699174952578756,-0.33607170899039,-0.177586827857027,694.79,1,14
125477.0,-0.433341772000656,-0.0243611524395658,1.09920620183299,-0.104822752855152,0.659057405660428,-0.591927290876427,0.783131863773185,-0.503731178707316,0.274926986715278,0.333111861301895,1.02319299649742,0.680387024452943,-0.215708275965846,-0.280122037663614,-0.701046247222264,-0.0581824260257995,-0.715677391022782,-0.305903094413895,0.752786739058645,-0.138914628469131,-0.476455684332813,-0.969651313372324,0.112639587500831,0.0439477096920444,-1.0592575800829,-0.342864492596658,-0.457287224313252,-0.334740180175816,76.17,0,10
7672.0,0.702709900098753,2.42643280600508,-5.23451329584052,4.41666124290876,-2.17080621591773,-2.66755356121463,-3.87808845483572,0.911337122229195,-0.166199039175942,-5.00924850212751,4.67572941865677,-8.16718805173089,0.638559282180499,-6.76333439062322,1.29686025605627,-3.81175840977789,-3.75412806618729,-1.04917740227906,1.55419726345897,0.422743129198702,0.551179689117248,-0.0098023573132531,0.721698230069415,0.473245751402033,-1.9593037711687,0.31947554010746,0.600484916486359,0.129305225096566,1.34,1,2
127722.0,1.91931886894662,-0.32757389366774,-0.634266503445949,1.67209650860324,-0.425682314929298,-0.320002979556468,-0.275822092194092,-0.0386204156384767,1.35660861345526,0.0697593100801065,-1.63813214519419,0.115583175470896,-1.06473732639451,-0.143428810396732,-1.26377978967483,-0.755867820307724,0.123714055870676,-0.152146428678819,-0.196971788881627,-0.328141036783454,0.255110273527739,1.14313298445494,-0.106061730470455,0.0226017385335554,0.423130548376257,-0.242011534892839,0.0404739534700334,-0.0496526705740815,29.9,0,11
41851.0,-19.1397328634111,9.28684735978866,-20.134992104854,7.81867331002574,-15.6522076772063,-1.66834770694329,-21.3404780994803,0.6418997011947,-8.55011032700099,-16.6496281595399,4.81815244707108,-9.44531478308794,1.31705629332341,-7.24346097400378,0.830910291033798,-9.53325705039319,-18.7506411474674,-8.09264877340557,3.32675827497024,0.42720343146936,-2.18269194560955,0.520543072366642,-0.760556415188733,0.662766638397236,-0.948454306235033,0.121795925829793,-3.3818429293561,-1.25652362136258,186.96,1,11
49985.0,-1.55421636788274,1.69422928947167,-0.903333638062708,2.42543608490852,-2.89978748492542,0.133028430446298,-0.286225919411127,0.555944559014401,-1.39491838156524,-2.89261176082088,1.96223597455109,-2.38526266137636,0.458337202321203,-3.72454345377605,1.84397832505056,-2.01392370780293,-2.81560029569659,-1.09229027232613,0.139687230416985,-0.0323343863075664,0.493436338989664,0.733393182273647,0.202349959595007,0.492053700892718,-0.183790909215829,-0.19991711985608,0.395200622125666,0.0276930320930062,481.1,1,13
129811.0,-0.3996913625704,0.940759404373409,0.0992798814841607,-0.667678910105791,0.515363869307028,-1.10543662484887,1.02566435941218,-0.153638255127424,0.29158286985326,-0.105416538521245,-1.36770570449795,-0.475958817509982,-1.09591686320588,0.26232319513929,-0.58810438021109,-0.238548958479185,-0.313072994327793,-0.575337369981851,0.0707191458417402,0.0248928810330031,-0.213050055877354,-0.358046813137566,0.0511245293515749,-0.127973538185224,-0.791982469047818,0.169291187812912,0.496729338447689,0.335276125641385,10.01,0,12
70455.0,-1.48423779325028,0.0370747491593577,1.47540553399784,1.44019123764464,0.0661475622501334,-0.449245871141686,-0.345877344001066,0.673780242963022,-0.555773832043142,-0.434745532020285,-0.613850316615169,-0.615548624184583,-1.28503384088115,0.898186368508888,1.88687136874746,-0.166051202388214,0.367256784353359,-0.0840121565639668,0.347497860057173,0.21648753919516,0.0707192468766804,-0.394872550050112,0.158347734757587,0.0063472255673061,-0.404786971078432,-0.472702908016387,0.0365772453730244,-0.0772126445755638,74.84,0,19
37605.0,-0.413609815581566,-0.0839595176910898,2.19825763945844,-0.991901817211427,0.319096047545432,1.27800992555006,-0.178238445044809,0.437854528262167,0.719819323005049,-0.937639325338913,0.578902244594805,1.06171304663701,0.608026589362274,-0.837333566301998,0.60042649779812,-1.11783346731633,0.802604879021219,-2.49482035593164,-2.09745183794903,-0.135348411475914,0.0832433041858092,0.706806379087045,0.141335984974152,-0.543630214462063,-0.906252768965786,0.848982335839124,-0.0889547223169231,-0.194382544758781,1.34,0,10
101748.0,-0.236666927838555,0.93821960276358,0.646989203131829,1.78402964440738,0.874783521525009,-0.271066886465479,1.0557320679029,-0.249091394394088,-0.577404718735953,0.285351037695314,0.224548488673037,-3.00431310107715,1.71939137298258,1.67298125923367,-1.34658365324749,0.0569047197002153,0.84854888574098,-0.896671062166654,-0.0266633018201429,0.181535582067214,-0.169357866080551,-0.424720284464605,0.280187249344045,1.11384373541069,-0.998683187253075,2.10843519635616,-0.0674125015818857,0.168058829624711,91.1,0,4
41147.0,-5.31417320646342,4.14594361146639,-8.53252245892907,8.34439167363678,-5.71800820787464,-3.04353608094129,-10.9891846672722,3.40412865609659,-6.16723364181153,-11.435623996076,7.67453383416429,-14.2960914258331,0.526938923712363,-15.4450258118019,0.991651201275811,-12.3913460034009,-22.5416517287861,-7.98672065349455,2.99255446334225,1.15001731865814,2.33146580801509,0.862996305559532,-0.614453237551036,0.523647877136623,-0.712593271662611,0.324637964828057,2.24509146635599,0.497320848969724,117.91,1,11
71595.0,1.102137721772,0.0048266190306054,0.785827456199217,1.36758328682469,-0.637853499848465,-0.287334028898423,-0.19408290408893,0.112772791803257,0.668200584274681,-0.18176806647817,-0.424346640271981,0.0100266326536142,-1.45972694322331,0.249916138875781,0.217562265225024,-0.593440843838486,0.398005312875356,-0.938964147102842,-0.426182991398072,-0.253848114440103,-0.228031246091264,-0.538650917835073,0.116112983702524,0.355235945073065,0.331060270212158,-0.532662187039267,0.0459361697472801,0.0274363580188269,26.7,0,19
94625.0,1.70785693746472,0.0248807914815549,-0.488140038578959,3.78754815533943,1.13945148482475,2.91467262159314,-0.743357877946301,0.699135879021363,1.0084706473096,0.912806096143303,0.7653541419638,-2.04386838674929,1.00154733873148,1.32288725448265,-2.72007696175136,-0.153429555378718,0.752610596119435,-0.755785824269169,-1.91256263382671,-0.368014254987192,0.0108651916304298,0.548257831746395,0.0912182952145324,-1.00795946020642,-0.0821828177765288,0.179709188704528,0.0077377190320074,-0.0688413102470406,45.12,1,2
130637.0,2.22260844840175,-1.69825889379968,-1.10687327568597,-1.67191305755687,-1.13532193739285,-0.02155049583389,-1.33672782473048,-0.0004966695924774,-0.821257704584212,1.5502483248576,-1.82662136485197,-1.65900215691793,-0.602317126620519,-0.343257693441097,0.209875229499746,-0.204279419769852,0.290191103370003,0.343599519521309,-0.0237794064224127,-0.35810401255877,-0.171023256057498,-0.168438367993248,0.182027686664627,-0.0266736693925392,-0.246628577023961,-0.16527686032105,0.005801914088914,-0.038164503965485,93.55,0,12
62467.0,-5.34466537543542,-0.285760408166142,-3.83561578178611,5.33704802681048,-7.60990870021268,3.8746680317393,1.28962992438915,0.201741916806601,-3.00353243733788,-3.9905513318108,4.98601380361468,-6.11638322304304,0.0423244061770454,-6.04339314434942,1.82140103177852,-4.7454624675489,-10.0756455907271,-3.6045960155148,1.43529381015392,-1.56216235780532,0.276010822180054,1.34204455689584,-1.01657869464831,-0.0713612973880671,-0.335869334726878,0.441044176004645,1.52061262049821,-1.11593680318009,1873.85,1,17
21046.0,-16.9174682656955,9.66990017304097,-23.7364434105216,11.8249902296814,-9.83054822917941,-2.51482887310345,-17.2906566748216,1.8204078670595,-6.26490348784789,-12.9166361091709,9.56711029521397,-13.7170673789468,0.899540705915631,-13.2729650621928,-0.402260044266312,-7.75409405936683,-11.6446032058862,-4.74130270962407,0.58462597267458,0.996745095162688,-2.33611095619483,0.972754726208974,1.24186581168063,-1.05108624820763,0.0380090796054737,0.672317065099677,2.10847085205046,-1.42124325273233,1.34,1,5
26277.0,1.57494444694495,-1.07274570620105,-1.60471877838545,-2.51616662865138,1.33058575285748,2.95084950503897,-1.03426883133853,0.612217972124298,-2.32400488445681,1.50866324265044,-0.150287077222426,-0.982195516337851,0.383416185461423,0.0920478650939481,0.483324435039901,-0.330527110754985,0.151928528899189,-0.119789804663121,0.400404650842156,-0.186448248859006,-0.550416732344658,-1.42698723285272,0.104745055782904,0.943670794730676,0.495620213857283,-0.435795247595342,0.0030422760062471,0.0112664677867085,37.57,0,7
34562.0,1.1827374874042,-0.055891489695322,0.520775391143998,1.88701962698267,-0.503268508463721,-0.0850234884535786,-0.270625963334952,0.10766755765247,0.304335328045765,0.448024368885943,-1.74306127842821,-1.18680550362983,-2.22019714298627,0.170231466612911,-0.536424722749917,0.403230806764446,-0.0856259785486484,-0.300550652470244,-0.126799003126464,-0.202921468825708,-0.159391353022232,-0.439456479612118,-0.0944163169998061,-0.10857553843629,0.405328992325537,1.04536296173578,-0.0824064606889145,0.0004408310323964,40.08,0,9
47513.0,0.851746615853443,-0.999173656998391,-0.267932463465688,0.0765617959374982,-0.87075087689079,-1.11625874765955,0.460845773365235,-0.463851823497285,-1.39412402685007,0.608079524251015,-0.329342375114033,0.337921745561399,1.02039139770603,0.278659559978217,0.547642810718582,-1.50316478695384,-0.0116653534032489,0.444866192481598,-0.746726644659318,0.107989896954201,-0.54455996672711,-1.74077557434594,-0.0506688382273306,0.361511236912396,0.13385408086617,0.138268919355927,-0.0894893840606289,0.0633854127992143,387.36,0,13
47853.0,-17.3562171048871,-12.4952716901684,-3.19526618758871,2.99877638070274,-0.767994328867688,1.24547502863877,4.62256806668773,-4.63673061462911,5.79618348914537,5.86828657340625,3.09865298695483,-0.01926235841153,-0.0434418226399544,-3.77476906106542,1.95230035057465,1.55268542669998,-2.45049430285246,-1.72739300313677,-1.53422269093616,-9.19369326416888,-3.27530094818171,0.117385175924846,-9.26512327856026,0.667560321551534,-1.2521093491043,-1.34563972004932,-7.14471717246439,2.38055026892851,812.13,0,13
8408.0,-1.81328048476897,4.91785071056565,-5.92612969400656,5.70150043141163,1.20439257214362,-3.03513754815611,-1.71340206347108,0.561257390902032,-3.79635425171163,-7.45484065078351,7.38805512292025,-10.4752286504099,-0.379314526756117,-11.7367291212569,-2.08698895215593,-2.44235398293755,-3.53552351168246,0.130360306640887,-2.07145048844325,0.576656033332069,0.615641835107552,-0.4064272753179,-0.73701807643754,-0.279641772215917,1.1067663744335,0.323885477719453,0.894766671515833,0.569518600269514,1.34,1,2
128490.0,-0.549624608394459,1.3641939845213,-0.771549415480034,-0.56563051774287,0.770298293722252,-0.616786333353471,0.516701636441111,-0.708076171922247,0.0488556002463013,-0.674299496604826,-0.694468461935795,0.123119792648497,0.209901783501806,-0.949658537360594,-0.219132647356349,0.313449451271803,0.520556893317532,-0.300207806489319,-0.300320902875617,-0.204652889083962,0.429834692357085,-1.05437596365175,0.225107807683665,0.491659389791963,-0.419450416008101,0.0866740091942352,-0.151194513356975,-0.20340312369535,12.01,0,11
7891.0,-1.58550536691994,3.26158454822833,-4.13742198305023,2.35709625199132,-1.40504331370135,-1.87943719306477,-3.51368687087654,1.51560674568816,-1.20716636120056,-6.23456133227108,5.45074606689486,-7.33371406736393,1.36119332407831,-6.60806825219469,-0.481069424899829,-2.60247787045261,-4.83511205239717,-0.553026089102902,0.351948943356815,0.315957258937511,0.501543149467536,-0.54686881157389,-0.0765836358993043,-0.425550366841581,0.123644186352002,0.321984539336613,0.264028160503965,0.132816719764592,1.34,1,2
76686.0,1.32026909367057,-1.35990357246541,-0.873488751505841,-1.74319057715682,-0.433900890025024,0.058964418638705,-0.400085197150004,-0.168519861401211,-2.35556304232179,1.55157328259722,-0.215873305726738,-0.665443185263611,0.709065626540322,0.0693751899572121,-0.264118391414828,0.0609498320613927,-0.225149371089322,0.519670880451568,0.922692454564404,0.0521646518703716,-0.471489914302079,-1.40118754282944,-0.212739846281555,-1.43799317754,0.485174781308763,-0.377203595360038,-0.03237619435427,0.0155534785027275,229.91,0,21
56887.0,-0.0754834663888726,1.81235458422751,-2.56698081016962,4.12754860722303,-1.62853157024518,-0.805895445766318,-3.39013454458215,1.01935326231828,-2.45125125188341,-3.55583492739064,4.31571103012142,-5.47980167679906,-2.11550315600957,-5.5887855765974,0.280108069299552,-3.50723062361012,-7.45709493793125,-2.32549168188332,-0.440434552920779,0.338598140549314,0.794372451897782,0.270471232297866,-0.143624140755259,0.0135659145316466,0.634203128800614,0.213693187250942,0.773625466697089,0.387434054572014,6.68,1,15
61646.0,-1.52230450950001,1.50515204317029,0.372364350808073,2.28686855813503,-0.526518744404641,0.998593092488712,-1.0875560400314,-0.027248402908359,-0.533001251290556,0.169572797878818,2.79039639060721,-2.31695189213093,-0.78253178710191,-3.43173796295146,-0.527701760836688,-3.2935576903327,-3.90149898369755,-2.52544048175208,0.79514422023384,0.412800620721233,0.332216175668172,0.493980864616249,-0.0801982925908616,-0.253327337787628,-0.477799682605952,0.991739677999628,-0.952553959120801,-0.39036399798095,25.45,1,17
40918.0,-3.14025953779538,3.36734230912012,-2.77893140701488,3.85970067435928,-1.15951836286203,-0.721552487906327,-4.19534154281433,-0.59834584749232,-2.87014477203106,-5.29061006200618,3.82376208408163,-7.49227616878309,-1.52436747989794,-8.52767862203589,-0.391214524543396,-6.18087991000233,-9.6988394108884,-4.81823334077503,-0.871581688476025,0.0777814455070256,2.45233850455703,-0.292962575086153,-0.189330326319261,-0.166482104307702,0.0380396237066075,-0.0154765350217125,0.776691265853111,0.397557490298277,1.02,1,11
102572.0,-28.7092292541793,22.0577289904909,-27.8558111336212,11.8450129100508,-18.9838125824286,6.47411462748849,-43.5572415712451,-41.0442609210741,-13.3201546920984,-24.5882624372475,3.48195180343701,-9.12834128617468,-3.00825547830858,0.796579962453559,-2.1022985205307,-5.66036644069929,-13.0327849564566,-5.39234917412895,-0.901040817847599,11.0590042933942,-22.7976039055519,8.31627543891357,5.46622995370963,0.0238542303884927,-1.52714472319428,-0.145225187134896,-5.68233823990698,-0.439133675051458,0.01,1,4
27252.0,-25.9424344479142,14.6019980426299,-27.3686502881266,6.37839460769688,-19.1040334039646,-4.68480620428185,-18.2613929340355,17.0525663121462,-3.74260500983864,-8.233721369876,4.6648362538527,-6.52566786025865,0.92375858946558,-6.32597461208273,-0.0702237027595964,-5.83836021908828,-12.0616957125199,-4.77334851403019,0.852969608454831,1.66730429040185,1.78431598423494,-1.91775921336107,-1.23578743924962,0.161104731783341,1.82037804128869,-0.2193590586868,1.38878576213598,0.406809649908512,133.63,1,7
119325.0,1.92697557989962,-0.0583311695256724,-0.90101920524235,1.23996344547552,0.145873391497942,-0.182849905970778,-0.0235719690726926,-0.112447651993114,0.543196083945112,0.159667760826296,-0.91396757641942,0.659519748423773,0.739226738995161,0.024791731861272,0.191316807160238,0.0001760579436104,-0.579121896827631,-0.274977139473117,-0.447639766508149,-0.124369987257268,0.0144715292330095,0.136130511689513,0.172509009615844,0.590233868059683,0.0192460993216467,-0.727834099660999,0.0273666182063944,-0.0257850229294796,55.3,0,9
53860.0,0.384888976277816,-1.64684884910571,0.724088291880414,0.492372329639773,-1.14902394081117,1.02743811684125,-0.467034187717531,0.423902409957737,0.90760745741416,-0.459514571864962,1.25150153537055,1.14248147410268,-0.63073601410255,-0.11279927921999,-0.436399358243138,-0.403719987860101,0.478550026228882,-0.907812583619871,-0.149009221184088,0.55672965206115,0.0849954515913442,-0.30243372429242,-0.179638865069658,-0.213398714349227,-0.187490605365296,0.916369565837203,-0.0730704060590365,0.0591682565983563,488.27,0,14
80067.0,1.09703707048188,-0.640441142692827,0.949567605665412,0.105936927938201,-1.11639074304484,0.120663858202358,-0.764731814347639,0.265823539191125,1.11196322781116,-0.276341151877252,0.443821965152929,0.633609015928258,-1.0304959499195,-0.171229394023786,-0.86496137805259,0.224480463912197,-0.167513902136418,0.0940910873464325,0.869956229901731,-0.0201490190689288,-0.185669126810925,-0.467070997263261,-0.0034826289687724,0.0655574010500899,0.0988295221350803,0.94315627230173,-0.0536080773811645,0.0072581164325629,76.34,0,22
124210.0,-0.442967897815494,1.14110281798156,0.230466015285825,-0.584361279299607,-0.0063810168582096,-1.40880376937801,0.961701702920438,-0.161225208397829,0.459112198402824,0.229782281311076,-0.675448890090074,-0.244812952823877,-1.07284419287514,0.196052424066999,-0.291764791496364,-0.20706982784127,-0.21714087720027,-0.79397904770663,-0.29486748221429,0.127185599120363,-0.309272927992422,-0.616906577255769,0.173672047490913,0.417424502085628,-0.472027867951634,0.12587595907529,0.46109483422883,0.214505331803888,11.91,0,10
62341.0,-5.26775974325256,2.50671895922695,-5.29092481764433,4.8861341982102,-3.34318841087649,-1.10008548506579,-5.81050918581537,1.72634335514407,-0.749277159995058,-4.83482799462627,3.54601225001006,-7.75128547808951,-1.19569394502348,-10.0185024459282,0.29639612212368,-7.47716172698803,-9.78580026201852,-4.24397714797126,2.68112678165858,-0.286043269744833,0.764265624858483,0.473261684078133,0.54848172305712,-0.15685005182413,-0.71018694460215,-0.366422677340972,-1.48676592030738,0.677664104601632,1.47,1,17
26537.0,0.967533889554565,0.325658498724516,-0.0060236574241397,2.33585335046878,0.484954737634142,0.421730497845002,0.337088601086547,0.174635973393656,-1.19543759674214,0.81195303250621,1.46773328761676,0.271168170604406,-1.04327515902935,0.966699307194663,0.117860986935158,-0.015215541004245,-0.111049216530831,-0.789380082806211,-1.33760371512572,-0.138668617557265,0.123563760596045,0.173129228410477,-0.105634168850992,-0.309142186736341,0.497005144051812,0.106375090501133,-0.0289257357352403,0.0029291956337075,94.48,0,7
82289.0,-1.46489654758402,1.97552752738073,-1.07714453940265,2.81919063998449,0.069850228405671,-0.789043629709432,-1.19610144945515,0.673654375004339,-1.36372387646135,-2.9328952580311,0.301368829965399,-3.24614143685335,-0.465640147552938,-5.42936187944371,-1.30498291640657,-0.953623442669269,-2.72734300093373,-0.63643691865914,-0.927124072666602,0.048968800272123,0.174099465690177,-0.272505290211891,-0.0315494503920774,-0.406165929676999,0.157768979757404,-0.104392920359594,0.0737955599806211,-0.0415702518454821,1.34,1,22
64785.0,-8.7444146436792,-3.4204679837707,-4.85057473189452,6.60684578567387,-2.80054617200457,0.105511583647205,-3.26980129883546,0.940377922978903,-2.55869060182863,-3.62477471396623,5.26786160380362,-5.58369692598496,0.173895592410693,-6.67997675520914,2.08419914311417,-4.3488914455328,-8.76078602293495,-3.40754854415232,1.33293006548133,-1.81831542477292,0.102912553839685,0.311626102287519,-4.12919549979785,0.0346387321763146,-1.13363123097119,0.272265246225774,1.84130726881613,-1.79636258672205,962.72,1,17
8090.0,-1.78322883722709,3.40279371307631,-3.82274226552205,2.62536815276644,-1.97641541136284,-2.73168901231308,-3.43055914949085,1.41320351399318,-0.776941494554916,-6.19988176274188,4.36671348631445,-8.24326243368313,0.345761165232579,-6.59055029705192,0.265576095932165,-3.02845238846152,-4.21448627485607,-1.21360784773725,-0.265421595374812,0.364089115014408,0.454031931736316,-0.577525824201459,0.0459665375362652,0.461700017592254,0.044146161217817,0.305704433918549,0.530980986346765,0.243745598122111,1.34,1,2
25254.0,-17.2751911945397,10.8196653713117,-20.3638859739149,6.04661174671427,-13.4650333517322,-4.16664724489873,-14.4094479851747,11.5807967244857,-4.07385571204177,-9.15336803834587,6.21088301172371,-8.77857203246194,-0.0613674966661798,-9.57466229922106,0.0492885399107771,-7.41848727872681,-14.1027718764864,-5.01642333521081,1.39031436050276,1.54497046707519,1.7298040916597,-1.20809608165502,-0.726839224163999,0.112539673508366,1.11919347248491,-0.233188990129274,1.68406299250578,0.503739738280361,133.63,1,7
51774.0,-2.72453943177438,0.28674119272551,-1.60907555337025,0.514625030876564,1.42665250334373,3.88982678107023,0.0858144136520379,1.58658315863516,-0.236841125282453,0.216652678880627,-0.790385150491359,0.185734562335334,0.0455223233407776,0.519689903133608,0.268898608759587,-0.21043942639915,0.0852779139775486,0.246632560479933,1.48348464419662,-0.274628090489055,-0.32306970779642,-0.152383970964314,0.413236411557076,1.04191392459333,0.451366371177264,-0.191783417954125,0.610284166128167,0.0117673555206596,270.34,0,14
121706.0,-1.17838877789529,0.879975806511931,-0.392080557050058,-2.56586686836224,0.0662371066732469,-0.14112165810381,-0.59109762744786,-3.25908051315461,-0.971680382275235,0.671387486346243,0.370144522831705,-0.293461853697927,-0.386933088315276,0.205542845014871,-1.11031708493029,1.4112281114892,-0.275196122358379,-0.559111185370105,-0.0337225089469063,-0.726236368225745,3.56218586553574,0.554165131049727,-0.149525336676994,-0.455872743362603,-0.326910266399463,-0.0956559904177123,0.641083274605681,0.246225503399552,74.57,0,9
126219.0,-1.14155893716424,1.92765003845063,-3.9053561494007,-0.0739425941379643,-0.0448578188133647,-1.75699895886989,-1.21741649894761,0.364563278725543,-2.77014774706035,-3.21618771830464,1.28674925677162,-3.27270458494442,1.04221562276303,-5.74894325155799,-0.668136526600605,-3.86597568295345,-2.70505213033344,-0.103907181377394,-0.716811424575637,-0.250582939794953,0.102081332026183,-0.531495912348873,-0.328740974448816,0.393099609976725,0.568434632400261,0.786604529169779,-0.146101643769467,0.0762114890570611,33.41,1,11
114845.0,0.148883801772435,-0.262300183150734,0.695362978979939,-1.63125672014354,-0.101694847784362,0.331586872805408,-1.79023860848523,-1.35401466697945,-0.550989564203034,0.577967592082695,0.382179902260647,-0.347619465493027,-0.694715121301665,0.0370034620510135,-0.308461150950385,1.5354709643566,-0.0349370396092175,-0.709849429040574,1.2132420755287,-0.271336963171024,1.47452649729219,-0.978650363878675,-0.921968913790617,0.276628161191352,0.185494201265674,-0.362453483548455,0.282421610349059,0.267181915689036,42.76,0,7
41116.0,-3.60054350412378,4.51904694695796,-6.34088353532231,6.21476727765717,-5.829557636648,-2.4780949557906,-9.93841155861772,2.83008605053969,-5.65916161145799,-11.2981564915382,7.2529532268294,-14.2750918465127,0.18890328374228,-14.5559572107641,-0.338288547453357,-12.1465401437589,-25.1627993693248,-9.04284515066473,0.787578807808201,1.38474276211824,2.26377035551642,0.620749345000528,-0.094068667085379,0.536719087381271,0.398142307216228,0.008276586749878,2.05352425334029,0.835749002954128,5.06,1,11
28755.0,-30.552380043581,16.7133892350242,-31.1036848245812,6.53498386355181,-22.105531524316,-4.97769196369245,-20.371513594495,20.0072083651213,-3.56573779124378,-7.7310714411342,3.8294273949908,-5.31433227604015,1.44693027992913,-4.57926372815218,-0.142299360010106,-4.99784830436345,-10.9614103561188,-4.64148195920404,0.567056279787444,1.73364399368955,1.8165201713562,-2.28868550494101,-1.46054449877578,0.183179482716819,2.20820917836653,-0.208823971247713,1.23263629519904,0.356660010884047,133.63,1,7
76876.0,-1.29835900258265,1.07967115744319,-0.180677930886891,1.28783908383189,1.85827347944352,-2.22369500209375,0.525166986044906,-0.0968743110676978,-0.168893374133313,-2.544410418956,0.706999574201444,-0.835695915134352,-1.02211731659325,-4.99399178918475,-0.455706843211384,1.31536513941655,3.63919954823548,1.62342609471098,-1.53933883157799,-0.18757199362802,-0.332983053581271,-0.851270427572191,-0.370799798865314,0.29824168728035,0.442929877216587,-0.522832450531743,0.0001048565072203,0.135698346061769,1.34,1,21
32890.0,-0.915688458897749,0.966761329115475,1.92960202324474,-1.52054972571949,-0.0161606300781912,-0.831088314812082,0.924847594402203,-0.348837717957978,0.33899720962651,0.471314931687784,1.6737373184292,0.70986407904166,0.121721638223522,-0.459577896327085,-0.151567528530707,0.513372555460978,-1.09247180724795,-0.0435490222670548,-0.528473373182469,0.452765720334457,-0.177388370382913,-0.0034497854701794,-0.123804949550615,0.570020841715284,-0.341027404165202,0.640095881000054,0.138691546812481,-0.153844487227815,2.98,0,9
65385.0,-2.92382666427262,1.52483716405302,-3.01875803326242,3.28929147538496,-5.75554237361289,2.21827630310359,-0.509995431790455,-3.56944356866613,-1.01659168855188,-4.32053577559936,1.27720226474415,-3.70174966668488,-0.97186959353265,-4.85777667212588,0.0906055221312176,-2.80150199048762,-4.18680753704806,-1.64840609367465,1.1764455977519,-0.447039406719925,-0.511656805196235,-0.12272408639124,-4.28863899895194,0.563796657800838,-0.949451350280346,-0.204532177495445,1.51020648735902,-0.324706012560446,1809.82,1,18
76575.0,-5.62246941906299,3.48062317879011,-6.20067659397487,4.31123366835313,-5.22628632428769,-1.34176357284987,-5.22094094197327,2.68284353707778,-2.92148438224053,-6.56125741097377,3.21126387844398,-6.86166051434144,0.326461834627394,-7.7552536640417,0.50465219263742,-6.27661678567251,-10.6117146970978,-4.14677374512684,2.19728771323892,-0.156288522686099,0.949568986169808,-0.428985749759671,-0.35067550041691,0.197549503550848,0.15923422951036,-0.377790861014248,-0.213561786254573,0.459528918054306,293.74,1,21
55579.0,1.18634187897904,-0.72538154591938,0.149750791359638,-0.621162533358806,-0.988656009362507,-0.773948916118039,-0.272889705446544,-0.18587008136634,-1.26225597071607,0.8138939904987,1.25848001040893,0.715360173577359,0.597385981696496,0.296563513357051,0.116325114873951,-1.13911331893262,-0.285220300504088,1.34111282172122,-0.500083579389071,-0.256077081072415,-0.276067217435886,-0.533558756742274,-0.0523571057492365,0.386667369142627,0.224777094340975,1.01175993648192,-0.0843337881487004,0.0112804158975677,132.9,0,15
116881.0,1.9882772112689,-0.786821190045686,-0.740679932740499,-1.96681571483305,-0.880341387028776,-1.13481454624473,-0.449682633155831,-0.256533248368074,2.31601561296813,-1.33568917012797,0.033919780952073,1.77326120947674,1.60542221197147,-0.213439207040063,1.6618321898764,-0.76590154254453,-0.355640371841577,0.228946238516241,0.566388696165046,-0.0062530933278981,0.298648935061027,1.1096813890741,0.107395612763443,1.22217760680968,0.0437121404114481,-0.812045770244907,0.0764178429014532,-0.0159585103673663,58.63,0,8
93853.0,-5.83919161928092,7.1515323543223,-12.8167600806187,7.03111476501099,-9.6512721679897,-2.93842725771624,-11.5432071690832,4.84362653179436,-3.49427572506535,-13.3207888671784,8.46024444901677,-17.003289445516,0.101556614891384,-14.094451660329,0.747030766392512,-12.6616957230679,-18.9124938172188,-6.62697484523061,4.00892074227194,0.0556838813863639,2.46205591127559,1.05486518382957,0.530480596078193,0.472669814042592,-0.275997967880675,0.282435024801752,0.104886020210564,0.254417096767513,422.38,1,2
94141.0,-13.5120737201635,8.21517673687939,-16.5826057272747,6.20736889019759,-11.3184715177058,-2.99720698778128,-17.6404704062016,0.0403490750758574,-5.62023218946632,-15.1237521803455,5.93465734341534,-14.1750301634055,-0.169044491655796,-6.55255368427192,-1.57000723316824,-12.1725530183154,-20.1645422294456,-8.66881519685045,2.55087034384644,0.694574465326517,-0.907905601256761,1.5140282763652,-0.141879203311202,0.789185965955202,-0.0313427677694401,-0.255056581600699,-1.86583088908172,-0.442204311521227,60.78,1,2
29919.0,1.06601018956291,-1.545488942084,1.74565626151337,-0.123244869712002,-2.14048412554341,0.991293416064475,-1.77769043908688,0.465039787186662,0.753109032272635,0.35739806353804,-0.172993020500422,1.09819465793581,0.315502237246521,-1.29976424395345,-2.17980233212621,-1.5159335851844,0.287986665785773,1.67711729643793,0.0849674708637012,-0.296489643520104,-0.250113475520537,0.0543955420060595,-0.14155989591831,0.118289879484604,0.167138752225022,1.24717770535449,0.0266213043493839,0.0268704752670503,124.35,0,8
75718.0,1.31012486156446,-0.712801576426824,0.56010114362651,-0.669940261871134,-1.15725421374102,-0.520832965322689,-0.796148571636938,0.0344513003227038,-0.491517827572488,0.599699447505456,-0.233906376826605,-1.17729672630228,-1.07608300225303,0.0569526642159562,1.2696299621613,1.03614133786779,0.534656742071307,-1.60991055648164,0.117571412784349,0.0099490641548719,0.133579907480181,0.217508055149859,0.0416970048608433,0.0589785467239388,0.237833754769714,-0.251724095216831,0.0194204225617409,0.019559648830787,45.44,0,21
129222.0,1.17782379154942,2.48710339519253,-5.33060816051087,5.32454683526606,1.15024325844862,-1.28184253527583,-1.17199420002259,0.413778202141836,-2.6598401542684,-2.9716952359177,3.6195974073081,-4.47804406487578,-2.03418448611283,-7.77219735461502,-1.20149274946259,-0.509866916309607,-1.30436979397668,0.495999534593581,-1.35984389291856,0.156057238983783,0.262325116604754,-0.431790202566124,-0.092088065214941,0.145215897986796,0.457788410050576,0.167739067416406,0.451242541470912,0.268421209703893,6.51,1,11
63239.0,-3.87704482924968,2.26946377396331,-0.0320799605417407,-0.319616172405557,0.662677600182574,1.43955513303591,-3.11594474250938,-8.35482127728085,0.840628270034688,-0.315644996067548,0.823423253388717,1.05406700173883,-1.11044424544239,-1.11260789151445,-1.40508663867871,0.423329539781016,1.47672088372086,0.417236329958997,-0.6428048724639,-2.62314447016582,8.16503282007387,-2.79329125397799,0.53106053819818,-0.477828438277231,-0.0637623679626561,0.326823840861384,0.843576510668855,0.0941416561789255,16.45,0,17
95559.0,-16.308650062507,11.6148005425867,-19.7393862972953,10.4638662754002,-12.599145656022,-1.2023933184963,-23.3805078207357,-5.78113300512982,-7.81102238181602,-16.3035376590131,5.57362527301538,-13.6352161247268,-0.483236243869236,-7.35279224297253,-2.39268418895092,-8.72814239367754,-17.5988535455879,-7.45595632935304,0.169740705598221,2.10603387120175,-4.88498262418118,1.14091043558273,1.39295263139548,0.348996604820014,-2.16750975079914,-0.798753537981903,-2.94277507305079,-0.462679619023024,2.18,1,2
129950.0,-0.962594075059698,0.71536956746188,2.0745397463099,4.72641886019409,0.40278054205268,1.36484038100573,0.945208495170208,-0.164669799758654,-1.63342966110374,1.33228236100238,-0.944848146404401,-0.169893586456279,0.80182669514483,-0.647911740716494,-0.489658285398213,-0.953095006887014,0.653850120209646,-0.268794755231871,1.39987801317014,0.28407247402787,0.0678672795036787,0.697776361540264,-0.400743412041352,1.17605031300741,0.488415416020751,0.617594686974005,-0.0485121159055767,-0.187554180906944,242.66,0,12
41217.0,-1.23187546962689,1.6551325990037,0.859927334949595,1.22370958901241,-0.231262125861595,0.0237144003759347,0.343755042882594,0.50888951341476,-0.163055863297052,0.265992824827484,-0.629763212883124,0.611762077263301,0.443628188347956,0.0780741024840761,0.156448075454353,-1.15339545704334,0.744486328975201,-0.741525293048244,0.662519664718476,0.259055004327134,-0.0677363971238566,0.269869102847433,-0.0411636957800366,0.106342267869437,0.0678649032853614,-0.209587532338823,0.551364523335275,0.244671755493668,30.72,0,11
119287.0,0.125826549364858,-0.361205844348584,-0.153738139130538,-1.74034544883164,-0.476319974687246,-0.732790862034257,0.953217453330755,-0.288979339854407,-1.25688231750626,0.0583188886260865,-0.471849408351721,-0.871073024289489,0.136680233904691,-0.112862445725436,-0.0113433565099382,0.858150173461153,0.152930968832589,-1.24349751303457,-0.0598857315238766,0.365441388884404,0.6318867717396,1.46346199372061,0.22907830973026,1.12065849142424,0.0014259397994869,-0.0554847784823082,-0.0528438973395275,0.0085658896446644,233.8,0,9
77154.0,-0.715413746430203,0.608590312773943,1.15550089022062,-0.267565092666965,-0.563747540811752,-0.618897959603515,0.698307698659261,0.0698369023541396,-0.133341030527008,-1.02533539256113,1.50062918076179,-0.417898026653376,-1.59029515148629,-1.07499904137371,0.288234297659522,1.37776850908719,0.22388685433899,1.31107267514226,-0.896071786353489,-0.186977992930248,0.130748607589043,0.239389294462508,-0.0902274074581911,0.411572390517299,-0.216125965872995,0.353896329216255,-0.0623612631790606,0.0084330017316634,172.4,1,21
79801.0,-0.584484755899084,0.92595423993613,1.78489771401008,0.908358342206991,0.0185534121997428,0.260569466460696,0.40839313542972,0.327805509251315,-0.328883864544938,-0.104231104554788,1.14565914037705,0.574102860694464,-1.01410101524345,0.295325540355254,-0.448005422854049,-0.871477101800865,0.371651197352906,-0.206411728493471,0.717178815022421,0.0613278817186934,-0.0699551731705164,0.0671890538187278,-0.122781163053733,0.210662142950369,-0.09651727909734,-0.38370283261901,0.401688979887307,0.177649645263257,6.68,0,22
130942.0,-1.31982504876762,-1.2715176895916,1.50244885230537,-3.91276624968983,0.798438307491347,1.29764427458167,-0.338558409675483,0.345896467153196,0.776878248976122,-1.37802326889573,-0.0598836079052417,0.549706334816853,0.396632606975737,-0.5457501366005,2.01500004838432,-3.71978150399869,1.07934015059932,-0.0240413545834842,-1.37220144138873,-0.587279785301579,-0.0749294140609306,0.936090461634025,0.151109344501069,-0.608211823594076,0.656878553550071,-0.466498053384672,-0.0197246044223822,-0.213819377835651,11.24,0,12
59540.0,1.20246790832581,0.0598970609870897,0.577959884399976,0.572367283554454,-0.702566910691013,-0.833545875742152,-0.17480914812153,0.04364654841716,0.078231047491916,0.16259930603182,1.32003922991335,0.0476645026617171,-1.83187238244853,0.851318690183624,0.538714589546168,0.534599941945343,-0.483677736761926,0.134871373901526,0.107417559602576,-0.219663419681881,-0.215907646817201,-0.760004536852176,0.174060586428205,0.474846739835638,0.0916940726189736,0.071309484664449,-0.0457591828631141,0.0064740467584756,1.72,0,16
122312.0,2.20903189188871,-0.607257806909789,-1.30280793734641,-0.903194190620433,-0.455442889069471,-1.20626568769446,-0.283008200933018,-0.419702732014307,-0.721228481548668,0.84265471165766,-0.146076911107067,-0.0102571776378508,1.15691729453615,-0.162344333873989,0.233628556164671,0.755063740084208,0.199702652918956,-1.50886728331982,0.290908346470653,0.050602855599616,0.463047515239533,1.36538229340744,0.0545752968666382,1.23421799839923,0.207832235872708,0.0063858471367075,-0.0371682254904913,-0.0525097265804593,20.05,0,9
75283.0,1.50170589371082,-0.556370743907937,-1.79286138600525,-1.83462959048534,1.89286824964838,2.85919349151052,-0.606560895811491,0.588719030396452,-1.28523049088783,0.746149981299737,-0.0019668118859009,-0.789181038186696,0.0754812037751501,0.255610013646924,0.610556492147078,1.05321905214818,-0.0923049093604236,-1.15610350857859,1.00740509982468,0.191941274081633,0.137892080888081,0.178721477022998,-0.201041603729686,1.04640611425423,0.952139888579355,-0.0698649001999791,-0.0267627646250038,-0.0045918771298064,20.05,0,20
104526.0,-0.812336448525047,0.47672881458908,0.271488864690878,-2.27844668498765,2.69861804820025,4.14256784584892,-0.283807344149611,0.0191166067632584,2.13216761228556,-1.27533753830357,0.431321068416365,-2.45878422410718,1.22722282148209,1.06436080845423,-0.932910120013964,0.294304318700632,-0.421144465449589,0.419157467657519,-1.86929408656598,-0.40103901796193,0.896460736184345,0.531243225480356,-0.180413943001248,0.645898084813992,-0.0649963831624062,-0.438565367160972,-0.10130793597135,-0.068244486948737,13.3,0,5
93860.0,-10.6323749061596,7.25193622855414,-17.6810718207918,8.20414440620562,-10.1665907519072,-4.51034377036334,-12.9816061559658,6.78358879797499,-4.65932958355558,-14.9246547735487,8.38914233451929,-16.4655039422141,0.33851695978655,-14.224403603167,0.556584472572111,-11.683998043525,-15.8416159780561,-5.75319975278369,3.81304079276336,-0.810146481561289,2.71535704420309,0.695602689761576,-1.13812206664164,0.459442241911828,0.386337323495895,0.522438449202614,-1.41660373652915,-0.488307035713995,251.94,1,2
82711.0,-2.26165104845387,1.01511553455733,-1.7267942326785,-0.0865361160790211,1.04720521049444,3.90979339925116,-0.219798347475792,1.89695055258912,-0.611040725847448,-0.776442322560433,-1.06611241603353,0.36416655512583,-0.0369598341921636,0.852167745343002,-0.362660978916074,0.26662797841244,-0.065329786634448,0.163040959586784,0.53878406475937,-0.74385583001758,-0.0665737832347278,-0.329588436662861,0.0062585336487285,1.03229661054649,0.524043863892092,-0.389950044729436,-0.540589082570022,-0.53277559093076,186.56,0,22
73408.0,-2.86979494599423,1.33566696241079,-1.00953019777159,1.69388472852407,-0.741479894623347,-0.796772696354505,-2.61424187718441,1.06663646767929,-1.13549652218517,-3.9433368210052,2.57283021584331,-2.28866350030302,0.562084177710423,-5.33871420959882,-1.85325189141529,-2.619233053885,-5.23142512742468,-1.23485373672039,0.397308037124058,0.0115572104606548,0.528421372720921,0.228027080989586,-0.749297963439339,-0.0671789627433331,0.215792485177395,-0.453651011768872,0.349191042793996,0.198862268219404,22.02,1,20
42985.0,-4.07597468486268,0.963031254092613,-5.07607019842086,4.9559633578155,-0.161436852450419,-2.83266299767191,-7.619765445461,1.61889544068454,-2.99209215744034,-7.14219911358407,6.27866584548672,-9.40706094796316,-1.81887396082411,-10.7395718907673,0.224206083734093,-8.42708279627514,-13.5021528919623,-4.71296758855481,2.6304759946371,0.0588612515023862,1.03073825203134,0.165327776328984,-1.01750231442165,-0.477983380813876,-0.304986825039416,-0.106089275128594,1.89971434181658,0.51146170682063,1.34,1,11
13323.0,-5.45436177939673,8.28742055534983,-12.7528112729386,8.59434189301081,-3.10600228114338,-3.17994875686414,-9.25279393795831,4.24506220985367,-6.32980084623466,-13.1366983691039,11.228470279576,-17.1313009454468,-0.169401056814124,-18.0499976898594,-1.36623566099065,-9.7235653091894,-14.7449024646768,-5.24730110631125,-0.574675143795817,1.30586191483437,1.84616479291417,-0.267171794223081,-0.310803969751621,-1.20168545799806,1.35217609502433,0.608424596360403,1.57471478384204,0.808725205090233,1.34,1,3
84254.0,1.06629172468543,0.0622086444408439,1.48569794551344,2.69916077856356,-0.843119997397662,0.521730536653994,-0.713034226868175,0.404536202687765,0.183767919291129,0.639319933184165,0.346453456975997,0.201819352205119,-1.58987383777125,-0.0343424067449598,-1.44229376695154,0.604762707745364,-0.364531927980998,0.226150462253979,-0.309929467556983,-0.248496533491971,-0.164167933333515,-0.369863685102204,0.0656376846331964,0.289597561861137,0.241082133944429,-0.104344097730496,0.0289906443493062,0.0213255112588028,7.11,0,23
26585.0,-19.8563223334433,12.0958932259299,-22.4640827464876,6.11554110191771,-15.1480215209615,-4.34672408349599,-15.6485074722661,13.2768048056341,-3.97416161954102,-8.85919405880884,5.73081553744459,-8.08803351213651,0.230824969324902,-8.57897327333454,0.000946636693186,-6.94774606726094,-13.4728970076501,-4.94021082886802,1.23014255193802,1.58292955492187,1.75072984045421,-1.40963570908141,-0.809809278333882,0.121396659905885,1.35030007077468,-0.224291873525585,1.59762136835254,0.476919818025438,133.63,1,7
10985.0,1.18239582589925,-0.15352734493498,0.720193335570081,0.152431988642154,-0.659126842096241,-0.316527387464447,-0.536419382977675,-0.022746562042326,1.54182793556774,-0.352857249158112,1.99158427831657,-1.94558729747659,1.47139708902326,1.71576283065041,-0.0603676320277138,0.798039023704314,-0.0602147892857439,0.800944552219938,0.0066641555845574,-0.0308800459320613,-0.026229893175139,0.083177121896654,-0.0854419767473196,0.0203737888931129,0.203019086594511,1.03245239306185,-0.100028200332937,-0.0042568747872226,52.12,0,3
90897.0,1.75852333566002,-0.45646496399834,-1.23145735147046,0.756854876713332,-0.0946666215096113,-0.998673190971097,0.364497373060835,-0.477769372202912,1.80402706727751,-0.39925131838439,0.0501234287664459,-1.90839000229105,2.0495495957666,1.63509097588956,-0.970160565708598,-0.244275035645422,0.476108145983166,-0.584213842672754,0.0037774706315196,0.0886211939125742,-0.306192677261811,-0.813459244516672,0.128454675120513,-0.13831914929242,-0.245452928076631,0.226034880162214,-0.128785310605394,-0.0418217323963489,223.19,0,1
25426.0,1.12533553530785,1.13014648418496,-0.962975334759173,2.67568785863118,0.990074518469203,-0.243317741184431,0.316192138064781,0.122960131988498,-1.1433427947576,-0.369908966047961,1.83449419801385,-0.491243315415958,-1.12990700459946,-2.23862224442526,0.27846874170613,1.47792560308038,1.77645429510255,1.14928218583042,-1.30699464468423,-0.138813697509247,-0.166736918429935,-0.52193383894905,-0.112376257435029,-0.592076750460089,0.520791314299405,0.0433535805717847,0.0151590212632604,0.0636117222853327,5.02,1,7
60353.0,-3.97521647515777,0.581573270980264,-1.88037210743636,4.31924127992395,-3.02432976021596,1.24079277107972,-1.90955892631241,0.660717557074542,-2.7526105653686,-3.55038539904852,4.83896418696128,-6.04023537903875,-0.374460483695606,-6.22194535944177,0.958758443736388,-5.07364263456328,-10.441008666182,-3.75552460094433,0.606452965011177,-0.656511434265513,0.578984295739867,1.39731081981072,1.04532195036713,-0.303999869268857,0.0052949592507338,0.235435243641064,0.962014797484666,-0.67355739317081,607.82,1,16
73235.0,-1.29831809096739,1.39857941697798,-0.879870183924214,-1.17091795416401,1.78277911431743,3.23712756878286,-0.600036366010256,1.79985077477841,-0.666143668264224,-0.392266917775666,-0.45173412451377,0.0877246910563384,0.0740361438197599,0.854192144766606,0.981066772608793,0.753917533225302,-0.563431641371271,0.159096773789068,0.345713836751963,0.137026621778312,-0.225444625481492,-0.95284288681412,0.0577059463729627,0.978983050436509,0.0624864382777044,0.0951633475280173,0.12685999929463,0.0386684251333529,12.01,0,20
26899.0,-21.8854339051741,12.9305051249875,-24.098871851647,6.20331419234722,-16.4660991227874,-4.45984212550286,-16.519835984614,14.5355647151916,-3.89702188761405,-8.6507583293562,5.3754339072439,-7.56721354069937,0.461807829323489,-7.82789139878016,-0.0228148529460228,-6.57804150255676,-13.0024594617382,-4.88446723880536,1.10435473489394,1.6119982189969,1.76223176917351,-1.57905510076487,-0.951042744820554,0.13456529188962,1.50711039768212,-0.222670856855594,1.52765527810284,0.453698638993223,133.63,1,7
40662.0,-4.44684654752268,-0.0147931576652609,-5.12630699550863,6.94512997633611,5.26925534782033,-4.29717716297717,-2.59124168468427,0.342670615268881,-3.88066304488519,-3.97652513857503,5.73008435556377,-5.03186814827248,-1.13543910933334,-10.7870505700202,0.265456230525684,-1.10421746262461,0.636412737308571,0.994101368746143,-0.688720555143152,-0.108006422684084,0.247912823388783,-0.0495861794607239,-0.226016961592253,-0.401235601042542,0.856123603036307,0.661272426708284,0.492559738814261,0.971834350005126,1.34,1,11
91524.0,1.95485173775774,1.63005630331209,-4.33719968092597,2.37836729179698,2.11334786136033,-1.58385066673113,0.65374545254113,-0.192892012453504,1.21760825458778,-2.8290982053899,3.50456779253823,-3.9181998797616,-1.01579192974001,-4.7045087050312,-0.968553075532043,1.85477191713001,6.02439676670687,3.53125033477791,-1.1962847755939,-0.230640095367639,-0.474437304644058,-0.974624666273666,-0.0481545042172499,-0.0235242678879109,0.362192024107476,-0.570709266940076,0.0256187202949634,0.0818803891570235,1.34,1,1
50987.0,1.07082063020298,0.303138009049243,1.75778318881107,2.83520534576622,-0.991030209860073,-0.129763012485703,-0.476989914734373,0.0811204491493561,-0.0534511377670672,0.463868728890176,-0.336485085085429,0.786021551625709,0.782077159682678,-0.546648349013606,-0.432323598202163,0.427843318061622,-0.269281894203912,-0.474409325968886,-1.05121855850163,-0.108024373518349,-0.0362085884156736,0.0668476714212828,0.0932812680182959,0.942766775102185,0.251588758389393,-0.0804093842563158,0.0472765830472193,0.0445983667029185,12.86,0,14
29957.0,-0.375387107184825,0.979856062078939,1.1539438462625,-0.115867544172695,0.16236362524412,-0.498796403117757,0.535986595663483,0.15098153597112,-0.483263494197858,-0.314590055269563,1.02586937982619,-0.0221062126911621,-0.893161012629704,-0.055560746623191,0.326055106623996,0.721000512469038,-0.305189877696407,0.58597166131502,0.328099968629584,0.0818625879624395,-0.242246971397879,-0.718742281822543,-0.0469944026008695,-0.0753804628853521,-0.178556278202704,0.0779778757585756,0.233529787816089,0.0831362302245556,8.01,0,8
128199.0,-0.562995389563351,0.0097342715010077,1.76522776801895,-0.745298487584962,0.268428721399315,0.0058354980201639,0.159820813663394,0.159237205594117,0.767773636138858,-0.592673137279874,-0.0464438385570563,-0.636846075818593,-2.35782238877222,0.150710760596394,-0.268033058036128,0.299070904551114,-0.850604696561711,1.13209789514245,0.0307608285519364,-0.112906149457158,0.235603579467088,0.797314132895868,-0.338773427290183,-0.432338287655479,-0.0542419727028474,-0.227531724896,-0.0347354744192738,-0.0960589323289952,15.37,0,11
79060.0,-1.92132567034831,-1.50553807767858,0.709918293152199,-4.15455545903056,-0.531732276667573,-0.574551639949454,-0.422496433854077,0.787423442660381,0.538377714284344,-1.74342394508123,1.02196328369271,1.21463608175718,-0.583642027581996,0.418401684247964,-0.119288348688138,-2.28595956567923,0.236243968247866,1.17364903462093,-1.67025773022081,-0.173243910416741,0.0104794416411837,0.103994271751135,0.223003636553179,-0.342664408047061,-0.0119727027805205,-1.05438406861797,0.304678781708864,-0.0192250064174,182.86,0,21
63569.0,0.600618784623887,-0.998993343288763,0.792632744298642,1.44003636714562,-1.08491471393274,0.333202746147753,-0.35511276239191,0.213809835192809,0.582165778712145,-0.0155127573429538,0.543602248963268,0.444782250357167,-0.781462747584331,0.157768096252228,0.0398667659706532,0.655428312681517,-0.731584416465598,0.971697828148203,-0.156335501455406,0.405316022234736,0.314496981963979,0.361238011885737,-0.379147857520352,0.0219636834129082,0.385703212455893,-0.266988974011238,0.00431010919736,0.069746634535933,384.88,0,17
41203.0,-8.42681446458936,6.24165891255794,-9.94646974501132,8.19961393161759,-8.21309336768256,-2.52204605104398,-11.6430282742756,5.33950009801351,-7.05101582770698,-12.2653238444006,7.04773274001302,-13.7429528415799,0.821627223133927,-14.1074642630375,1.02047093981622,-11.8478871921138,-21.6739867132891,-7.78404247450965,3.20430921695579,0.563869352833826,2.42746037443776,0.692666548056743,0.0203051671536146,0.499809093124917,0.467593621860553,0.483161969665241,1.19567086957704,0.198294350072086,117.91,1,11
47923.0,0.364376991240021,1.44352346510311,-2.2209073739296,2.03698508634993,-1.23705503097364,-1.72816100636381,-2.05858236489925,0.358895084111675,-1.39330570864802,-3.50579032571994,2.81431415481622,-3.34217599575955,-0.150269366634614,-4.82032224395007,1.10260955786246,-3.15703267184314,-4.40585022452865,-2.55882785118576,-0.208809536741974,0.310979602822284,0.402729680639885,-0.132128891527171,-0.0329771760409112,0.460860836846427,0.560403798330262,0.409366102366135,0.539668285308506,0.296918378210685,1.02,1,13
41181.0,-7.33434102050082,4.96089229123138,-8.45140959148547,8.1748251681484,-7.23746372952055,-2.38271066458273,-11.5088418575552,4.63579753722901,-6.55776036636164,-11.5198609264142,6.45582813287588,-13.3802218737527,0.545279226790884,-13.0268638593173,-0.453594543596495,-13.2515419788937,-22.8839985767803,-9.28783221397402,4.03823050489431,0.723313822249839,2.15375502636012,0.0339216178167887,-0.0140949200284419,0.625249955306557,-0.0533903339689031,0.164708739959664,1.41104749421382,0.315644799820923,15.21,1,11
26961.0,-23.237920244511,13.4873857909274,-25.1887729688701,6.26173255148578,-17.3451881651558,-4.53498915241687,-17.1004924771637,15.3746300252798,-3.84556677176243,-8.51176669710133,5.1385473219039,-7.22001986441493,0.615793286019405,-7.3272215995796,-0.0386320690669864,-6.33151509399145,-12.6888576275064,-4.84738160696153,1.02053587929144,1.63078748322503,1.76970812949114,-1.69197330547661,-1.04567292278161,0.143386499863412,1.61157707182701,-0.221575644736264,1.48123260638065,0.438124804842523,133.63,1,7
56522.0,-0.563283866567425,-0.189746864595456,1.58268132808115,-1.64544369956944,-0.244571812058557,-1.36491538562937,-0.0060195307343176,-0.0410806952842278,-1.11321028291269,0.0268148570560569,-0.66842655371347,-1.48767906646904,-1.26971484525957,0.030952605815734,0.23626988802541,1.40853043771811,0.0491130566416905,-1.38362193433439,0.0903017801547907,0.0492482579512197,-0.0092176203593452,-0.402717212139489,0.126541248718506,0.315050713761412,-0.463167101001447,-0.718152942477926,0.0879155576233925,0.144898135152658,15.42,0,15
67152.0,1.31142672288572,0.0894784164667098,-0.0567765718918175,0.195856650343631,0.150443644754443,0.0862891787776054,-0.1370817805632,0.0851014832338443,0.0294886765261517,0.134205465169587,0.096947269396003,0.0788692810669856,-0.528917354275655,0.552975483872856,0.540291073347244,0.942495047804552,-1.11090186403954,0.519005006121899,0.689505180041761,-0.101053577235068,-0.306287912434277,-0.964228695176308,-0.0324587960137416,-1.06302460398676,0.334828613177254,0.164723914870524,-0.0412695020913185,-0.0070014855436863,3.05,0,18
84789.0,-1.43086372778891,-0.802528699267131,1.12332029999445,0.389760264731692,-0.281213534404278,-0.055123492429819,1.32623248909333,0.195699815379613,-0.546889550453909,-0.71347376073502,1.27462907751277,0.0236821347785728,-1.52169610821701,0.727242085814848,0.166504662441577,0.348037591565135,-0.5663900830288,0.216016101767291,-1.14037564250718,0.634184289933654,0.325575470468413,0.0140018451191784,0.844946015847872,0.114962884542335,0.156364810543393,-0.619437446641754,-0.120351072821334,0.0355941733717493,473.53,1,23
41285.0,-12.8357595817777,6.57461542943546,-12.7884624825347,8.7862568391843,-10.7231209172666,-2.81353585641993,-14.2488465310891,7.96052082227957,-7.71875064933864,-13.0740681657723,5.97513066688423,-12.375374654316,1.47220511856229,-11.4706925061593,0.993143253686908,-10.9738046181506,-21.047629901985,-7.99078328442082,3.33103902941017,-0.617296150458597,2.67949007049737,-0.0473351062766089,-0.836982346024597,0.625349328179101,0.125864937720446,0.177623612238763,-0.817680255865793,-0.521029795905738,49.87,1,11
129619.0,-0.424384595095142,0.0830720104253234,2.47315901437448,0.702563359813712,-1.52393300857263,2.07250734373754,-2.15065973076552,-1.93230526244904,0.453896646179431,0.237069024518818,-2.49982409632492,0.611627993139738,1.12353095448611,-1.45691302891807,-1.31133803681828,-1.90891990895158,0.487489824874126,1.80507147577381,0.196782725933859,-0.825360199760502,1.91141460556015,-0.839473751322557,-0.349591371285003,-0.654434190907969,1.60953759122144,0.0003557145374558,0.335350427194573,0.180778980761179,26.73,0,12
76175.0,-0.72721900512434,0.0542764655042311,3.0266350581148,1.66626079989353,-0.698085185000298,0.90455961260517,-0.495591695239661,0.46288069925873,0.852017986594108,-0.735025690842218,-0.902178891008594,1.20128219805492,0.782937468579558,-1.28352157476907,-1.3496307673083,-1.33054929855489,0.905923739854058,-0.613827807047586,0.499981541822653,0.144566100078277,0.152852396074461,0.90127097457122,-0.0133307660419801,0.470855919987319,-0.281022824958663,-0.193628092522467,0.2507727577235,0.173378132364688,56.69,0,21
129741.0,-1.39620432643506,2.618584398377,-6.0367702713295,3.55245370976796,1.0300913064513,-2.95035827245882,-1.52850574519993,0.189319000841056,-1.43355448519874,-5.56914249554635,3.27754628526759,-5.89693656310926,-1.27710175970119,-11.2218047709786,0.326026786021776,-2.49734111017829,-1.58833565600268,0.120289372543204,0.170143879416802,0.0317945560061884,0.14317682159778,-0.390175928835842,0.35602946330105,-0.762351548983177,0.0965103406932942,-0.487861395288973,0.0626546228071552,-0.240732349240766,1.34,1,12
75388.0,1.24267574454515,0.106420241607181,0.230244892640303,0.457537362142012,-0.278891618135874,-0.510436267644951,-0.0694021716432245,-0.0345004696666301,-0.0877914278540954,0.151229401443599,0.987039217017288,0.520934466381635,-0.371808883886603,0.539783671407234,0.364262331054478,0.504141026141626,-0.732925433085136,0.417110555057248,0.166880701216418,-0.106225312927383,0.0684925961031664,0.183025923221609,-0.127143514110964,0.0301406397983904,0.519837346421614,0.433657685311828,-0.0430301779754259,-0.0031714482348603,7.95,0,20
10941.0,-0.422722564593611,0.82726135465807,1.96651223250615,-0.31771479655386,-0.383737062107046,-0.679248082797777,0.282825428736832,-0.19218489435885,1.13771291467869,-0.87749701428558,0.568009721675757,-2.44367263125469,2.18044402821313,1.23999824363346,0.321792360285308,0.349251447069311,0.279763027395909,0.261947140849041,-0.236729597384496,-0.0292417230642349,0.0282372919329533,0.302345211854134,-0.156115102200734,0.40876230913462,-0.249469586798557,0.976786063023719,-0.163387029323915,0.041766965766767,21.32,0,3
35866.0,-2.04448868873478,3.36830621710984,-3.93711139061868,5.62311973109633,-3.0792320390481,-1.25347411822809,-5.77887959312275,1.70742815771205,-4.46710312294842,-6.0677981503786,3.83978771072745,-8.27784094846266,1.49391490811495,-8.41668121212274,0.792297928201949,-7.86265882647354,-14.5708366290177,-5.18538553288232,2.41438956859515,1.11202761894884,1.48359421639379,0.834310712862216,-0.148485620188757,0.0016688545232818,-0.0389957310939217,0.389526401954901,1.30023645611458,0.549940374167289,10.17,1,9
120616.0,2.1399374755442,-0.643447956060126,-1.07136922946931,-0.54599530664523,-0.869935627102608,-1.08694858495039,-0.86427157687685,-0.184120160329714,0.0386206009822465,0.0771174380771957,-0.358281556411716,-0.672933539422726,0.38188400873687,-2.1493607670305,0.312729711572429,1.6713124224393,1.34330695121642,-0.458035768284964,0.22197171131436,0.0473006891483068,0.238390424825995,0.790993188715143,0.0930606531058777,-0.116816286617461,-0.135721478285359,-0.086932548561413,0.0300197603684329,-0.011235254085178,26.71,0,9
81884.0,0.419260827119968,1.07589353982459,-1.83056455538849,0.304413726266546,2.44774892389261,3.65761944092036,-1.35060314058303,-1.82133310925458,-0.738212954780052,-1.15824129247743,0.289442217886922,-0.142788493444866,-0.328121686743727,-0.733697985436266,1.45069259988155,0.89099629875376,0.716077228984362,1.15400895689606,0.0613489299534494,0.758016475284787,-1.37425136018096,-0.025866116412956,-0.0702877641789638,0.847775532752673,0.967596970297132,-0.217354993261412,0.0610369552272066,0.177826717116804,1.34,0,22
53727.0,-1.64927881611351,1.26397355628777,-1.05082567399718,2.23799063903423,-2.52788923751396,-0.889939993137591,-2.35525367110661,0.85465864123984,-1.28124261677782,-2.70501138232752,1.17447506014201,-4.38191956749248,-1.22666589816604,-2.95382425341893,1.99416119386347,-3.30425391022094,-5.58579436647491,-1.64370403169872,2.11863332532912,0.0874063699474628,0.679176431149171,0.731907051356776,0.333045475501739,0.392505235969248,-0.274197297543759,0.802348667525187,0.390808552793314,0.11214553148245,150.28,1,14
127737.0,2.08656828095609,0.128966492617234,-1.85997861646836,0.389792565729655,0.344761920950345,-1.07846634372726,0.120928922271094,-0.259790219086249,0.464881193784594,-0.287972412338799,-0.502692382555938,-0.423819956749582,-0.516668287193597,-0.696230219995451,0.88054799151147,0.514102996036327,0.403340809430195,0.418337049730377,-0.431863421308745,-0.185176852690208,0.146400847161388,0.502844802254839,0.0632200017085322,0.685344953297179,0.0754999611800207,0.649165130858769,-0.0716488255529459,-0.0365034665333702,2.0,0,11
66037.0,0.286302363835244,1.39934474808556,-1.68250270884931,3.86437703955242,-1.18537340204974,-0.341732013808781,-2.53938012266357,0.768378375007388,-1.54788162780199,-2.65971794652165,2.6215881261205,-3.46236188507757,-1.05430017332918,-4.95582330430277,-1.40027445820489,-2.33994291742419,-5.19779447735003,-1.34281449785555,0.288846910516582,0.270360155086889,0.352456413618901,-0.243677652080658,-0.194078546536702,-0.172201087463232,0.742237197555102,0.127789797006944,0.569730790365159,0.291205858831994,10.06,1,18
40172.0,-2.64730233798222,-1.49337885321595,2.60468013434387,-0.875359110632717,-1.13888904493407,0.185935390111806,-0.751827600051848,0.11713989318582,0.431556258262872,0.46167384325867,0.178547615968891,0.608610228034601,-0.64634055378678,-1.33782138055171,-2.7387418079042,-1.70346399242522,0.358042222319833,1.10977007462773,-0.142627474346961,-1.17152452699994,-0.621738474154435,-0.640326953726319,-0.0310345875087082,0.608085697323709,0.118321047520323,0.867753593259705,-0.965588131418496,0.917289301906654,100.26,0,11
48380.0,-2.79077103894771,-1.46426898705405,1.03116500769674,1.9213560843992,-0.0900138203463016,-0.483871347899329,0.780731181206493,-0.348775795673106,0.609133451935087,0.225933803313285,-1.06453419450651,-0.787372737955552,-1.57646958451914,-0.126756361711439,0.367012281940972,-0.635321654596588,0.327006411459276,0.0438160872305435,1.40357376229763,-1.37672077946455,-0.392667221970544,0.440019838749267,0.777659196131864,0.418551935584405,0.244563185949918,-0.159360689127314,0.0605395343366452,0.356958362771354,278.75,1,13
44532.0,-0.234922308660103,0.355412643473604,1.97218278594888,-1.2555927126284,-0.681386509254345,-0.665731671302037,0.059110489686438,-0.0031532770910343,1.12245113562848,-1.48124586053984,-0.473852105914046,0.9221844195147,0.913513839827119,-0.499349578859305,0.933898442932603,-0.560471962989049,-0.207706529097452,0.380541571066627,0.574335960915453,-0.0034694628125566,0.220670430492642,0.912107214037724,-0.286337679755902,0.451208246513352,0.188315252003614,-0.531845781256926,0.123184687838547,0.0395806345060398,1.34,1,12
120532.0,-1.07750881848172,-0.183534468743764,0.261831998434082,-3.3689877667019,-1.71586353837979,-1.23405303313575,-0.480942995291908,0.712340790900162,0.116547361397003,-1.59470946814509,0.953970925041405,1.95632045558317,0.543862131218117,0.480768185708361,-0.617738422609504,-2.26583553523312,0.434031270442469,1.38450167392937,0.440479887256808,-0.7136701500886,-0.496960516259551,-1.12767032328595,0.23265470668559,0.478278961246614,-0.144550722670296,-1.31008944275417,-0.25420195319307,-0.210450281398799,84.67,0,9
119563.0,2.26668025545294,-1.39049247491374,-0.620535838606001,-1.47376015635495,-1.48934818193596,-0.817586182609117,-1.18156172076271,-0.254766529187326,-1.1268956651768,1.52996810876065,-1.03751955491856,-0.447669732193708,1.16813658183075,-0.687111841633365,-0.13585821677326,-0.43072088087744,0.35179125074915,-0.0271232019347282,-0.173367322304576,-0.367311516605875,-0.13876268767208,0.145651423554854,0.223839435504184,-0.110901583009658,-0.245021786862533,-0.172568016459531,0.0288820592012251,-0.0424424574584687,35.82,0,9
93879.0,-13.0865194204794,7.35214833905529,-18.256576111808,10.6485054461688,-11.7314764509112,-3.65916740569145,-14.8736579646075,8.81047267511276,-5.4182040716445,-13.2025771482197,6.35722736343626,-15.5316111795156,0.659694875353275,-11.4123295951252,-2.44757607431839,-9.83374302098841,-18.1746174349071,-7.269904593126,0.623796611777714,-1.37629840858733,2.7611570593153,-0.266161809571132,-0.412860724865388,0.519952215674181,-0.743908960008006,-0.167808225140728,-2.498300252188,-0.711066151912636,40.51,1,2
127409.0,-1.16720872135234,0.759754423476753,-0.595749245238256,-2.69908203495959,0.931006243630426,-1.27780025734046,1.35554281947312,-0.234601248404444,0.705714977275772,-0.382933287155235,0.075887439711678,-0.215304399496217,-2.25028780863556,0.617667966946897,-1.68657768322849,-0.216727725068141,-0.698209615640139,-0.13426098339601,-0.287787148954745,-0.311863801619707,0.0332958272234835,0.297513156976018,-0.194959609458484,-0.370589365879323,0.0865303727347794,0.514857446916946,0.0136007566510421,0.226211894031201,11.35,0,11
108326.0,-0.633937601256177,0.8919688262196,2.36573517445194,-0.132816813954911,0.15299847966399,-0.256680239381427,0.547459515559925,-0.305329389264641,1.54122379477336,-1.04400946321412,0.364864831877021,-2.44335617685766,1.93434846739094,1.16208509093715,0.62680437141996,-0.356309952855478,0.329335586084778,0.390853222704433,0.475531724949637,0.0368036374581629,-0.290461036511964,-0.38108284928672,-0.250293197415065,-0.110853902689563,0.258662512268934,-0.736413309686694,-0.20311217805676,-0.152475114789009,2.83,0,6
71033.0,-3.17081841545902,0.185734554774403,-3.39985157931162,3.76115529034876,-2.14804702797609,-1.59894442520531,-2.51956531805231,1.31621501070214,-2.40010611621824,-4.99341703829647,4.44719176626515,-5.29376010254684,-1.41957829927441,-6.42527621352443,0.914083034195792,-3.51519716625381,-6.34745330751181,-0.90351216582405,1.19160626766329,1.93225372509724,1.09205113380931,-0.0410804286307278,0.904395217733676,0.180015601586537,0.0499703397242655,-0.257099837784436,0.859281566487016,0.225924185725605,569.84,1,19
11629.0,-3.89119195123086,7.09891625215749,-11.4264670967961,8.60755678650129,-2.06570621026229,-2.98528802203595,-8.13858941693861,2.97392807853452,-6.27279046836547,-13.1934150665232,11.6197234753825,-17.6316063138707,-0.355194389515515,-18.8220867423816,-1.2831290856146,-10.0310966568698,-15.2270075099256,-5.32200898058982,-0.501750653452579,1.38261899967275,1.75708522742867,-0.18970915318715,-0.508629244173448,-1.18930816877394,1.18853649934791,0.605241885913626,1.8815287524148,0.875260407222375,1.34,1,3
7610.0,0.725645739819857,2.30089443776603,-5.32997618300917,4.007682804682,-1.73041059025206,-1.73219256822244,-3.96859261813707,1.06372815344105,-0.486096552344833,-4.62498495406596,5.5887239146762,-7.14824263637845,1.68045074096412,-6.21025774661028,0.495282117814298,-3.5995402092184,-4.83032424210571,-0.649090120211694,2.2501232487881,0.504646226103286,0.589669127323198,0.109541319229913,0.601045276521079,-0.364700278220039,-1.84307769215194,0.351909298434892,0.594549978086464,0.0993722360416487,1.34,1,2
41227.0,-9.00135134450649,6.61328394324752,-12.4236347238918,7.51992923163014,-10.2662546389665,-2.11320754204122,-9.98428744767688,5.54194143253089,-7.38370453522347,-13.2151722995049,6.89518136811315,-13.2796997105282,0.755263578785977,-13.4170122721265,-0.210774362111057,-10.9226551270595,-21.90649321637,-8.82981976595275,1.85246698871594,-0.645393857931055,1.7758908996538,-1.22475761150578,0.0825935414630254,0.452088727391883,0.463827332847796,-0.296928065001458,0.526505578079938,-0.450890488772313,613.5,1,11
65616.0,-2.00986495265402,1.21169789828861,0.196305731466998,0.251343169528678,-0.939302073663708,-0.814106610036653,0.0623311103520684,0.914673057302349,-0.180612364708289,-0.403295126563371,-0.134060651634424,-0.179231012254743,-0.989606928490406,0.363470848956267,1.26252630910923,0.325288654046873,0.781500051983592,-0.500272549571173,-0.643994157112992,0.0187066500922329,-0.225628527151436,-0.737950856017373,0.015433553167575,0.334050564207398,-0.210172340173208,0.0931705272437603,0.324836452854296,-0.048532251205131,120.26,0,18
90244.0,2.07533455506204,0.268379354998968,-1.54820728549394,0.629426083723521,0.47021371857691,-0.85371856219273,0.091122755371354,-0.317027967118904,1.7826813260384,-0.747733163285346,0.402137346068324,-2.37055408684897,1.65895639849621,0.600112704110856,-0.530263974002922,0.27954623988371,1.21990409160983,-0.0400446173353185,-0.162421103980458,-0.202368599339051,-0.513306347584753,-1.12824784930726,0.355884184313492,0.505983866711443,-0.286991885806902,0.131145234826389,-0.0896864926822605,-0.0365817567717025,2.65,0,1
69159.0,-0.212265205494749,0.894276695012232,0.890772231814854,-0.388731157745001,0.805976075647059,0.135501490011962,0.771741905468638,-0.0294889879469147,-0.331445489597786,-0.119289276250349,0.284669050024932,-0.233141558764521,-0.34037334664826,-0.404396338161957,0.385726203464741,0.914309818011351,-0.798470688930793,0.839766429021629,0.707123494738525,0.222113165538006,-0.352756007550611,-0.844666596872426,-0.203085424977927,-1.07324558974507,-0.0550462783980082,0.110419103021264,0.0695532657829585,-0.149027290518713,16.68,0,19
113028.0,0.141034709367361,0.801523035256804,-0.381787075387716,-0.586148716954401,1.13916846363643,-0.644745569186118,1.31183230732815,-0.353293685499384,0.0270659134273518,-0.669217900739912,-0.707377172981932,-0.0217767544919884,0.521568058840313,-1.32978696516113,-0.242479948445942,0.295259441306426,0.154507567612586,-0.215383282536327,-0.158030304148471,0.239990903118968,-0.371006802378616,-0.814074410341576,0.138012441524716,0.378104078004077,-0.381717708798296,0.0939583254145811,0.0444252135415629,-0.135361118018416,62.52,0,7
132874.0,1.91074599785406,-0.52156042626609,-0.908926410000608,0.0556347985186357,0.0573254085757709,0.540315838880147,-0.510312090154576,0.206117195844401,1.01719558269703,-0.0221995485348886,0.128773506879227,0.831386518127256,0.029407274922516,0.190688687188421,0.110078458904048,0.596956858211245,-1.05743746089149,0.483378460340598,0.510358131900428,-0.0702792662118855,-0.203554350559087,-0.633733645793451,0.270083852601447,-0.262593895989974,-0.370106954729569,-0.66182540971867,0.0129780913769107,-0.0355698638827458,78.26,0,12
41194.0,-7.89688615307576,5.38101952251685,-8.45116161458266,7.96392808742307,-7.86241943013129,-2.37681997521459,-11.9497234569249,5.05135567269165,-6.91207600938549,-11.589748311433,6.64520072606617,-13.542095596465,0.888247918839909,-12.623316046432,1.00275519562895,-12.4322791426353,-23.2415971479491,-8.49529893803197,3.45394255518458,0.645974321869431,2.55794395644985,0.926277883497588,0.0327949396062788,0.638072585685807,0.361887213739485,0.444576520477986,1.10192314818996,0.205958012508108,2.03,1,11
57207.0,-2.68076387060886,-0.899728436325889,0.898469765447743,-2.44390190283421,-1.16879575964139,1.472670251719,-1.62174687383579,1.2937999420976,-2.24133499964158,0.797159074039052,1.64845761798571,0.0884053122778484,0.209499270218002,0.13341293589884,0.717888111026863,-0.652454757400196,1.35544792742959,-1.09940848773249,-2.15823767805614,-1.09783779730109,0.0953392419457845,0.456813033838855,-0.337198508733623,-1.01624883875909,-0.656035194457371,-0.366576284486982,-0.575967307876859,-0.0703755249790401,120.54,0,15
93856.0,-6.75050851563533,5.36741605145469,-10.0546349530569,9.06447791765316,-7.96811808353808,-2.26379841398236,-10.317566180676,4.23766573099145,-5.32410880613734,-11.0923923688428,7.15408284221914,-17.1504052507291,-0.0953992277686904,-11.0301103643432,-1.95905455483077,-12.4485623424367,-22.6679054064789,-9.26460873295655,1.9823563171714,-0.0812198922441237,1.90903201764938,-0.34873973066671,0.425000563135111,0.674908669807175,-0.784208393488163,-0.247422102935353,1.1595813739152,0.197817874685768,280.18,1,2
45501.0,1.00199171536791,0.047938380305255,-0.349001552412107,1.49395843665091,0.186938875230095,0.190965634380865,-0.0011121042259357,0.147140194715723,0.580415339651519,-0.792937990748917,-0.984171728067149,-0.567380064895921,-1.10559224967424,-1.38121354248053,0.405490421163411,0.279890165223202,1.1321602098483,0.0929929763441439,-0.298920455435975,0.016003673251105,-0.334417439439,-1.01431467260935,-0.128427315817252,-0.946241837638308,0.456090274720588,-0.453205972393371,0.0466270924243456,0.0646983543716214,141.65,1,12
83934.0,-0.433222446537596,2.42837911824053,-3.99645439738162,4.87129854095106,-1.7963078560437,-0.586867589935922,-4.65454261848565,1.28522967071729,-2.74353881589949,-5.63894131284807,4.3437434980468,-6.65573446968769,-0.293108662762872,-9.50514082568186,-1.39614905931922,-4.85032315924603,-10.0062528282393,-2.78959811229388,0.98258385892977,0.745029329890697,0.713558821786954,-0.408953595906886,-0.320889532152165,-0.804230275167984,0.962851575679124,0.199558010666927,1.09453318209808,0.541147567735467,1.34,1,23
85823.0,-2.66876241894843,2.25849364644962,0.337089906200949,-1.7941937851718,-0.956423397843672,-0.986579616112045,0.0613848505198495,0.512357967190545,1.80712492528318,2.32174435462078,1.07793940407296,-0.121857322886388,-1.84576603341926,-0.0552418087057939,0.137233512969426,0.780174116512454,-0.857446628534118,0.210311057940022,-0.730400880370757,1.01947318619,-0.355316121277145,-0.472385928247327,0.12854236714309,0.282699971179967,0.123350458980536,0.726944532979928,0.808466912590022,0.337257681381897,3.09,0,23
11131.0,-1.42662331260887,4.14198623236944,-9.80410344235714,6.66627300324451,-4.74952679326515,-2.07312900595144,-10.0899311630826,2.79134529885187,-3.2495156171301,-11.4204509744097,10.8530116481991,-15.969207520809,0.546690084634152,-14.690729133641,0.91233739988339,-12.2271892780267,-18.5873662058916,-6.92076186060174,3.16699890688552,1.41067765264616,1.86567876848945,0.407809281593599,0.605809354312964,-0.769348118123441,-1.7463368287861,0.502039516709683,1.9772583297728,0.711606531209485,1.34,1,3
95628.0,-17.5189091261484,12.5721178535385,-19.0385383213549,11.1908946558522,-13.5547207079601,-0.41192361337145,-23.189396512394,-5.30141221815132,-8.63039030596902,-16.2556117491401,5.70211147983179,-13.8124040899594,-0.306815322507812,-7.01360737195925,-1.18229035380557,-9.3601791927531,-16.6683693822389,-7.14746777723207,2.16209864550609,2.52851232971436,-4.96947772242457,0.976124822110751,1.8412479337881,0.334417748210128,-0.720128461316563,-0.232603423065217,-3.02199247294556,-0.478158234859683,2.18,1,2
73626.0,-2.34500898929656,0.523186962126139,1.72071311766075,0.0459110877770186,-0.333520783979759,1.72697743902347,-1.35238297601865,1.89182119445605,0.0774119526418974,-0.71437096341764,1.50196463807054,0.928058246621509,-1.30333170875906,0.619093936602433,0.543519154275766,-0.809448107056949,1.31923294376433,-1.3672341210076,-1.18949896471439,-0.122704199353312,0.145313543855531,0.447342320029286,-0.1377670487431,-0.789079027347162,-0.122123442162783,0.473103920849104,0.275375378129375,-0.0731031176143406,8.14,0,20
77182.0,-1.41085190223088,2.26827061391536,-2.29755364869312,1.87133052690782,0.248957097554545,-1.20879869131782,-1.35864849113679,1.10291613180529,-1.31736377078276,-4.62691916410905,3.35763973653551,-2.99881490434833,-1.95678634545881,-6.76663337149207,-0.869899592420961,-0.868576751992314,-0.370333268936992,0.419265507331837,-0.894893657235367,0.0580625903425241,0.155380926745126,-0.614880421672272,-0.196125537805858,-0.464375543427361,0.118473100986687,-0.484537034984231,0.373595915880442,0.187657248903867,1.34,1,21
47826.0,-0.887286905534409,1.39000150924187,1.21968581996397,1.66142517591961,1.00922783931161,-0.733908444749524,0.855828927220991,7.68462281197611e-05,-1.27563149417191,-0.433393925731893,0.141178993422237,-0.46034845602669,-0.367867931021877,-1.16833941780754,0.152107630618373,0.882231823726865,0.601804858067329,-0.304092391463557,-2.19176427800358,-0.268347371086252,-0.0837343767453397,-0.346930257215667,-0.0506187067885922,0.23104442462061,-0.450759875468406,-0.376205380931623,0.0345043694610426,0.157775320404088,10.13,1,13
70071.0,-0.440095203221886,1.13723897606434,-3.22707975693117,3.24229293383089,-2.03399815309639,-1.61841464754635,-3.02801259904704,0.764554819893569,-1.8019372093973,-4.7117686842189,4.66325458481107,-5.17173460782892,-1.62407024790733,-6.71387819491558,0.607986267670607,-3.27520749888835,-6.8238312134789,-1.35530868624906,0.291250739005026,0.895840844006848,0.764186724577691,-0.275577693085964,-0.343571526478397,0.233084829252444,0.606433640125543,-0.315433462199896,0.768290751269875,0.459623327730251,303.76,1,19
79117.0,-1.2563875110598,1.29385752906195,0.505172425552751,-1.59593740805967,-0.138090032649308,-0.287996177499235,0.695367692110183,0.307919587173652,-0.436703967267449,-0.489504710551641,0.443726451563297,0.718001528576853,0.429699996109703,0.366526995061267,-0.388380194381278,0.940574983907135,-1.01186063723987,0.144190513468899,0.0491273645639188,-0.126942382381785,-0.104650497202184,-0.484966872615233,-0.0908461112053536,-0.459179941728242,-0.236330498435153,0.655063945893487,-0.240797357676375,0.0568915273112957,85.93,0,21
64585.0,1.08043336974687,0.962830680816555,-0.27806547765439,2.74331806279958,0.412364075681078,-0.320778352962878,0.0412895489552235,0.176170299597767,-0.966951551053629,-0.194120466505581,2.14005681553663,-0.276308752749667,-1.19130573752489,-1.88027540328199,0.398271956336376,1.36743302249318,1.52266169956075,1.02631748255981,-1.57707047840184,-0.172658644566365,-0.008996174092574,-0.0570361435998535,-0.0536915092211487,-0.0263732767799466,0.40029973123052,0.0728277709127376,0.0270429343018625,0.0632375727147923,0.0,1,17
129808.0,1.52207986461923,-0.51942947320952,-2.58168487999205,0.774741045624737,0.206721720660857,-1.43102011805619,0.757011225164691,-0.444418034237894,0.997921025301102,-1.4294901237515,-0.375466188651408,0.17909486429195,-0.148448551372914,-2.13515486441111,-0.0449156938101637,-0.0553327528802965,1.77869660251824,0.671832434178931,-0.00202115788658,0.361168932269551,0.0196494069605455,-0.211678284664816,-0.24745192402646,-0.279471886713974,0.239646122725123,-0.50839814288348,-0.015551488169813,0.0418807020330689,369.07,1,12
55391.0,-0.319185521540589,-0.0465113322593791,2.19328549858401,-0.0308537529914569,-0.449358608098292,0.812523094318857,-0.51866516695767,0.193003172078262,-0.615672182574762,0.880400740530116,-1.33351435253189,-0.914041156957775,0.247072549291592,-0.540538890294647,1.9298048191178,-1.2387942309657,-0.375312987621086,2.05529241853236,-0.812162033792865,-0.117280044797262,-0.0961103117897521,0.512119413264546,-0.100051441302515,-0.813394600376491,-0.551805541652249,-0.176698324483825,0.33734048413866,0.0147739551708406,34.05,0,15
56098.0,-1.22966891678814,1.95609915073809,-0.851197959645561,2.79698655025108,-1.91397684079333,-0.0449344462262948,-1.34073935355915,-0.5555479867039,-1.18446766006311,-3.24510859732028,2.33832327000211,-2.82004218823068,0.763325773164453,-5.41958986916794,0.0414327925041231,-4.18075778829053,-4.2850705920981,-2.53645157282245,0.93023918577297,0.270459255150975,1.20805425987967,0.277611797272191,0.0192658003152734,0.508528831195383,-0.201182897226566,-0.249600419347595,0.562238742839488,0.0753085014191344,228.42,1,15
35953.0,-4.84437152213983,5.64943864783758,-6.73039574613665,5.25284201867297,-4.4095661499774,-1.74076745609347,-6.31169852901067,3.44916731253577,-5.41628435913526,-7.8335555711125,3.6573495649865,-7.7814479532704,1.50772042676786,-8.60475886835984,0.0105926875670707,-6.55397325691037,-12.6243936527694,-4.98990973846596,1.64541389333247,0.284555090358885,1.19488835625662,-0.845752531858704,0.190673885417928,-0.216443252531192,-0.325033100382822,-0.270327592956951,0.210214051535782,0.391854886292055,149.28,1,9
56624.0,-7.90142134976781,2.72047248689249,-7.88593567244075,6.34833355148109,-5.48011903551053,-0.333059239585013,-8.68237644547782,1.16443107786426,-4.54244738562489,-7.74848004950582,5.26658587269696,-8.67967880327782,-1.1663656781569,-8.10797466085831,0.701364761025326,-6.28830575777651,-13.7531307979331,-4.32923927421315,1.50425021091709,-0.614719344485925,0.0777390506575033,1.0924365947863,0.320132727437797,-0.434642552856739,-0.380687072327338,0.213630359032603,0.423620329379796,-0.105168533503988,205.08,1,15
28242.0,-2.78724793061533,-0.0713403777285035,-1.50528777523306,3.36177713733967,-3.35742166883665,0.565834734346537,0.303653111125521,0.966914484943676,-2.24588195188782,-3.65142656863483,0.987277021963291,-3.83478156926117,-0.961354142524746,-3.18216808481143,-1.1260022842247,-2.95430081252595,-5.84121800175148,-2.91043029785417,-1.15585017273094,1.60739677185147,0.882940442444742,-0.246201930041865,1.75222678458672,0.219924964544368,0.15628169505776,-0.265894317684036,0.220694023253282,0.256076869786525,976.72,1,7
70374.0,1.23148360095278,-1.46669238740173,0.711343383043715,-1.40455165354786,-1.68595646256496,0.0197626825591489,-1.30298386085766,0.114378178531293,-1.88259551998963,1.50586492962777,1.41919872185445,-0.0846470925406059,0.583403792857221,-0.268505823219243,0.393603925932717,-0.237277821896785,0.398949224841965,0.362338901453774,-0.540559803040749,-0.144178638089461,0.0764946904479085,0.425581779787501,-0.0675525228217649,0.0169837566444086,0.205989820813194,-0.101028961777021,0.0474608797365089,0.0301330480811462,141.66,0,19
41505.0,-16.5265065691231,8.58497179585822,-18.6498531851945,9.50559351508723,-13.7938185270957,-2.83240429939747,-16.701694296045,7.51734390370987,-8.50705863675898,-14.1101844415457,5.29923634963938,-10.8340064814734,1.67112025332681,-9.37385858364976,0.360805641631617,-9.89924654080666,-19.2362923697613,-8.39855199494575,3.10173536885404,-1.51492343527852,1.19073869481428,-1.12767000902061,-2.3585787697881,0.673461328987237,-1.4136996745882,-0.46276236139933,-2.01857524875161,-1.04280416970881,486.7,1,11
102318.0,-1.02063166582361,1.49695912243222,-4.49093711758335,1.83672705849852,0.627318467501556,-2.73556861001066,-1.54627364241291,0.459821576439238,-0.68274140597399,-4.36310219273296,4.28702087961434,-5.40376835689762,1.26026230900043,-3.08774290682652,-1.31748806297981,-3.53705628406879,-3.17202752176385,-0.52988508450368,1.01162645030639,0.443488532055906,0.773630966413973,0.86061818130652,-0.304666447555476,-0.155499583027691,0.41216629075428,-0.220079647308722,0.392337584118175,-0.0200894870934853,29.45,1,4
79327.0,-0.870054813599854,0.559056184835929,2.55065195241051,-2.04092093660483,-0.415075316909596,-0.735066769375872,0.65697470271461,-0.304917686293863,1.78667041518473,-0.935277741217041,-0.486111867313893,0.100178735806894,-0.512645724373736,-0.767035003954726,0.789055154574118,-0.468984026969559,-0.570250999096767,0.231004332913665,-0.0118545563274265,0.27434338748798,-0.147407664699781,0.240986690378529,-0.425979142830216,0.385127154561038,0.561001704503584,-0.808620473343939,0.130121054858129,-0.2486607769786,1.34,0,22
48884.0,-2.13905055735992,1.39436766175691,-0.612034894995233,1.04932705568948,-1.1621019076536,-0.768219363115428,-1.99723740081007,0.574996543366778,-0.98083177624058,-2.49561924548174,2.5555891530874,-3.53043627008024,-1.01623381526368,-3.45519657744236,-0.0563633864076254,-2.46773703008032,-7.14032596614864,-1.27128002161365,-0.0017219235416342,0.0254265126136498,0.696954881120808,0.740003045389771,-0.15511524943514,-0.0506074460808317,0.268368293338874,-0.469432841163864,-0.405813768055179,-0.152170846988601,26.37,1,13
18088.0,-12.2240206243564,3.85415032971366,-12.4667657248211,9.64831072711484,-2.72696132147655,-4.44561038185083,-21.9228110340575,0.320792273696859,-4.43316165783721,-11.2014000859835,9.32879925655782,-13.1049334662012,0.88848078772943,-10.140200337183,0.713465392614318,-10.0986706554809,-17.5066115481045,-8.06120798966267,1.60687003263877,-2.14718143950284,-1.1598299509044,-1.50411888189644,-19.2543276173719,0.54486672601225,-4.78160552206407,-0.0077722810999307,3.05235768679424,-0.775035651186717,1628.92,1,5
84204.0,-1.92745281973369,1.82762056700016,-7.01949468454197,5.34830323951426,-2.73918788004738,-2.10721929638307,-5.01584797563431,1.20586815982046,-4.38271250852199,-8.33770697381781,7.19030608944843,-9.42484446049178,-0.223292646427513,-12.8754942229841,-0.071918160688794,-6.2999613976222,-12.719207160428,-3.74017615583058,0.844059610296466,2.17270905626492,1.37693832294098,-0.792016725563067,-0.771414187530036,-0.379574271539528,0.718716522008066,1.11115125599517,1.27770725705846,0.819081152045361,684.57,1,23
72602.0,1.11359328808696,0.229631626050434,0.234608983541111,1.09817499209167,-0.0575286838524665,-0.462225940550166,0.25553240303154,-0.152094501488937,-0.147780325886152,-0.0738902199699499,-0.0344135167084259,0.70163378847602,0.786781880431116,0.268469185649077,1.08933290410572,-0.275305974772464,-0.191911659034908,-0.689838584902729,-0.74924239357514,-0.0314992685829424,0.0919973134317425,0.28269038348412,-0.11923160326022,0.110779928579597,0.625100216117629,-0.306274815241693,0.0268402061900828,0.0266213344879576,66.81,0,20
41397.0,-14.9703456545046,8.40142101040258,-16.8672384869515,8.25233430637468,-13.5651304873758,-2.78243755853826,-14.2637353490007,9.64341914576661,-7.70149868394332,-14.2266980575287,5.61099879659254,-11.7939788348294,1.59838653001563,-11.6069703760766,-0.0441804437896824,-9.28695473739369,-19.8997264249367,-7.518050849236,1.24351749943488,-1.61466005601289,2.71404480183882,-0.101355310559619,-0.439665974014017,0.519513861479409,0.789327982433797,0.0643574266343142,-1.62138568643941,-1.10481920857705,364.85,1,11
47262.0,-0.788015678512306,-0.261731310443556,2.01339000619416,-1.76814295582918,-0.0233824595605465,-0.688158151905775,0.301858261487174,-0.140400852120095,-1.16975759207124,0.0463008368216937,-0.317515983953766,-1.48737724421173,-1.05298871849138,-0.237466656714132,0.60983930247288,0.96506912159763,0.257380166527072,-1.6349413518945,-0.326089854612196,0.203593105909193,0.168959581659147,0.311091471068256,-0.178826859934629,0.040324449251402,0.355377525273023,-0.332578482212713,-0.155625251089171,-0.162717791676352,54.79,0,13
34746.0,-0.956424281031298,0.823768491751247,1.94352598502882,0.171188006741659,0.692652094583466,0.107320709247201,0.70908046590098,0.229095170577808,-0.666209512172785,-0.729782686843915,0.971995038316773,0.991637162927788,-0.172187630696847,0.0834059888038714,-1.39238580455685,-0.39191068484016,-0.209695208595396,-0.409577297009849,-0.567747937845011,-0.130883511280277,0.0109458125712465,0.105623732489016,-0.370391365420736,0.02021330803822,0.654548066856336,-0.414172451202939,0.0501473338861283,0.0494937064822575,1.34,0,9
26523.0,-18.474867903441,11.5863805198184,-21.4029168131391,6.03851541556808,-14.4511581398683,-4.14652350569915,-14.856123673178,12.4311404723263,-4.05335328722588,-9.04039624894471,5.96620250720685,-8.46396612952571,0.0786921317878341,-9.09253265181295,0.0108220973904713,-7.1863755078292,-13.7974745003699,-4.95849390971089,1.32116655982617,1.5779244011474,1.74113559593371,-1.25113794883836,-0.396219126116475,0.0957055555718895,1.32275094272025,-0.217954564863573,1.62879253147016,0.482248274865402,133.63,1,7
79139.0,1.25808585619615,0.439704313883963,0.330718888697706,0.681905941993094,-0.268329132130243,-1.04608553914402,0.164456253638344,-0.269326952051135,-0.142296587533245,-0.316352774664567,0.130966951616595,0.84912481152808,1.38047867288639,-0.517402569593385,0.967183002368708,0.424244201715972,-0.0712015100159526,-0.441018975359612,-0.206115077116131,-0.0077909098579696,-0.274617570623705,-0.735057756664689,0.115953013036318,0.376958685918089,0.255322922582856,0.0905863678404062,-0.0154304734986861,0.0332182803204949,1.72,0,21
41991.0,-4.56634156694274,3.35345148012501,-4.57202780762531,3.61611930403552,-2.49313810882875,-1.0899997127127,-5.55143306976649,0.44778308394893,-2.42441402571208,-5.69992228265959,3.58682418337431,-6.63622904939297,-1.1281764439465,-7.24554959537009,0.638325536245456,-6.85681003898144,-8.85187850534679,-4.5918832274368,0.936939858866071,-0.249127726683026,2.67446587862872,-0.0208799797343963,-0.302447083877198,-0.0863964000107124,-0.516059779833395,-0.295102234035121,0.195985145691014,0.141115102721758,1.34,1,11
94364.0,-15.1920640113629,10.4325276778611,-19.6295152518171,8.04607504591293,-12.8381666152727,-1.87585874614533,-21.3597382791388,-3.71784952676935,-5.96978174909567,-17.1415136412892,5.90239975502551,-13.5801472568557,-0.45140689941267,-8.33476258691073,-2.02514468652193,-10.1963336944105,-17.2709851692259,-7.07909577930568,1.51769533116994,1.65747618417276,-3.47409650326971,1.76544551266317,1.70125678162665,0.381586805077026,-1.41341748729956,-1.0230778939005,-2.63476129227348,-0.463930546269812,1.34,1,2
56279.0,-2.60070037847127,2.42164239835276,-0.579903125117636,1.77943836708202,-1.72959952497675,0.260709231369532,-0.592167602127183,1.35788649915269,-0.459869611834008,-0.0195604990054965,-1.14302493443425,0.554809960233915,-0.15145834205294,1.09228024595329,0.538327810568606,-1.01644308570584,1.47628256435051,-0.477385167233778,1.40553045828192,-0.682937836211765,0.29830920654944,0.317916258666117,0.087633445668116,0.106847168185436,-0.468303906372103,-0.276041969117869,-1.43512716154516,-0.0840966444763541,125.62,0,15
121276.0,-1.26940440008818,0.33428666004184,1.02446923422973,0.892373283766849,-0.102786557011095,0.196920293865938,-0.171500850554491,0.749902911722425,-0.329114402678728,-0.212666302108287,-0.0519883822150797,-0.0502675474268316,-0.812081111337412,0.674185980677464,0.500975890123679,0.501237457935904,-0.617024329385021,1.49546360348069,0.71795276481375,0.33245772276545,0.38956841040793,0.809005726032656,-0.115197345589119,-0.527875469613852,0.043780184591692,-0.346534337009675,0.288578297965178,0.0579968210878425,120.28,0,9
132538.0,1.92383614574322,-0.954203856026488,-0.549175811419197,0.360878062516895,-0.68145854361055,0.534863339818974,-1.00529911206974,0.281650256563071,-0.259856357697813,1.16757971768706,0.0340494445861989,-0.149307545680739,-0.909483543556764,0.34093378497062,0.196243485967546,-0.613224486418595,-0.830365370759427,2.09359620383914,-0.95142772818734,-0.555357894801647,-0.432442498610204,-0.971619211790053,0.375685625332812,0.067741216354767,-0.537971870567428,-0.945704257684519,0.0548565616216486,-0.0179377815336535,98.89,0,12
64412.0,-1.34804164426498,2.52282067569291,-0.782432259389823,4.08304665188122,-0.662280329645865,-0.598775712530929,-1.94355185121781,-0.329578950885032,-1.85327422572214,-3.16213595485783,1.53319383793753,-4.63512694781183,-1.11357273401976,-6.4358707376348,-0.293191947937035,-2.84993079536978,-3.65425828769231,-1.18303413658687,0.831623853010765,0.348896285038196,1.07987140816824,-0.352026410347836,-0.218357652796912,0.125865683985355,-0.0741801756408069,0.17911552652805,0.612579819202836,0.234206089600607,1.34,1,17
65358.0,1.1939160689293,-0.571085006532232,0.742522413618004,-0.0145876823031251,-0.624560898094263,0.832161659907577,-0.833350424512102,0.272896998506182,1.16942539891152,-0.371671945168217,-0.245676823310174,1.37594135044076,0.870456831276252,-0.819319364809584,-1.55090356200859,0.125852995600752,-0.397245548944671,0.272377065433488,1.22602219788409,0.062908129152134,-0.0495024276847497,0.207265101065706,-0.265271877292053,-0.67929377017329,0.511811527633814,1.24660443744052,-0.0286711040907993,-0.0061120075977227,42.64,1,18
66089.0,-0.832326426677733,0.50103794252301,2.15494908227533,0.918911719265605,0.15412524964923,1.27520926537542,0.289983456414535,0.2943479471373,0.204316654514575,0.050686865253625,1.20762516735945,1.02104575273431,-0.156185329836779,-0.460617302800684,-0.555568040511655,-1.26336066379286,0.498397624304829,-0.481550511292909,0.405266571084997,0.153060513841816,0.0733150679243351,0.813682095036606,-0.156039187016655,-0.243520336987509,-0.0450946854104304,-0.199251089914859,0.163079631962775,-0.0443986037049517,57.53,0,18
97235.0,-17.5375916846763,12.3525186682391,-20.1346128135864,11.1227714331133,-14.5710801396343,-0.381622313270995,-23.9286610291615,-4.72492103304407,-8.6030380974132,-15.2318333653018,4.41705461009659,-12.8935202086054,-0.10962845638889,-3.54722989444144,-2.17782399757845,-10.4020683266181,-18.3720191223339,-8.31409231206699,2.43582348553379,1.9251025961188,-4.35221313065903,2.38904092140055,2.01912792631133,0.627191869568278,-1.08599721239039,-0.0718032360759346,-3.83819790404877,-0.802564460951448,13.12,1,3
81987.0,1.17951288165627,0.303087350015437,0.438038453151722,1.37961506906495,-0.0571712945799797,-0.167705219869989,0.126320554968376,-0.0710586140269133,0.142651006580095,-0.15007171935157,-0.367151338323847,1.0547445062966,0.85279498977266,-0.131755660188336,-0.203950174439037,-0.771186121447321,0.207891024091981,-1.10169174805503,-0.372633486202764,-0.142741491892257,-0.0947808131359323,0.0295027013309637,-0.0678033099594404,0.108757075071013,0.698797553242983,-0.314757133306336,0.0478129467852627,0.0167512642499191,1.34,0,22
125342.0,1.99828028933631,-0.730596150814997,-1.26801801605937,-0.41706466245016,-0.512399516200012,-0.971226709250064,-0.113689633821198,-0.255983117142906,1.69976618306445,-0.488818337672192,-1.29969190903744,0.370015852965301,-0.66899458798133,-0.0660876507980455,-0.776975270222894,-1.04427206556487,0.342367565890325,-0.487924948453932,0.632924927420454,-0.176335725100318,0.25397825766244,1.09766248728686,-0.140673752748366,0.0558487167973881,0.301297474049582,1.06985154365473,-0.0750797790851318,-0.0743980393765874,60.14,0,10
92559.0,0.0721297718433002,1.17338205445462,-1.39583118988843,-0.734056937350642,2.52209803849653,-0.303468661979679,1.82030314419774,-0.901548918569241,0.901301701785674,-0.383359699882754,1.48746937058584,-1.97900434250355,2.53841079265425,0.157144284662196,-2.15894448084944,-0.163821567535858,0.55563056593578,0.699451984692833,0.110070550908839,-0.0175923115763098,0.0321886085238388,0.73088020706147,-0.259753752238761,-0.257825461156657,-0.919072399337654,0.328993417645601,-0.574314111763364,-0.128227569154837,12.6,0,1
12999.0,-0.974010645445681,0.635567258756307,2.56661210326068,0.111190396991437,0.0017482091107664,0.671524145062471,0.323604026408242,-0.0462568854958691,1.61246175763571,-0.684409882918714,0.166649630379942,-2.40952655355318,2.33994091075156,0.618464439730569,0.041958442831915,-0.0939544121845049,0.401638510006561,0.0973573597872682,-0.400600670822699,0.160988835853244,-0.0984959429438695,0.446204807104645,-0.223651675990148,-0.421439928232366,0.325277154659787,0.504185062187129,0.0323397183217576,-0.133573940069347,66.82,0,3
7519.0,1.23423504613468,3.0197404207034,-4.30459688479665,4.73279513041887,3.62420083055386,-1.35774566315358,1.71344498787235,-0.496358487073991,-1.28285782036322,-2.44746925511151,2.10134386504854,-4.6096283906446,1.46437762476188,-6.07933719308005,-0.339237372732577,2.58185095378146,6.73938438478335,3.04249317830411,-2.72185312222835,0.0090608363953452,-0.37906830709218,-0.704181032215427,-0.656804756348389,-1.63265295692929,1.48890144838237,0.566797273468934,-0.0100162234965625,0.146792734916988,1.34,1,2
38364.0,-1.30043719865334,-0.490068504552891,3.51084245262928,1.29403775950956,-0.230808598732203,1.91230850120898,-0.879708521800229,0.762279992610278,1.12793818617578,-0.344777487144741,0.685659108175234,1.2305639719795,-0.227948304480992,-1.25306369924582,-1.33138233869371,-1.30483591177253,0.768518867414551,-0.100850097217363,0.508633953764144,0.450301289474731,0.226462285383565,1.24120718042423,-0.188923978504022,-0.214199393895133,0.325212611544993,0.0479448184007062,0.253834971974588,-0.0676788781636348,79.32,0,10
64093.0,-6.13398694801985,2.94149944882418,-5.59398556768425,3.25884522291112,-5.31551221858167,-0.637327763117765,-4.47648804491816,1.69599358704814,-1.60674315131804,-5.11725920989043,3.97722223959189,-8.06609609331146,-0.760887591756867,-8.66077095912039,2.22023798968633,-6.23759654204862,-11.0463816554829,-4.15587936834903,1.76361087438004,-0.815086315781228,0.86833985051032,0.793736498280638,0.217346586657621,-0.0219850652442062,0.145881913923651,0.665087660642875,-1.68418604869422,0.31019546302906,394.1,1,17
76845.0,1.141572041228,1.29119504187036,-1.43290045302393,2.05820222243243,0.940823737515849,-0.958273875563986,0.391154204412105,-0.0925192025989645,-0.0328285936060586,-2.15530254380865,1.0804386160969,0.0444153214634158,0.441176590070526,-5.05382476474338,0.315185256694669,0.821195361600931,4.02736603913411,1.07797898032715,-1.10727585500251,-0.0059125766066523,-0.366507064917023,-0.714464900739845,-0.14391066716844,-0.305177619493244,0.697514060032721,-0.312544722619217,0.106247471401345,0.125059863331359,1.34,1,21
86451.0,0.0602628733463185,1.03122680744177,-0.217929978426875,-0.434322907392347,0.787903476827442,-0.987314201843173,1.05988797620657,-0.166151593417525,-0.216473854953982,-0.879597710981229,-0.088328859563954,0.516557174599226,0.80617969642219,-1.15655204539056,-0.319039533753863,0.102982789363147,0.535303152414529,-0.552645015852092,-0.479600875583708,0.0950097467022523,-0.284801163313784,-0.659256838464356,0.188231661463042,1.00565453243125,-0.458864908084719,0.0860099296357084,0.225569130064009,0.0919695215016992,24.04,0,0
12095.0,-4.72771265581559,3.04446910225824,-5.59835426695611,5.92819080241929,-2.19076972938784,-1.52932296564747,-4.48742195988547,0.916391814103266,-1.3070104231933,-4.13889121357616,5.14940878300581,-11.1240186070579,0.543067765541171,-7.84094220494304,0.743633944785042,-6.77706923974191,-9.93176515376766,-4.09302112201074,1.50492485905709,-0.207759445103882,0.650988236282379,0.254983288954681,0.628843468802127,-0.23812845429317,-0.671332331960485,-0.0335900627800998,-1.33177732223058,0.705697590023144,40.61,1,3
57027.0,-2.33565492855671,2.22537994112476,-3.37945038583039,2.17853822878821,-3.56826371512658,0.316813583664713,-1.73494800330036,1.4491394338594,-1.98003348126993,-5.71150474047788,1.83721490161197,-4.5403416445233,0.747845860345767,-6.28431406964108,-0.128887216546494,-3.5632394063049,-7.36832064555377,-2.69295315786876,-0.450550113544917,0.274027122680488,0.78554012192761,0.29741198434836,0.308536146370564,-0.598415746387816,-0.121850330815637,-0.491018310202025,0.701606041424924,0.206966343288918,593.59,1,15
35942.0,-4.19407367570647,4.38289736244467,-5.11836337307965,4.45522984017686,-4.81262068168969,-1.22464470658392,-7.28132786701771,3.33224979453268,-3.6796585127756,-7.52436833681058,2.95434436554049,-7.09982534281257,1.52036890797685,-7.68780276684597,-0.225002021021292,-8.52085016639749,-13.2772997431934,-5.25370461976771,3.62333181402755,0.579098497681141,1.55047296606276,0.614572855219804,0.0285207917962781,0.0137043244720008,-0.149512012856955,-0.131686656095248,0.473934221832509,0.47375748155095,19.32,1,9
121305.0,-0.432669724143114,-0.107987966120186,0.677991694395414,-1.96348023659707,-0.104569784271125,0.307784302247317,0.319734794290501,0.149970232634851,0.946978888367999,-0.944037051362341,-0.518874815326617,-0.0677371248601208,-0.835462437435948,-0.036885959860471,-0.294981959164502,0.561976849047233,-1.03866823264368,1.13068205131609,0.809506390770158,-0.084533731646688,0.260203899711029,0.795751655481047,-0.196546101541175,-1.03875701383701,-0.625109332235593,0.684526187618739,0.0215571587860483,0.176609512736988,120.28,0,9
92102.0,-1.66293711018596,3.25389242362715,-7.0404847120185,2.26645647990886,-4.17764891282786,-0.746924828187599,-0.248336733243902,1.09115651568673,-0.307137450847617,-5.56794705115052,2.71273940377591,-5.94840312668093,2.14472605490538,-4.21175592358692,-0.137195538810617,-2.63940913979839,-2.53235540606601,-0.667067027160165,0.626059293435215,-0.842178336511866,0.450381285220709,0.521161529635377,0.308325446158517,-0.318011840652356,-1.25536156975299,-0.691963403718384,0.264878381232973,-0.130444804408444,802.82,1,1
7740.0,1.02387386852139,2.00148526626613,-4.76975183220974,3.81919458538265,-1.2717542273697,-1.7346624268403,-3.05924503160896,0.889804791975203,0.415382113237262,-3.95581234352737,3.57205481558784,-7.18645159050588,0.147242340802109,-5.24930454889762,1.67833367358535,-2.64147310915178,-1.31205856007348,-0.391716050952505,1.11826355175812,0.204137684042271,0.343282648722251,-0.0541956644068491,0.709653952497143,-0.372215866946976,-2.03206836614816,0.366777602071192,0.395170669257609,0.0202055389458413,1.34,1,2
126178.0,-0.270181425792842,0.464302698127799,0.199852324092301,-2.15617995540881,0.770207122186695,-0.603812168324451,1.08052253311841,-0.267275540051143,-1.65577505268529,-0.102403186200874,-1.96477898944735,-0.840780035196367,0.230187308363838,0.232628187502604,-0.187392508130807,-1.07198403762856,-0.744680697788191,0.945239323107073,-1.04459771918984,-0.531966804975818,-0.535347860115299,-1.16604916651845,-0.222550083017943,-1.10119337321209,0.0429809068160267,0.397911856794208,0.0162323187909858,0.0956757835036553,26.73,0,11
123589.0,2.11077691783335,-0.408545834340534,-1.69154716192365,-0.851901480018711,0.29567957205735,-0.332342271150112,-0.0582334030311093,-0.0606342277126228,0.835282661308077,-0.084958438396147,0.265414067242768,0.59042974743966,-0.708010012474445,0.526852023866935,-0.527578270667312,0.0081172118723035,-0.525250384920864,-0.128153555776907,1.14987212501025,-0.184505633115405,-0.26651534167205,-0.682548967378463,0.243918847244817,0.114883731948387,-0.209365871242017,0.627896557100215,-0.114434439415035,-0.081717121706793,5.35,0,10
54846.0,-2.98646550822273,-0.0008912294816884,0.605886830263541,0.338337780759695,0.685448451171472,-1.58195443740193,0.504206377175919,-0.233402618007887,0.636767742518801,1.01029102209398,0.0045179679664243,0.0443966388940644,0.420853062352676,-0.931614224984722,1.14797368277192,0.48306309357216,-0.152470829644753,-0.285666258848129,0.0725498490088206,-0.764274258309323,-0.875146363670133,-0.509848660993286,1.31391790371009,0.355064731381086,0.448551563224067,0.193489780350156,1.21458768687535,-0.0139228973515758,2.39,1,15
53937.0,-2.04260819938332,1.57357807373238,-2.37265243271278,-0.572676430720841,-2.09735276458226,-0.174142123011242,-3.03951978687359,-1.63423295064356,-0.594808638750073,-5.45960189444545,2.37853722491518,-2.33027064686235,-0.24623272486659,-4.05852343611281,-0.316983146603949,-2.52266081131673,-5.60340034818128,-0.778439963776289,0.860211793588662,0.825565985313424,-0.723326195587733,0.501221637302624,-0.696892260580304,-0.600513726439022,0.127547028812739,-0.786072220292301,0.606097322391548,0.171696507911815,349.96,1,14
117510.0,-0.314809372910588,0.949282351030809,-0.281891121877775,-0.756532396092047,0.256112271665466,-0.60283728951411,0.477135872493533,0.465801840452027,-0.254921464991478,-0.433581189912193,-0.0117715410458961,0.172451266644574,-1.16143355963313,0.842208306919962,-0.972417016080806,0.422951930242321,-0.593924103434534,0.0940360384310417,0.387100734788577,-0.187021711669812,-0.208313088989206,-0.658972690977343,0.0833805414872124,-0.535007165409501,-0.470738796864213,0.156743856390909,0.107159133682106,0.0174587190543703,13.35,0,8
85800.0,0.326079218049028,-2.31209437995596,0.167917818053327,-0.0741407864264521,-1.79321168238082,-0.517294069040853,-0.027148792050966,-0.288946362261361,-0.539306019458303,0.252511306603775,-0.376403379186009,-0.0323545439109542,0.993703706907565,-0.53305803234766,0.120995133474474,0.98685599029344,0.404585623155528,-1.33450523171057,0.457767248375513,1.22437700449582,0.505343966122849,0.302353984435501,-0.562310736880586,0.484434655957328,0.333266933003538,-0.202473196856199,-0.0709551318609425,0.115874406224321,744.41,0,23
53076.0,1.29623080363477,0.417447287721689,0.193963067987499,0.901644194576026,0.13053136701763,-0.371634020776762,0.158125823740231,-0.202668656827626,-0.0795117562857989,-0.0450882478448673,-0.876737591678351,0.687487636238951,1.5747177026257,-0.0077912302905812,0.948315691837591,0.37715383740261,-0.868182736046053,-0.0671351121445059,-0.0644929660672327,-0.0295593500917474,-0.112113509551068,-0.2200020323662,-0.121021883862135,-0.440454448442227,0.671540040565908,-0.413518433654353,0.0328380408333744,0.0206001971066775,1.58,1,14
48518.0,1.43365210037657,-0.572500472152742,0.329817127878502,-0.763806945543108,-1.02815300661912,-0.80512787668622,-0.662005246395456,-0.0731927449152894,-0.49565523382201,0.657153902762202,-0.902138542163377,-1.56844130033135,-1.35541281349025,0.141338773827127,1.02952298707891,1.45770024316552,0.129919293838178,-1.21828573595417,0.805854740535421,-0.0129889850642166,-0.144627840694825,-0.622638012710953,0.0897963804966105,-0.185645797794918,0.239826624112774,-0.445026283243371,-0.0017330980907095,0.0146953108218813,16.52,0,13
126165.0,2.02793187193626,-0.524277439692949,-1.19736523442487,-0.366186765861525,-0.424334135177505,-1.15348244846338,-0.0026831666078362,-0.333391173273431,1.24134694985341,-0.324540780417024,-1.0040905639445,0.581455260271035,0.0665769610179989,-0.0281872206312008,-0.380614165306237,-0.591271436551279,0.0254888709584351,-0.624562090100797,0.540522174233257,-0.130970139761662,0.0642239819148181,0.447973948170577,0.034987260954979,0.0891207208772494,0.0272899738712894,0.999343298019166,-0.0927043235206551,-0.0697899588553329,48.11,0,11
47743.0,1.01606942078189,-0.0805255709833485,0.307261117048176,1.4610122657644,-0.276209625493371,-0.166700852114224,0.129355730844464,-0.0010017463751209,0.372553754637173,-0.142849962363969,-0.637524059194562,0.214176425951118,-0.716499764927618,0.202362886139724,-0.0185746416934315,-0.68491635169951,0.300105791642886,-0.888979959998992,-0.388175852340953,-0.0723327570616742,-0.0621994462267732,-0.145960791899128,-0.122409376561934,0.0824025927234764,0.614772351501892,-0.318987539883789,0.0214603171806109,0.0281175077509156,113.78,0,13
11670.0,1.39498063842547,-0.206921578664452,-0.290933822549303,-1.42642861460243,-0.261536554850343,-0.932379222500794,-0.144454520560012,-0.289063108626158,2.71043065361347,-1.35836752655752,-0.225687060791256,-2.78591362724052,0.852125359007716,1.92440322034108,1.12958478998835,-0.246038732906053,0.292565629685704,0.645470044633076,0.865554054417746,-0.143544300897319,-0.162242117015062,-0.137283812124047,-0.234377432482137,-0.634620192174643,0.729018478707751,0.101707157986679,-0.0401117560966983,-0.0075652812710274,15.1,0,3
43369.0,-3.36531852073793,2.42650326490524,-3.75222652688429,0.27601659835291,-2.30587029698066,-1.9615783188747,-3.029283444673,-1.67446174770883,0.183961286375875,-4.98092843827312,3.65788166668826,-6.40982235504524,-1.0873102947816,-8.50943318717532,1.43257178733402,-5.36989001074152,-9.06907940021057,-2.81980659631422,0.874542948076265,-0.0368373256714411,2.07000816413804,-0.512625728150551,-0.248501692422131,0.126549624264963,0.104166256940212,-1.05599732614735,-1.20016496678239,-1.01206584314534,117.6,1,12
100298.0,-22.3418888868038,15.53613332478,-22.8652284959099,7.04337354768731,-14.1831291919342,-0.463144880408286,-28.2151120538009,-14.6077905214735,-9.48145633401495,-20.9491915543611,4.73958247105186,-11.9249546896802,-1.50141102577851,-3.83678146634435,-2.72032883823594,-8.88010567222989,-15.8251362851177,-6.75042522352437,-0.129188144339879,4.10001904830367,-9.11042257588182,4.15889482041313,1.41292844456256,0.38280067392155,0.447153952515532,-0.632816336434319,-4.38015425911661,-0.467862869164174,1.34,1,3
30743.0,-0.825246545140137,1.07077630132643,0.392965271037123,0.235112240403165,0.79896604283111,1.05005926737215,0.482633296482184,0.242428678547483,-0.0720162725941814,0.578578310631423,-0.396753806866907,-0.991227843490147,-1.86175422255554,0.691720820538567,1.04053588017928,0.25346228947621,-0.733255263961584,0.759782573329933,1.09384302416333,-0.106973846806826,-0.116818972263425,-0.421606409523696,-0.217380947911671,-1.78620489311997,-0.423504370017211,-0.474882374799869,-0.0828467816203356,0.189802191680014,55.82,0,8
75114.0,1.50281128458005,-0.26637195208156,-0.781051889544384,-1.04966735572983,0.370546041838602,-0.0919690983420222,-0.0313458501666476,-0.267792278288049,-1.28920490271715,0.599410808402614,-1.00252282953952,-0.190794024991384,1.85458599774251,-0.241108600363144,0.611917169384334,0.77208701363088,0.0906808875707479,-1.77807833855537,0.794128912086685,0.178268555448502,0.144032334648263,0.463384975383082,-0.326798705523542,-1.23149738271377,0.957820055455385,0.025951851127542,-0.0046333496277853,-0.012110017200202,20.05,0,20
158.0,-0.159985036673326,-0.611632858229461,2.08141930157426,-1.0481284532518,-1.08345577175002,0.254356945302907,-0.782936554073426,0.264001941205066,0.404509215360876,-0.232303544717752,-2.09316827089706,0.465104232566179,0.650495508341059,-1.51449222349658,-2.53497822597074,-1.78680271755936,0.291461234226018,0.85193607648474,-0.564583751655944,-0.510184960072474,-0.365403740456431,-0.127932001202657,0.163175571365982,0.104227427084037,-1.28676528715754,0.74762533595901,0.241777014043167,0.237055507193741,13.36,0,0
58217.0,-0.443793956538852,1.27139528958141,1.20617786290079,0.790371244425149,0.418935334538855,-0.848375714713356,0.917690595034239,-0.235511404707869,-0.285692136421657,-0.867899742347565,0.614977120327696,-0.657947690982211,-0.948412031653891,-1.63514452424164,1.26320316314475,0.0685328870737372,1.32579410174258,0.376383480838994,-1.09619645414336,-0.0672050359210024,0.119278777095323,0.513479449681292,-0.264243409026182,0.443311288026016,0.0295163920697956,-0.335141048988331,-0.188814985117408,-0.123391459240302,6.8,1,16
68207.0,-13.1926709562391,12.785970638298,-9.90665002092758,3.32033688288942,-4.80117593230105,5.76005855618556,-18.7508891580107,-37.3534426378925,-0.391539743919107,-5.05250236713858,4.40680552357904,-4.61075647740608,-1.90948796970811,-9.07271093398351,-0.226074450896345,-6.21155748212485,-6.24814535335983,-3.14924669470095,0.0515761185277783,-3.49304991519446,27.2028391573154,-8.88701714094871,5.30360690376998,-0.639434802306313,0.263203123457008,-0.108876929971315,1.26956635541013,0.939407362758877,1.34,1,18
3965.0,-0.258321499662986,0.800523421272773,0.679301358555929,-0.369656661886512,0.454469358362779,0.168644307646612,1.36891383924953,-0.416472736603317,0.625090889416782,-0.318246636506662,1.25850259231873,-2.94440438531118,0.780641115798796,1.92912639193534,-0.285917131596474,0.153014639428718,0.0686299110827779,0.513318196286247,1.62785924524362,0.080921701158757,-0.497313496268682,-1.14883695529064,-0.0532769887897822,-0.883911609021801,-0.529006698240036,0.706678144973401,-0.262642164430814,-0.155375233166885,153.69,0,1
427.0,1.03107626224942,-0.45523299223766,1.56188449130624,1.56247853472831,-0.930127019563563,1.40787753385868,-1.14856327671676,0.626702330029719,1.46547994515549,-0.245997989205042,0.0966038756055349,1.19562969931102,-0.7688749958127,-0.728777169552417,-2.02792763163268,-0.554018199053438,0.283586474241672,-0.121894808446609,0.295542908989298,-0.211591353858796,-0.0804143589051935,0.240504443844683,-0.0878261244179269,-0.275648307325644,0.470777617608566,-0.244789345259783,0.111875400142171,0.0198055490440139,13.36,0,0
65728.0,1.22761441351286,-0.668973794096954,-0.271784826118016,-0.589439741635524,-0.604795004349645,-0.350284967097775,-0.486364540645055,-0.0108086285956747,-0.794944156080669,0.264544748886681,0.881268050432366,-0.324703760782435,-0.263263800489225,-1.11273543930467,-0.540849503339651,1.53341124817574,0.831442610720144,-0.473346676550517,1.19012126352217,0.273799209937263,-0.0260547222626376,-0.295254768133076,-0.180458520061445,-0.436538663158256,0.494649059264358,-0.28373826696629,-0.001128278642713,0.0350745013143425,130.98,1,18
80286.0,-4.59997344714408,1.28051477208198,0.434037438579916,0.09277545666635,-1.81569475196829,0.253717646648714,-0.782116768964156,1.21792562483773,1.08009172952667,0.951835616126524,0.158581376924595,0.436727113908816,-0.956269734123528,0.0492568954214772,-0.318510879458734,0.593131172933049,-0.151874263395395,0.633662733329593,0.645568590317184,-0.560833762287907,-0.157481953315062,-0.0031225182309679,-0.150423800118863,0.0310334637209614,0.181342883530177,0.091791833282828,-2.81677602771162,-1.07850853255147,38.29,0,22
11636.0,1.31655505729199,-0.198199369873334,0.107078489804454,-0.0300520519424269,-0.0579719222839748,0.362755656578463,-0.478208959621107,0.0670707188534672,2.02478459031606,-0.536710365929231,0.588131170070646,-2.22564549877738,0.910686084676553,1.48388525531346,-1.55110730464617,0.235423043992137,0.225603938197079,0.59600350882976,1.06371678008923,-0.129992678925318,-0.312920486943621,-0.474614338233092,-0.218014054375458,-1.01304332003472,0.543411437358138,1.14300893995931,-0.104582390755782,-0.0322885391292661,8.06,0,3
85102.0,-4.69925294270362,2.0924285670099,-6.08498003164785,0.793834708784944,2.50246509118728,2.51109201239747,-2.03049006964229,-1.83510187046869,0.618305227851382,0.421856019490581,0.747117330831286,-0.0675820436221768,-0.132938246293449,-2.93514501404143,1.46332306393105,1.68898757531612,2.73467606266161,1.89228353368323,-0.0588071025117338,-0.691304033009122,-1.26797023799025,-0.1714987200115,1.50320975849428,0.635735626469242,0.17212349287423,-0.486229874822496,-1.45127108256587,-0.0510389433229335,3.11,0,23
40266.0,-0.981326415749142,0.752790745967614,1.75282256781484,0.130020658110897,0.735473429937986,0.394537742103131,0.891199464267627,0.21177050567444,-0.725196449781972,-0.772685649661478,0.750133868725061,1.07581785471891,0.282266722746379,-0.0080183563016258,-1.39108679806185,-0.317249730337457,-0.342545721428533,-0.330690834240821,-0.427603501519743,-0.0036491807135694,0.0175164448414741,0.0781192417015569,-0.317799828384627,-0.300027400774777,0.723676435229124,-0.391799994925856,0.0390577354118439,0.0499467836890677,59.16,0,11
32810.0,-1.20148622941969,1.19740962256561,0.98403663879413,1.35990191679958,-0.0102552064700526,-0.0276289154577413,0.294507181204444,0.415162695821526,-0.412086783133312,-0.120180861649026,-0.633656882464752,0.671152912942613,0.599683992805985,0.116257907532771,0.138893748943334,-1.13900822610399,0.736314904393003,-0.732861648814852,0.740620681032571,-0.0075194102561244,0.0270011456189636,0.333315029217084,0.115634197736482,0.110688698176811,-0.0100229293106232,-0.241589024676872,0.0338236214571789,0.192522932213289,23.6,0,9
77627.0,-7.13906006793885,2.77308160372497,-6.75784506920828,4.44645597412376,-5.46442818500108,-1.7134014508064,-6.48536540922127,3.40939479860676,-3.05349271362056,-6.26070551479114,2.39416766551329,-6.16353737959229,0.60285052085239,-5.60634642932959,0.206621733749977,-6.52508103976033,-11.4083675448063,-4.69397773642436,2.43127449162965,-0.616949301183343,1.30325030896469,-0.0161181523663711,-0.876669888453567,0.382229800649027,-1.05462388774771,-0.614606036944453,-0.766848111948171,0.409423944116944,142.86,1,21
25231.0,-16.5986647432584,10.5417508026636,-19.8189818085279,6.0172946473619,-13.0259010501237,-4.12877900260013,-14.1188648469369,11.1611439952369,-4.09955143059712,-9.22282550730978,6.32936467621872,-8.95219071159749,-0.138363691274054,-9.82505442102721,0.0572235922374037,-7.54168742379503,-14.2595985921417,-5.03505152375192,1.43226792970939,1.53491982113512,1.72585282658181,-1.15160577552799,-0.680051901875725,0.108175914514646,1.06687834149611,-0.233720431391328,1.70752055210726,0.51142316911239,133.63,1,7
132021.0,1.72563488175464,-0.764049015314938,-1.96094944478298,0.180658256317679,0.242354496658503,-0.684624781261963,0.523552718870237,-0.440579920894572,0.342952943968472,0.0477957961706937,-1.47853021022766,0.226112335707749,1.05225542467902,0.260729022929544,0.646760688858823,0.331989903177874,-0.885210259470817,0.0006830627253472,0.0842134952101288,0.333394910551563,0.286097216752994,0.483433383414603,-0.287271576475228,-0.895103075283496,0.138921791523965,0.822936608568349,-0.128725422494891,-0.0401497593604797,306.04,0,12
7535.0,0.0267792264491516,4.13246389713003,-6.56059996809658,6.34855667313983,1.32966566904142,-2.51347884762413,-1.68910220031328,0.303252800547589,-3.13940905736457,-6.04546779778801,6.75462544809695,-8.94817857893317,0.702724998099873,-10.7338541032306,-1.37951985681718,-1.63896011485587,-1.74635013628103,0.776744097926754,-1.32735663549015,0.587743219006407,0.370508651493253,-0.57675247317433,-0.669605371766238,-0.759907529538618,1.60505555017462,0.540675396428899,0.737040381683977,0.496699108168337,1.34,1,2
126840.0,2.04231681544428,-0.14349533959503,-2.95471143760626,-0.579241394162177,2.61043327961308,3.14224927615632,-0.418329250394298,0.78467586204632,0.360030765791275,-0.350567418718855,0.329635267111732,0.183463224919458,-0.27311287741834,-0.597683436831067,0.583759688885606,0.178532071429136,0.473865962962981,-0.499073125787233,-0.139750549402345,-0.122933775978293,-0.352994265140915,-0.996361485837414,0.364445631435216,0.604770639151661,-0.264159364981885,0.21978689843566,-0.0390034994139017,-0.0429767437355867,1.19,0,11
46925.0,-0.481531150954278,1.05954227713479,0.647117402910268,0.905586233912649,0.81936824001549,-0.0911835663506086,0.504134851323607,0.161064336313081,-0.765053776949662,-0.55054534794377,1.48028602025778,-0.105359122514952,-0.804841454759319,-0.819901849432008,0.916881766469427,0.201150538864914,0.874890632270019,0.941476678511478,0.272698476205832,-0.0425151328862889,0.0706328691882125,0.192490772493404,-0.174659253437827,-0.438908072947488,0.239258996609831,-0.217823405004998,-0.0728522476980958,0.0104633125817071,1.34,1,13
78019.0,1.29653589595898,-0.523318180246592,0.81090286500508,0.323842681277168,-0.765390340275365,0.76228181602161,-1.01809869099249,0.2463382396502,-0.613523628826193,0.873134045332949,-0.177739810246027,0.582292029428811,0.884209729753937,-0.332225654481398,-0.239504748300059,-0.685782942747448,-0.852059433204112,2.20895732334495,-0.439546730973,-0.447286891012402,-0.401710433397566,-0.575731148432638,-0.0813696572436566,-0.8791095903408,0.405944418502518,-0.343369242782071,0.087980627407678,0.0236412167704457,21.38,0,21
81148.0,-0.781339433731703,1.36882830005258,1.35573482065948,-0.0532745311323989,0.153178677019533,-0.685371879650187,0.875760192098301,-0.189769300588991,0.0197372980276902,0.253155431279625,0.536997637892179,0.348994029775092,0.595219674478124,-0.846816642480022,1.1208095530762,-0.154275915681232,0.249586108092589,-0.82408213107182,-0.631919531190042,0.432391495672042,-0.322011070804377,-0.48438601082839,0.0431775728971096,0.357184846739291,-0.177063530175377,0.060627521565523,0.313978602426266,0.0056533725348906,11.89,0,22
93879.0,-12.8336314219519,7.50878980635543,-20.4919522106577,7.46577999198461,-11.5753037055975,-5.14099947650773,-14.0205637048257,8.33212047126021,-4.33771253089739,-15.5637913387301,7.61081978841573,-15.5923232225286,0.504789055226229,-13.2478885958622,-0.796526030140245,-10.3423283585648,-16.0445243414767,-5.8821359384126,1.57369789640089,-1.37892322363159,2.96684240389381,0.615344322057327,-0.766494757432984,0.431261005079751,-0.104974994617143,-0.0100913270781415,-2.4008113496639,-0.720556600051925,139.03,1,2
75851.0,-4.79366743133161,3.41891065333381,-5.07444453285381,4.03598694267746,-3.52787459906065,-1.92324150219959,-5.06598083804842,1.99688475994042,-3.09737916358313,-6.44720227383046,3.77557843937585,-7.49878345527601,0.231306922054262,-8.65826843157538,1.34330765668858,-6.17333085967808,-10.7080182544535,-3.50489419159365,1.88404425730219,0.342122343012083,1.16861781897539,0.289530903898366,-0.371888203724815,0.144761276597316,0.0847348250689305,-0.19743147093529,0.328671522253493,0.835394921353057,133.44,1,21
26931.0,-22.5616992591298,13.2089042844176,-24.6438187771226,6.23253182330679,-16.905611362323,-4.49743871970001,-16.8101841919321,14.9551067734604,-3.87129682308601,-8.58126551626339,5.25698760960799,-7.39361499215009,0.538800829120431,-7.57755201800709,-0.030725531904052,-6.45478323655342,-12.8456565242928,-4.86591773720169,1.06244185030067,1.62144422472126,1.76598663639159,-1.6355166467436,-0.998316503452087,0.138972227361725,1.55935014018173,-0.22212451669,1.5044246600224,0.445919826109776,133.63,1,7
73815.0,0.925780050908795,-2.26028404137418,1.04067469975358,-1.05595582971962,-2.67724772380853,-0.406305079909181,-1.47772653650521,0.0415115110671599,-1.01720999342734,1.3060287210914,-0.840434053949163,-1.73008522581444,-0.808015259158721,-0.413334722396425,1.35260330403859,0.303206553125008,0.306327073103318,0.952401275441648,-0.731253740620067,0.159994450005441,0.222341608457373,0.372221547401791,-0.226262866061699,0.364906985938979,0.0518805156264371,-0.0646359850942206,0.0214909760446664,0.0829855540353824,386.47,0,20
109297.0,0.745153216872909,2.80929887414381,-5.82540635746786,5.83556642595055,0.512319881201007,-0.615622343185995,-2.91657564356736,0.776710041712962,-1.87883185000296,-4.54693575081085,4.69879549591235,-8.50778570734412,0.718249309268122,-7.62871014660448,-2.24957848303647,-2.55866861696795,-5.30462366328046,-0.956938449028105,-0.585321852047277,0.40283675391689,0.284840710005163,-0.874383479410998,-0.0839950451669313,-0.651441658316508,0.454593823671078,0.0503758982755266,0.756952562644727,0.383868938615243,0.0,1,6
54649.0,1.15819442873601,-0.94524232862472,0.0700501288816888,-0.771672722560677,-0.593599570735935,0.310305623200545,-0.565103254344763,0.103849160679765,-0.834058808001606,0.61103982359434,0.881013455113517,0.210720769850762,0.262663633869566,-0.158982568406115,-0.442512087040791,0.895339226249015,0.297217619115149,-1.42180385396659,0.97494537914492,0.280550226109562,0.0733990677610729,-0.00141978060489,-0.15601933911744,-0.634042813311158,0.431581506669431,-0.25861179313934,0.0028071286529798,0.0136335319504535,155.02,0,15
65411.0,1.16825710733633,0.176090434179999,0.873716254983863,1.2043680931105,-0.828769593357497,-0.966261661715315,-0.134708165817442,-0.0663444542820972,0.333869822430279,-0.009550401729984,-0.231958548633402,-0.206699795713597,-1.07046881613655,0.469450053476034,1.26796812585536,0.332118221828173,-0.367346044048262,-0.161621199758611,-0.486416491615958,-0.192231830609586,-0.177159122417683,-0.594296167260337,0.157744070937429,0.644843230296558,0.214452926527338,-0.641038415274934,0.0283498319196115,0.0374114093974843,20.03,0,18
58222.0,-1.32278906321956,1.55276821126964,-2.27692070362638,2.99211739124618,-1.94706392017319,-0.480288250384527,-1.36238752318047,0.953242226598613,-2.32962885992389,-3.39355348115172,3.1284396921776,-3.57039373078107,-0.595198191474463,-3.98841505479623,0.995905842419722,-2.84378455855144,-4.82624611607161,-0.703883464864473,2.15221455770756,0.988493486888991,0.614968996752659,-0.195199717277462,0.590711261700839,-0.233377663885038,-0.164285286785183,-0.27749787053455,0.428610084734921,0.246393746180351,360.83,1,16
115861.0,2.02161663730077,-0.22036786310807,-2.61021528152747,-0.710458290314759,0.589196019264299,-1.79846411366911,1.0600382600902,-0.706400626022258,0.223296481905543,-0.270525644429462,-0.177861991537705,0.75196317987759,0.436632457095546,0.737021257186777,0.0539887459921814,-1.24545663204357,0.187711042831233,-0.977428303659887,0.320034610860686,-0.0118981430083147,0.333363487000534,1.01971242314552,-0.17010336154512,1.24702363968114,0.581952996463755,1.00808796006738,-0.159721268770792,-0.0761537707115176,106.91,0,8
21371.0,-0.727881519274457,0.265255597641233,2.53088915092871,-1.93475456919652,-0.0714181435586988,0.292919412156874,0.170590820886201,0.1159014212526,2.46445045821386,-1.88797458624902,1.85097214273467,-2.00891271174212,0.477959304237261,1.31456177120342,-0.354195203743559,-0.354172413868928,0.22041132340355,0.792697048414806,-0.0988344600873026,-0.13276396378874,-0.110016425997783,0.183469567619465,-0.379935898204734,-0.381192177401935,0.374052802348535,-0.806577802675732,-0.0777973774588231,-0.17080793378001,15.84,0,5
70536.0,-2.27175453696818,-0.457654560738072,-2.58905463865543,2.23077826688105,-4.27898250263823,0.388610079538804,0.102485457456358,0.813127838070308,-1.0929208385062,-5.03202838566819,3.51034756034463,-2.22739840581069,0.656823927974733,-5.19918574342056,-0.128311029598493,-3.94352099869908,-3.82052232662867,-0.570821093891663,2.78338340771804,2.28575790271371,1.09634200952947,0.658398654570846,1.71167573455248,0.333540036403021,0.538591373646869,-0.193528512332835,0.258194100840055,0.247269213953463,1102.3,1,19
19762.0,-14.1791651073631,7.42136996239257,-21.405835744128,11.927511869244,-7.97428068736155,-2.20271027666529,-15.4716122801735,-0.356594909586509,-6.38012489838839,-13.3482776536659,10.1875873241664,-14.5639797552132,0.59375935763569,-14.4915983463022,-0.281392503951236,-8.2641288443605,-12.4398049728466,-4.83707902601307,0.753149847889189,1.00276434172175,-2.36683606243662,1.13095519799655,0.991153238179024,-1.03313210707298,-0.327179344936207,0.634692903522304,2.17190494464567,-1.39528768393339,1.34,1,5
21662.0,-18.0185611876771,10.5586001882538,-24.6677412485732,11.7861803616399,-10.564656569212,-2.64568119936245,-18.02346767268,2.69365540308048,-6.21946362785238,-12.7447607871859,9.31813768535999,-13.3778574339457,1.02192386777466,-12.7843458873548,-0.451145843251939,-7.55136493140559,-11.3259968724596,-4.70125277749548,0.516317073274611,1.00770320533757,-2.31947946208034,0.908838783150801,1.35290370698024,-1.05922233762791,0.185750941504222,0.687037383632165,2.07808058379956,-1.42951702264525,1.34,1,6
48926.0,-4.14675676381896,-4.47333130179741,1.08871184276449,-0.673242700122596,1.43865871577996,-1.7482195951128,-1.75245247274413,0.804195338747273,-1.07163058027038,-0.449085682535115,-1.12617901842217,-1.16497888911986,-0.481160636587158,0.275349239502707,0.96473211028588,1.59372841481292,0.268849069386751,-0.855387015993522,-0.429040067875184,1.54408505865981,0.857812096767634,0.388425822372586,0.109844009633166,-0.456197265958987,0.495384146798301,-0.168277870529746,-0.0750053066997772,-0.622625560425918,296.68,0,13
14152.0,-4.71052878230567,8.63621438967976,-15.4962220036783,10.3133493732845,-4.35134098287048,-3.32268873543923,-10.7883728387388,5.06038112024979,-5.68931118776998,-11.7121866242875,11.1524905985837,-16.5581971409376,0.302644522406362,-17.4759212828566,-0.412393267331071,-10.222203169604,-13.7991476446987,-5.00858517858957,1.16202614780693,1.43423977941906,1.9905453513529,0.223785002572736,0.554408428563337,-1.20404159623154,-0.450684594730258,0.641836059375492,1.60595762479265,0.721643614506061,1.34,1,3
102669.0,-5.60369027985602,5.22219270751471,-7.51682997724608,8.11772427554261,-2.75685795265464,-1.57456462233583,-6.33034325040366,2.99841888080239,-4.50816689310713,-7.33437708370839,7.18872396524447,-10.6551809118898,2.59467986078199,-10.242859083204,-0.191158119172494,-5.50433407013933,-8.69777741257031,-1.93422536185434,1.95874993153475,0.227525994742654,1.24289620552409,0.428408392466797,-0.101183595116722,-0.520199121186447,-0.176937756589733,0.461449982566097,-0.106625180749266,-0.479661947808134,0.0,1,4
68029.0,1.09169170771561,-0.374792311032939,-0.977165118503422,0.376626784058007,1.90247515691391,3.8389315463181,-0.572581688157774,0.916860620411886,0.406392590225437,-0.0977517131823584,-0.639908982575451,0.28049494202723,-0.186470851828133,0.0137109714304073,-0.231997821202593,-0.0384768211202789,-0.501941522216508,0.0694167969392645,0.310451858495808,0.12238450917364,-0.0866662476902225,-0.334363462615015,-0.20655144755494,1.02271090822912,0.831559380795993,-0.291592640179108,0.0271958715781629,0.0301694256595381,115.48,0,18
27187.0,-24.5902447690465,14.0445667815106,-26.2787005866145,6.32008926518927,-18.2245126736673,-4.60996782569686,-17.6810033715155,16.2136267471409,-3.79409346877414,-8.37275316035861,4.90168265513877,-6.87283866404082,0.769776762734501,-6.82658448658054,-0.0544341798176028,-6.08495266503583,-12.375270529796,-4.81034474126699,0.936742237936608,1.64920202229571,1.77706277243531,-1.80487368611576,-1.14060456917063,0.152234466415679,1.71599702403257,-0.22047119903665,1.43495058143483,0.422491857762666,133.63,1,7
47545.0,1.17671575912859,0.557090903443645,-0.490799622910899,0.756424293386678,0.2491915585394,-0.781870546568533,0.228750322026116,-0.0408400791377636,-0.432110564245139,-0.585778431385528,2.28193937592012,0.654566719272309,-0.310379432324912,-1.04370522504569,0.513750399321109,0.399177755263914,1.14313007770305,0.256013886486252,-0.511210088142662,-0.10277180482264,-0.0621660000083396,-0.128168129786567,-0.0401759895545737,0.110040347467026,0.437891432381746,0.368808854483266,-0.0182873480981415,0.0311734033163997,1.02,1,13
48951.0,-1.07334229410168,0.73476828448941,1.38170339057605,-1.90010481241479,-0.418289512507373,-1.32283021677815,0.343935665614725,0.283033397939214,0.0758905033377055,-1.85267996706081,0.452668098523692,0.998507852699574,0.458783706551283,0.55387972194174,1.58677323460641,-0.993380706130534,0.562904732788275,-0.835082901831798,0.486602030900483,-0.050730453922581,-0.0054765056726618,-0.120901516777944,-0.129010600085224,0.645083804185409,0.238117012499036,-0.0959274788513173,-0.0707210350623283,-0.0268404336750519,5.6,0,13
69610.0,-5.3215228096986,-2.17064986231086,-2.8845242167897,2.10836438474324,-10.4190448764563,5.90333454756786,9.42583712859837,-3.1481640501928,1.00521358589289,-0.258675134687208,-0.272028621474821,-0.789892593538145,0.291063779741648,-1.0676031799233,1.68120018093623,1.37981293477197,-0.740088605699266,0.17219321345839,0.662076138230278,-5.25840018244285,-0.880957932233028,0.955635401749141,-1.18250011240783,0.804484419429209,-0.641178744510321,-0.286377165936241,0.974828274942875,-0.988259680312923,2860.88,0,19
76765.0,1.05651618604766,-0.212479832751224,0.874658879174008,0.724410590691816,-0.855157046125332,-0.377909163643378,-0.248079949221851,0.0607703537045311,0.336079985703861,-0.0966135261980384,1.25999658489626,1.27496217537827,-0.110808268472385,0.044970289557586,-0.762929817274258,0.0670069925408744,-0.201682868173586,-0.32442146856892,0.452180507422615,0.0033468612700979,-0.276716445956777,-0.804604607969982,0.115908278640391,0.544817514791495,0.111716716852285,0.155777944921333,-0.0293053130390579,0.0211950827496586,80.18,0,21
68207.0,-13.1926709562391,12.785970638298,-9.90665002092758,3.32033688288942,-4.80117593230105,5.76005855618556,-18.7508891580107,-37.3534426378925,-0.391539743919107,-5.05250236713858,4.40680552357904,-4.61075647740608,-1.90948796970811,-9.07271093398351,-0.226074450896345,-6.21155748212485,-6.24814535335983,-3.14924669470095,0.0515761185277783,-3.49304991519446,27.2028391573154,-8.88701714094871,5.30360690376998,-0.639434802306313,0.263203123457008,-0.108876929971315,1.26956635541013,0.939407362758877,1.34,1,18
124831.0,2.23800030753339,-1.38353350987562,-1.8764178307552,-1.48889691739156,-0.713670958486892,-0.992578085093107,-0.445746813678695,-0.385348752872874,-1.48945854561168,1.59932054978697,-1.25052462210587,-1.23280213328795,-0.50551890113911,0.022538155059807,-0.741977344106799,-1.13227970184452,0.827169577174918,-0.375512586833052,0.143421186804228,-0.362299750222427,-0.159663604063309,-0.0972969906518229,0.0882344527929696,0.721710314528041,0.164664901420604,-0.0787687682148371,-0.0508430281305058,-0.053429258901265,102.9,0,10
93853.0,-6.18585747765758,7.10298492227346,-13.0304552638937,8.01082339822486,-7.88523736131971,-3.97454999359808,-12.2296077786617,4.9712317023058,-4.24830701294998,-12.9654812039222,8.68830799242781,-17.1829184301947,0.0695769150313325,-14.1161560074304,0.959031717400206,-12.3753337375636,-18.716764511809,-6.52201457322122,3.51795494036344,0.483930108481186,2.50277241039945,0.481691289576756,0.480957977547458,0.360318638811951,-0.293354295977635,-0.199193157971208,-0.203917328209747,0.398927185850218,60.0,1,2
51155.0,-11.2054613927303,7.91463349246877,-13.9877516388388,4.33334117975523,-8.48496952268505,-3.50656117309394,-8.93524303241605,7.70444915069923,-2.33658417970129,-5.92735916911943,2.47040101557896,-5.7885170305197,-0.391939257057427,-6.52746224116063,0.899859362283244,-3.84729284231041,-6.70063744821132,-2.49261610727828,0.469554313978012,0.860911741764656,0.942593331002491,-0.987848114682141,-0.279446305433771,-0.0272992246723051,0.644344195524188,-0.263077923082484,1.08402252771111,0.211933356664813,133.63,1,14
39939.0,-0.568727582853558,-0.226936286991118,0.597769914526119,-2.0808779870266,0.647818779123005,-0.536649246883592,0.687550764842525,-0.151304107325435,-1.3180570716545,0.598093506055759,0.0627756431656442,-1.41056723303352,-1.48438974672334,0.189062799284334,-0.63879036521801,1.52612347712196,-0.564157422410692,-0.744321042423132,0.924606159031181,0.394516589298252,-0.116615326192726,-0.534256185893299,-0.0128082915015837,-0.923592871345809,-0.058066702686707,-0.608245030330172,0.114578591522735,-0.0479020274143279,91.13,0,11
41607.0,-18.2475132286673,8.71325017095966,-17.8801268207974,9.24945923683651,-14.5412125237225,-1.91156359308197,-18.0146601306809,5.52216218981207,-9.28392451240577,-14.5571590528859,4.39243558567834,-10.3800731219167,1.61182090128819,-6.91763950579126,0.158841037400664,-10.3282423879882,-20.2545556896053,-8.53452256380618,3.25653448060821,-0.526368288315335,0.598842606268504,0.615318868165234,-0.486498927270445,0.739268468431111,-0.236844752247958,-0.0460816699541002,-3.01147328474912,-1.02214746628442,72.1,1,11
72780.0,1.53196871628916,-1.3528999678651,-0.681657976949757,-2.49869348807412,0.645325021010297,3.48014214209592,-1.84242991354604,0.87726801010798,-1.72952574966649,1.46208035576391,-0.230570255735381,-0.997384264408307,0.613018688240945,-0.373661931161898,1.05762523312048,0.251839407871451,-0.144834817439624,0.591244837000229,0.0035388138280166,-0.174481486334514,-0.28351361666868,-0.603537704084535,0.0825524668389007,0.965403223466766,0.312867975540326,-0.284448497818399,0.0568345349168165,0.0269399504842315,26.73,0,20
78725.0,-4.31247908052279,1.88647569827836,-2.33863356144698,-0.475242891532036,-1.18544386151204,-2.1120788975769,-2.12279296550593,0.272565132222544,0.290273064048255,-3.8337413849476,2.50978140392157,-3.61123136485112,-1.02429952994167,-5.29192495475268,1.6498073488757,-3.26265841898301,-4.33311795972043,-1.86304896791862,-0.0095336065683719,-0.718705614884897,0.550540662080627,-0.0678702198276179,-1.11469186343039,0.269069433187685,-0.0205724593187757,-0.963488862263668,-0.918888353795928,0.0014535621767338,80.18,1,21
9064.0,-3.49910753739178,0.258555160773118,-4.48955807274398,4.85389435139681,-6.97452154477167,3.62838209065084,5.43127092073166,-1.94673371078472,-0.775680092900109,-1.9877731876087,4.69039566550924,-6.9980424321007,1.45401198637847,-3.73802333366749,0.31774206255503,-2.01354268083989,-5.1361351026702,-1.18382211654359,1.66339401354543,-3.04262575715977,-1.05236825623151,0.204816873569406,-2.11900744010783,0.170278608305444,-0.393844118118335,0.296367194488607,1.98591321801306,-0.900451638402827,2418.46,1,2
32436.0,1.26153041906591,-0.507431732237741,-0.360430937851434,0.243572411405742,-0.185288764058553,0.15150831666319,-0.187263501194385,-0.0128816842219854,-1.01067553774537,0.908739582205108,-0.325695771209618,-0.0460023341003093,-0.445293413947487,0.389147770439616,-0.649889720443825,-1.34324858524647,-0.471589044932659,1.89289242958639,-0.124394562094636,-0.431239405061208,-0.388244701899946,-0.702821469417424,-0.276081435486284,-0.880704577833301,0.810895091222552,-0.224673260361526,0.0136315932532418,0.0066899285075236,96.42,0,9
132086.0,-0.361427838541789,1.13347191665669,-2.97136044013455,-0.283072525739314,0.371451592836109,-0.574679962140979,4.03151344147581,-0.934397840999575,-0.768254682100259,-2.24811517395215,-0.482409384022894,-0.690550364277623,0.181274905167329,-2.37255179777895,-0.0068680461366328,0.146399068662885,1.75931419392615,1.08303951438991,-0.391047742407487,-0.0258616224927044,0.110814637422018,0.563860612681898,-0.408436059432732,-0.880078912517905,1.40839232295512,-0.137402363335706,-0.001249817072624,-0.18275089691206,642.43,1,12
93920.0,-12.3810482122443,8.21302215295327,-16.9625296493409,7.11609059812684,-9.77282635905051,-3.66683564785878,-16.1473633736285,2.07870595319163,-4.25065683444105,-16.7460441053944,7.42580096307482,-15.5648376012203,-0.426338420425742,-14.0295376738875,-1.68188923012087,-11.1337609764854,-15.8335888785336,-5.74853293843859,2.27108150670047,0.53779490001906,0.1677033350947,1.5034133341063,-0.767755381526479,0.371951476263823,-1.41563947948017,-0.517022160118675,-0.434620522533755,0.292721057342818,129.63,1,2
112366.0,1.35654578723962,-2.82998709905207,-0.5315207698829,-0.45340262801258,-1.90085301974977,0.841684602287801,-1.28743981866053,0.287283634679257,1.38365984041146,0.350076157991776,-2.58536384151081,-0.903939089824883,-1.45612155762475,-0.680813389336812,-0.72438288473324,-1.14137390652829,0.14558464159903,1.44293263443358,-0.186364867497654,0.154037595414803,-0.310443028851691,-1.03935543719548,0.0126005300541366,0.096519819140712,-0.821737856887674,1.13127182329161,-0.102424121971917,0.0207710443026327,545.12,0,7
27784.0,0.288028928428076,0.965681439446855,-1.45949519977085,1.92186300234526,-1.91241402974899,-1.13028190025527,-2.81426265960526,0.648663224885543,-0.695262639845074,-3.46568908576121,2.35161910622909,-3.82670531942496,-0.767569849115369,-4.8528669146236,1.66486300420352,-2.61736133003734,-4.83555830647772,-1.92175160139324,-0.385884175181753,0.330916894188196,0.603127128021142,0.380690182113136,-0.0641251755885565,0.271380100640141,0.33721953478356,0.626155869423677,0.565124825956713,0.305925255390835,31.22,1,7
121634.0,-1.80470882797404,-1.00284725109925,0.340280516849975,0.0808163491078583,1.18261073217025,-1.05466608539528,2.00864597096592,-1.18409873778272,0.577530851234451,-0.729321893579137,-0.126667617765315,0.0324054378265979,0.632003098303033,-2.39451120354248,-0.0179127762282815,-0.391266593074713,0.788550134345146,0.0256021735232163,0.638079987891152,-0.131061483262808,-0.464659325651788,-0.253639436712767,-0.398259156202367,0.0201237008387735,-0.0041996526140589,-0.0925870787725635,-0.425576250445264,-0.29718308579692,429.25,0,9
93823.0,-3.82193880087939,5.66724730913206,-9.24496345774236,8.24614693395311,-4.36828608664298,-3.45073451820581,-8.42737802930292,2.30560850484611,-5.33807918394682,-12.0111608836062,8.62125508140256,-18.6837146333443,-0.962073428413392,-15.2976561861343,-2.41413212341002,-12.105602245184,-21.3381950868483,-8.04543571561822,0.15601503277122,1.11524688892983,1.99051970513882,0.0833533215963405,-0.0622635530228708,0.390187802079359,0.329883884451897,0.0980170825531413,1.86957016296191,1.00084956292018,101.38,1,2
12393.0,-4.06400473842815,3.10093489093256,-1.18849800365476,3.26463274045175,-1.90356235801726,0.3203505872957,-0.954940039087007,-3.27753491983773,2.82082866173719,1.01511287978593,3.18718689736493,-7.00432728360605,0.872710605485111,-6.22060535304292,-0.904444629573358,-3.07509188469837,-5.04473569177435,-1.71808268516882,-0.662462068430895,-0.531897693292296,1.68866543097474,-0.0788446980063478,0.19373092657711,0.479495953884992,-0.50660305739906,-0.409862744197452,-3.03627132936069,-0.630605198840545,240.1,1,3
121238.0,-2.62892199481027,2.2756363708417,-3.74536934909195,1.22694819658893,-1.13296649495042,-1.25635309994595,-1.75241984877631,0.281736387178617,-1.7923429718137,-4.82077941422469,4.17609762346479,-4.61900987976999,0.742689541505504,-7.63696288811138,-0.197887605182768,-4.14039566725884,-7.60471483249934,-1.52450539738207,1.27132193138436,0.133106474791523,0.870729582435536,1.26947278909845,-0.265494007565328,-0.480548610900827,0.169665130870596,0.0960810570397914,0.0700362725602789,0.0637683649579152,193.27,1,9
118845.0,-2.14679566943507,1.33424267578355,0.360666111659395,-0.923230610311325,-0.117900766338274,1.52256990668985,-0.648566815727597,1.54889682220186,0.649197430558559,-0.357908031348438,-0.608174738005089,0.496880148207367,-0.0949480145536064,0.198679845385102,1.04116519523129,-0.80340945698352,0.942303887234291,-1.68814131011708,-1.92887501672446,-0.0032667412300242,0.284696184029145,1.25439522768232,0.0428300650325062,-1.41059519411473,-0.146278848835897,0.79286983804434,0.499707436895818,0.25506550263767,34.69,0,9
40276.0,1.15937314510686,2.84479469928473,-4.05067950821309,4.77770088131929,2.94898004123771,-2.01036111013216,1.74408581794948,-0.410286521869204,-2.45019774688553,-2.04216786301424,1.84409317018026,-2.42593281501277,-1.5842751343556,-7.2083115791564,0.459828383286257,2.37529619792022,6.4435098643744,2.59184606301795,-2.88977035831304,-0.059264385833904,-0.176541018596848,-0.433469859425429,-0.529323202003731,-0.597019604985794,1.33595405267787,0.547092070642555,0.0099789442639121,0.160769150049196,1.34,1,11
68207.0,-13.1926709562391,12.785970638298,-9.90665002092758,3.32033688288942,-4.80117593230105,5.76005855618556,-18.7508891580107,-37.3534426378925,-0.391539743919107,-5.05250236713858,4.40680552357904,-4.61075647740608,-1.90948796970811,-9.07271093398351,-0.226074450896345,-6.21155748212485,-6.24814535335983,-3.14924669470095,0.0515761185277783,-3.49304991519446,27.2028391573154,-8.88701714094871,5.30360690376998,-0.639434802306313,0.263203123457008,-0.108876929971315,1.26956635541013,0.939407362758877,1.34,1,18
46923.0,-1.59505792908613,0.394438355989932,1.98384546749685,3.33190537289622,-1.92683389163487,1.28322625399572,1.09491404991345,0.563343746069954,-1.05668499408373,-0.093502825734565,-1.06031413485608,0.380567684941581,1.02798936445958,-0.367547648102398,-0.214206454310157,-0.255235119411525,0.55383416978294,0.0089291503919179,1.10042705495702,1.11625420354425,0.106653970840404,-0.143199937226312,0.806885753880504,0.36265970240552,0.303148793299822,0.197435660854145,0.112222592018274,0.129910744729103,551.32,0,13
56816.0,1.24664095983767,-0.864047636701218,0.622262550633695,-0.849811082165835,-1.07641493424786,0.100712474385472,-1.02102649219531,0.246188769778094,-0.642130830514846,0.740828602508615,1.19359158554871,-0.515603764434239,-0.942661597112527,0.131373474841358,0.685052257763222,1.45003139148699,0.105244830960323,-0.96126424030248,0.490113739056175,0.0768194860008511,0.15090751530459,0.19509829342622,0.0176492741349515,-0.328151501877992,0.145709787773952,-0.302225590198969,0.0232311236725463,0.0138916506502895,66.82,0,15
63575.0,-8.19920663114526,-9.81513379973384,-0.0531970672826236,3.64670519401069,-0.407066607124077,-0.97366345502727,1.15062448495731,0.746622224181694,-0.486954241746258,-1.37863140385426,0.834182708448675,0.776469412364019,0.107221477932343,0.809901089060368,0.545721201993466,0.444397452099985,-0.0637369762564371,1.7349126192753,0.197056227054861,5.11142002009177,1.66954300630149,0.0328577711299162,2.97440395172355,0.43451208397417,0.856186254688395,-0.24770906626252,-0.132074985325642,-0.861790361137646,1897.02,0,17
85181.0,-3.00345942213401,2.09615030972986,-0.487030347865578,3.06945315960973,-1.77432868427117,0.251804209642436,-4.32877649482139,-2.42547814428288,-0.985222033510513,-3.99521073403213,1.8806015528528,-2.32517912777326,0.636458662971611,-5.41749934539643,-0.262909464785021,-3.81808566437699,-3.70070702592749,-1.99141207812339,0.779950535234061,0.692537380835205,0.163966694003732,1.24564832133152,-0.269241340185825,0.537102119409512,-0.220756683145222,-0.0595547732936557,0.460709677482052,-0.0335506071081744,2.67,1,23
101597.0,0.91311613528992,1.1453810871791,-4.60287793273505,2.09180337375362,-0.473223859280585,-2.0854358325571,-1.67124403232231,0.0943965856348779,0.337798765397573,-4.4318096317282,4.87197985976052,-5.39522117678937,1.33250215621937,-4.60379669207464,-0.77731354811867,-2.57189156103509,-3.00361530529652,-0.225441388417525,0.252273565031692,0.50898474829098,0.40141574109896,-0.0849334160429759,-0.197684434494785,-0.283271078982557,0.387597335722074,-0.553526986386025,0.516274456782261,0.270828187083758,197.61,1,4
38961.0,0.897556012861997,-1.14025737995619,0.726544449070023,0.574662891468766,-1.29332258110247,0.41428014964121,-0.806978295122327,0.292867165721785,-0.496249297157655,0.790736295494222,0.735908778005509,-0.0057834919681828,-1.30869384189113,0.297397733534471,0.0481222493589029,-1.45372097385429,0.0551777538998796,1.68645673843289,-1.2232943405451,-0.332471363811119,-0.0833877949561811,-0.0380714928796263,-0.15925713702629,-0.023121587812731,0.312450824488372,-0.222470106774098,0.0503520618845795,0.0454976912793857,227.19,0,10
67504.0,1.08612090966085,0.0148827161968026,0.727228225322397,1.38020793233012,-0.418915785145947,0.200218273655729,-0.274953967371623,0.225940326984858,0.324003124778147,0.0211062782739305,1.14626974425367,1.02520097506357,-0.788324610626722,0.204584720889697,-0.860793078729882,-0.53671694330553,0.135678400188758,-0.347292945750184,-0.180414648066712,-0.216543675831367,0.0276898957039337,0.298188811838387,-0.074806519404651,0.243283846958251,0.589436168820318,-0.27072477752839,0.0468364561026945,0.0098324537155403,13.35,0,18
7543.0,0.329594333318222,3.71288929524103,-5.77593510831666,6.07826550560828,1.66735901311948,-2.42016841351562,-0.812891249491333,0.133080117970748,-2.21431131204961,-5.13445447110633,4.56072010550223,-8.87374836164535,-0.797483599628474,-9.17716637009146,-0.25702477514424,-0.871688490451564,1.31301362907797,0.773913872552923,-2.37059945059811,0.269772775978284,0.156617169389793,-0.652450440932299,-0.551572219392364,-0.716521635357197,1.41571661508922,0.555264739787582,0.530507388890912,0.404474054528712,1.34,1,2
67150.0,-1.82429505976067,0.403326526860602,-1.99412200641801,2.75655816357726,-3.13906432572579,0.408185014718199,-1.20904511871624,1.09563435393431,-1.44722489217345,-3.95100289197434,2.56070020158284,-3.4119829114195,-0.781669619949492,-4.7327675351632,-0.433973654922625,-3.30608841178359,-4.23102187544855,-0.750809770409941,2.69080834203374,1.50368830479002,0.838760421033887,0.341727095787049,0.947506491293615,-0.145493002452622,0.0493257725258454,0.831065451615044,0.33242130393302,0.252712728641008,654.45,1,18
93888.0,-10.0406314557065,6.1391827154247,-12.9729718943545,7.74055544506762,-8.68470452840193,-3.83742916671056,-11.9077019040753,5.83327300056002,-5.73105424359056,-12.4389449056023,6.98988561330738,-16.218610393127,0.25330336584704,-8.72864506518152,-0.147529091109699,-14.1298545174931,-20.6850275533272,-8.48444905730181,4.85125513655685,-0.0822752254211996,2.82343143164188,1.15300501339169,-0.567342849673059,0.843011621641402,0.549937644887907,0.113891875585392,-0.30737499959267,0.0616306406149363,1.34,1,2
70354.0,-0.492621964875586,0.67858959330741,1.32192567644779,-0.0222203915005372,0.229740983237683,0.515627498346175,0.605106527165635,0.112707122187983,0.0634977916921896,-0.618647018896862,-1.34427569497341,-0.082203438117418,-0.0613512428380405,-0.261726734139975,-0.0141160157759964,-0.330092514690097,-0.0164476906888485,-0.719704968130783,0.343861931626726,-0.0888228510256581,-0.23654415078468,-0.551576636201165,-0.129845662164073,-0.756204234421764,-0.100718721078431,0.209845162370192,-0.0588970371686871,0.0288333286158395,66.81,0,19
79457.0,1.14550155446241,-0.538673503248444,0.960677925691197,-0.830265309300062,-1.18314605437304,-0.177999133649393,-0.839343944797789,0.315108795453925,1.74567028282074,-0.916287396453711,1.43618372867543,0.873923040822363,-1.51260868033521,0.35332937862534,0.954856979339251,-0.535340791354236,0.0327164007965524,0.331225529852158,0.419552042967315,-0.238318558853747,0.0650329039671555,0.369533519881064,0.0225044383464168,0.211683732162704,0.325088255541026,-0.68247675195202,0.0978754201083012,0.0209068532840999,1.34,0,22
128076.0,0.313642781088504,0.82059646421192,0.211927624609646,-0.136181576265583,0.60880171211103,-0.387428531947096,0.748653739525279,-0.118481801207555,-0.134890637729649,-0.400862121201742,-0.725450696817919,0.277813320933226,0.579878977467593,0.315975260143238,1.06918412425641,-0.297992906803283,-0.383084787148603,-0.345043042959029,0.922887803154893,-0.0084279238938021,-0.240000272963934,-0.663797251134478,0.44777247813362,0.535552548062103,-1.77632721061724,-0.952138913261861,0.318844183386281,0.307074409112214,13.31,0,11
127244.0,-0.38952281077873,0.88017430266433,-1.83588886872127,-1.41265510039004,3.8110879178483,2.87909133274659,1.03173381137982,0.64443334128735,-1.22836844674509,-0.982695867939896,0.309374590208345,-0.5578227465139,-0.461110107016629,-0.286575383729577,0.745595719937571,-0.266680054274837,0.66656388182143,-0.0360297491012392,0.103190285464718,0.13621097637994,0.0967116631021535,0.115696890401229,-0.327099507352316,0.665219999340573,0.385474482688228,0.727349615080169,0.0289221033315591,0.1217337268584,37.19,0,11
51026.0,-0.844911804488235,0.729756929574081,1.34826485789112,-0.904045550002684,0.183245635567334,-1.54545713475827,1.35618188281515,-0.30517961588019,-0.794597018542783,-0.888998223833275,-0.244512151070602,-0.317257724752846,-0.63060779121393,0.45111842107644,0.209940824547767,-0.0110678712953732,-0.229878747373167,-0.626377674036384,-0.503954679264099,0.0305549993087257,0.0566116340821204,-0.0585116493229642,-0.213857901343077,0.764314767182191,0.526721377175492,0.966090903905827,-0.121043489665735,0.0400058246107215,73.5,0,14
26536.0,1.20136402020923,-0.0597804504644544,0.642057198232117,0.766693239838568,-0.734426833815611,-0.678089979814733,-0.151510733219116,-0.0649341864397493,0.646244913904904,-0.209707512795578,-0.752974739876125,0.133106873573275,-0.69409666841386,0.0136527461465915,-0.0541871021797918,-0.14643075134606,0.0495607815137634,-0.664653482560895,0.254626333884687,-0.128607428808796,-0.302615891738293,-0.767927634971343,0.078645949261296,0.403044347875219,0.286643840734488,0.286843183653529,-0.030278864074587,0.0164136063721639,26.59,0,7
129095.0,-1.83693980524096,-1.64676405421121,-3.38116824152195,0.473353567439937,0.0742428680588724,-0.4467506984682,3.7919065488031,-1.35104516710281,0.0951859632710584,-0.0844995591396119,-1.54230486820434,-0.540534807018906,-0.27207903913702,0.712541142762088,0.234979844917,-0.907666065803548,-0.391051374531861,-0.0347191590047466,1.08428646665042,-1.58614369731197,0.0106634770821352,1.78668137304358,-0.151178223750849,-0.582097763853728,-0.956061535679488,-0.334368991860647,0.715600326403013,0.370449747000955,963.28,1,11
20501.0,1.04744148629589,-0.0579235580013174,1.35925048085113,1.93413001306821,-0.591849386614167,0.669629683091069,-0.556994132259795,0.161757928713603,2.43407907930517,-0.815340823132009,-0.0466279027978771,-1.17244765851366,2.03698611124108,0.564792481059007,-2.51134368091134,-1.20444473486172,1.46954817559924,-1.15774246292387,-0.0391525830827353,-0.172090823860332,-0.547197632131261,-0.861383094457301,0.072078934752984,0.0395906370668765,0.418257757785697,-0.552514496205576,0.0653879456013674,0.0269972372079689,39.02,0,5
8878.0,-2.6618021745564,5.8563932148043,-7.65361621324071,6.37974188053221,-0.0607121191362683,-3.13154973153662,-3.10356974550479,1.77849156945338,-3.83115371623455,-7.19160424618226,7.10298858788516,-9.92869994299538,-0.0674983775194601,-10.924186865147,-1.69791397714032,-2.37942098527078,-2.77511389701838,0.273798971252603,-1.38218756352589,0.399096860264863,0.734774950378595,-0.43590118187623,-0.384765904180568,-0.286015663843443,1.00793382365812,0.413195532462339,0.28028415690056,0.303936550639395,1.34,1,2
34514.0,1.48533176137474,-1.17626105337798,-0.320672400984038,-1.86907288391158,-0.459169126305612,0.783437627584578,-1.05013513704769,0.112803267719725,-2.0601866469157,1.53851263616259,-0.0295918953151254,-0.444551798983435,1.13360640331956,-0.263775625170622,0.202584808599131,-0.008644248528076,-0.115579463347498,0.52330983164355,0.323558638645323,-0.191359624167099,-0.221762726160381,-0.299124555257938,-0.198646245871627,-1.70733297523633,0.516579864594266,-0.0926659402488606,0.0362537976244049,-0.0027729442612467,66.82,0,9
64544.0,-0.96544411486596,-1.36399752336191,0.760457064977424,0.139441900423179,-2.13507443788377,0.515964087542393,2.39689493980608,-0.51596407185754,-2.05914817560404,0.444408581562715,1.29775252934592,0.319202742272094,0.641290226295928,0.0062109539306697,-0.0227635602819157,-2.38926880488271,0.592194750124624,1.55278071901595,1.41090986200396,1.17518008069629,0.019276110582491,-0.174766271589408,1.20861424498554,0.541658058877797,-0.115231543044836,1.221492325932,-0.294863435496395,-0.0771222741341837,795.14,0,17
41237.0,-10.2817840384715,6.30238478416897,-13.271718028752,8.92511547634157,-9.97557831146449,-2.83251346361162,-12.7032526593299,6.70684583868978,-7.07842395823848,-12.8056831898117,6.78605830197451,-13.0642398936784,1.1795245105938,-13.694873039573,0.951479176238826,-10.9542857275047,-20.5835927904158,-7.51726213169106,2.87235363605874,-0.247647527731929,2.47941350799644,0.366932842343897,0.0428046480276363,0.478278891799746,0.157770817898023,0.329900959238367,0.163504340964582,-0.485552212695879,158.1,1,11
45541.0,-1.51924353075082,2.30849245367643,-1.50359931953802,2.06410058377601,-1.00084505842829,-1.01689703316417,-2.05973051990126,-0.275166374590629,-1.56220609694371,-2.75579692797163,3.43824825990431,-3.52152936013651,-0.918761288376486,-4.45210024854037,0.499313753853031,-2.90790343439971,-5.24864639527919,-0.936814652613817,1.16012029433585,0.175018552247898,1.30787143187069,0.102825644139183,-0.0177462832428156,0.149695925673219,-0.0966024680642115,-0.369114567720136,-0.0192440931269227,-0.20831909164279,1.34,1,12
34634.0,0.333499490680108,1.69987344643198,-2.59656116696059,3.64394526899047,-0.585067615145778,-0.65465853161144,-2.27578851019488,0.675228968561644,-2.04241592376479,-2.83487115980611,2.80200512615164,-4.39273243849001,-1.36967144973756,-5.32728665168661,0.16315896154,-1.35938947657172,-5.09518287931609,-0.338012656200231,-0.124137989024621,0.32934171405761,0.469211944535006,-0.144362651206432,-0.317980934036568,-0.769644309522666,0.807854587509663,0.228164299217237,0.551001873896763,0.305473419992231,25.34,1,9
45648.0,-0.215090280622384,-3.27390991859877,0.31084549250192,-0.117483003521889,-1.43748514316217,2.2711871592411,-0.660144017743724,0.632863795930182,-0.189742015799148,0.0458325355054215,1.81897017482737,0.733145984108594,-0.211417149176603,-0.398563491227948,-0.179498985187611,-0.228985514232065,1.67693577420523,-2.82267573408354,-0.563859826610735,1.30706351747126,0.586835752872019,0.410317817281016,-0.480803992953428,-0.947248183781668,-0.220761571412593,-0.205833924891342,-0.0096399204749729,0.119480994976253,930.94,0,12
28053.0,0.882388758032923,-0.330871295872861,0.221250914161777,1.52111091252629,-0.38119224016319,-0.15169076868922,0.192924651521832,0.0045634235097078,0.427013783950633,-0.162864964205442,-0.707031307525529,-0.0028314160154676,-1.11757109257036,0.300261060114673,0.0354654515299938,-0.656419525674899,0.325774989322253,-0.824117755280443,-0.407435580916223,0.0417789753806689,-0.0251188510789451,-0.216254176666101,-0.178299414305152,0.0746272135292562,0.575435612311493,-0.324965547299011,0.005713052294218,0.0392507884827384,206.05,0,7
100501.0,-6.9852674861123,5.15109356872598,-4.59933777342036,4.53447860064768,0.849053978611719,-0.210701203278644,-4.42522968507474,-5.13452515572624,0.0693205728889109,-0.870997150804889,5.20081516878268,-7.80222778971281,0.0339124179895287,-7.56013197197136,-1.01465193469311,-1.50792960088674,-3.41027456780471,0.107544007359072,-1.37551765637273,-1.24699631854492,5.45367185347674,-2.05617714358307,-0.280333720590026,0.120771472511766,0.569357720918146,0.145971466001576,0.300193469284684,1.77936385243205,1.02,1,3
127655.0,1.78042211121493,-0.743564967632449,-0.0842999201329889,0.456961932454488,-0.801829901170529,0.2680783624296,-0.883950326642542,0.244708048776029,1.0359177420128,0.149599706228216,0.811039602964113,1.01035763882007,0.109057943483658,-0.0831107576190065,0.0731785028670622,0.848699793594369,-0.918487088754366,0.590484560774231,-0.120306344910492,0.0003774513674081,0.117554781338588,0.246691860922182,0.276443169972852,0.774193072969121,-0.582582641771144,0.103855015457699,-0.014774086315466,-0.0231221552229594,113.91,0,11
74811.0,1.62623966426292,-0.783606605662153,-0.609215806906809,-1.73875106843045,-0.447428327104631,-0.360812240706437,-0.556290617640091,-0.227404872150572,-2.45154612812144,1.65921505641957,0.27424517360526,-0.36881387567286,0.981114991881437,-0.0047737889687194,-0.396626490388835,-0.264715259899993,-0.0370535358740706,0.559549708015427,0.604692218989387,-0.291774552761509,-0.199927274335088,-0.146843956062971,-0.232316887306872,-0.826936023618514,0.828473266004313,-0.0282157124169038,-0.0025648662298857,-0.0168044947290125,0.01,0,20
48533.0,1.24384844934819,0.524525772902587,-0.538883626044331,1.20919597418592,0.479537596763788,-0.19742873374782,0.0491662598481355,0.0377916321310988,0.128118590882765,-0.552902906422504,-0.668358831257417,-0.818803693746743,-0.883832091051869,-0.994580854433906,1.50684875024006,0.62400331534091,0.705794271683871,0.524181774270524,-0.73174984602915,-0.171540654731681,-0.0516598862539047,-0.0840894090242923,-0.192846388954053,-0.917391985542652,0.681952813037122,-0.194418574345634,0.0459171449577401,0.0401359980627264,1.34,1,13
33795.0,0.808161588039791,-0.170900388601481,-1.27671920885237,-1.83338961884341,1.4627495709045,3.26800326275797,-0.896097765562807,0.733171262829492,-0.750201966780765,1.14331193213231,-0.0249496874254462,-0.792551741258077,0.277276694442857,-0.28251304192531,0.975922128886762,1.31667953984184,-0.184424581490706,-0.998445277744806,1.45529447927989,0.137937491257998,0.0124634145706953,-0.324756154159653,0.403094799763903,0.962084847565097,-1.01778984917331,-0.628001707687786,-0.415051093830882,-0.139340775983334,20.05,0,9
62243.0,-0.534619201166169,1.15431502150856,1.37181764622531,-0.0209586159518388,0.027602214624981,-0.773524017575473,0.623375877436019,0.0026016136947848,-0.658591964185235,-0.242611231755796,1.74428326576334,0.885571718863837,0.394134986766063,-0.335146397719855,0.144038228911513,0.489011097360232,-0.198063582167474,0.234876904061928,0.124682383881197,0.122846115120335,-0.178585742416048,-0.504955172990892,0.0236624695301589,0.493847023533378,-0.21015612942001,0.0286518428856541,0.111641155720956,0.0862961368855269,2.39,0,17
80958.0,-2.77961561635207,-2.52968865405617,3.21306574795845,2.85994276926002,2.06658986881732,-0.339482856445967,-1.64053806036865,0.603765047870727,0.209492638297965,0.342395168171419,-0.353804539243218,0.080406141775081,-1.32678562704751,-0.684012723550235,-2.25592007583625,0.0973639000574924,-0.239349669744054,0.756049284179842,0.146654205610611,0.868520956582701,0.328415441305379,0.386662381743935,0.240132088425563,-0.0087036603223245,0.59606674226778,0.23541752211954,-0.205018490274141,-0.0976587549695848,129.43,0,22
73215.0,-0.175987079406986,-0.143588245929659,1.57608657925457,-1.81927984907016,-0.736799763688556,-0.257469030571653,-0.28901096709562,-0.0969119387475828,-2.61385694275716,1.05819977124949,-1.31277398997033,-1.58761675643204,0.561461473311766,-0.402819167007838,0.861691932469356,-0.53785239032462,0.512512841152058,0.499021708639002,0.966155347542426,-0.122364637999099,-0.213453243167046,-0.240879883013827,-0.331710769440265,-0.474120163253222,0.328161190565538,-0.0200474718063264,0.086535481676753,0.0656694492497077,13.36,0,20
102542.0,-1.45687631770562,3.74030556080113,-7.40451844591174,7.44096403590735,-1.5498779534738,-1.66169686169337,-5.75721301357641,1.61501101078404,-2.19488072574389,-6.80713525144464,6.82579316213884,-10.3997491177692,1.83644883978883,-11.872845098188,-3.6423925983095,-6.0441031440521,-9.75077638654123,-3.11637225405711,0.0653171492484702,0.529557330911833,0.957897451629944,0.145339479676781,-0.0447039008346728,-0.544961671329029,-0.757756535554721,-0.005352369235898,0.318152285707546,-0.323553622642371,3.05,1,4
41413.0,-15.1404496225073,7.37804241221284,-16.356367356494,9.19493491430021,-13.4661632895942,-2.95843050082103,-16.1655386244192,10.0752539455532,-7.90182112627786,-13.0094028057641,4.82823533219729,-11.0584014244364,1.99812557552295,-8.59204740189288,0.540385309176116,-10.6157452968661,-21.0178983428443,-8.39739305199317,3.18355894967976,-1.69148198782553,3.14742810473234,0.341677595071206,-1.15016247089952,0.795189734964946,-0.194542181109758,0.145963568626439,-2.45868034756574,-1.18988788135128,142.39,1,11
93853.0,-5.83919161928092,7.1515323543223,-12.8167600806187,7.03111476501099,-9.6512721679897,-2.93842725771624,-11.5432071690832,4.84362653179436,-3.49427572506535,-13.3207888671784,8.46024444901677,-17.003289445516,0.101556614891384,-14.094451660329,0.747030766392512,-12.6616957230679,-18.9124938172188,-6.62697484523061,4.00892074227194,0.0556838813863639,2.46205591127559,1.05486518382957,0.530480596078193,0.472669814042592,-0.275997967880675,0.282435024801752,0.104886020210564,0.254417096767513,422.38,1,2
54784.0,0.593502214571339,-0.873401634942059,0.977044481229137,1.56831725333279,-0.192663556079174,2.53754477237511,-0.695813808428639,0.857176010663439,0.97698659759388,-0.463804396133189,1.31047269727644,1.90614704780379,-0.492373640053384,-0.396012814125774,-1.53542175523745,-1.89814416264986,1.46020139759652,-2.30822514880042,-0.776964245614808,0.005218218391003,-0.179158049714359,-0.315933801813777,0.0339313483022435,-1.0189030709701,0.0929030467587726,-0.44371599804701,0.112470825102088,0.0338525362620573,221.49,0,15
129186.0,0.290155157802135,0.0492431315858544,-0.740523666102691,2.86546277005979,1.39529391568643,-0.53516327889219,0.142543369971437,-0.222769707020631,-1.46369065190782,1.71353755281029,-1.12757349175133,-0.708657345883242,0.272186077406343,0.27471029150754,0.235191951820748,-0.463552709186313,0.472995390747944,-0.44789915630515,1.79092414652793,0.247579534584332,0.337348848382748,1.01819057752704,0.303550010776752,0.833886119752574,-1.22230609676666,2.7452606721766,-0.220401600319897,0.168232740494181,9.6,1,11
43028.0,-1.10964552515211,0.811069300236989,-1.13813532731484,0.935264670223385,-2.33024787785051,-0.11610605479739,-1.62198623466478,0.458027900124116,-0.912189159098001,-2.96199570179906,2.77896789639267,-2.37959961108923,0.918962784041379,-4.01578678027745,-0.530009790602772,-2.81588776765893,-6.6493577879714,-1.74611328389964,1.08340676372199,0.168890572541282,0.641593528333926,0.841754904759402,0.176727750810022,0.0810041184974676,-0.258898742565752,0.707654245320429,0.418648658517389,0.0807557537005394,272.99,1,11
50228.0,0.914927601924707,-0.378456506338371,0.123061062830161,1.36666514848965,-0.0478951839991881,0.536879070049629,0.0601433734857352,0.0585591845874014,0.513751241422108,-0.239549386824718,-1.34197699555739,0.435270601248544,0.324018363909348,-0.183484400464178,-0.156105512577783,-0.448612799243882,-0.0342087552966919,-0.573431403777975,-0.130658860450656,0.161491973521582,0.0073128859627731,-0.0166307419657345,-0.332971055739569,-0.730488986375515,0.731221473016257,-0.206665679713863,0.0265810609072795,0.0370194509684543,212.49,0,13
17230.0,-0.469326705102944,1.11145278248281,2.04100272504592,1.73159516277684,0.135146841769907,-0.0936251754891053,0.266155169970928,0.0829882363836626,0.58025540346041,-0.164562674892883,0.500376369958899,-3.0217601822032,0.924213260310925,1.50079377517002,-0.400282644242405,0.706047712602575,0.115114264650572,-0.0467958788933584,-2.54852159198286,-0.358708665630957,0.159387389394564,0.592669568808717,-0.0535961838321624,0.320747502076217,-0.36912075429213,-0.136604684929151,-0.100845186803931,0.03934714768212,5.25,1,4
42276.0,-0.524912722011335,0.861434455939829,0.955276870605758,-0.0125352691962319,-0.325617372610599,-0.0381085332532494,0.242585981749046,0.566189034712889,-0.829933891500561,-0.574064036922284,1.44078609844888,1.27026200830087,0.638684427995293,0.539018418655442,0.230487571824637,0.299376313654758,-0.287680013711642,-0.343337266881379,-0.117953536806557,-0.0575478730399677,-0.0483541503624371,-0.379083999364662,0.342472006528723,-0.0030164549659646,-0.706023064490337,-0.063584932229378,-0.0977628090209413,-0.0272075603142629,77.38,0,11
12093.0,-4.69679522444504,2.69386747884008,-4.47513271259153,5.4676845487781,-1.55675807549758,-1.54942028904253,-4.10421487278526,0.553934075416293,-1.49846813107494,-4.59495176285009,5.27550585077254,-11.3490285500915,0.374549235103921,-8.13869488434773,0.548570894168134,-6.65359434741365,-10.2467554066001,-4.19106626655491,0.991486122257293,-0.158970548660611,0.573898081112651,-0.0801627753981571,0.318407817148194,-0.245862202650853,0.338238431564141,0.0322706213908033,-1.50845793363219,0.608074682590101,0.0,1,3
102619.0,-2.48836288474016,4.35901910783724,-7.77640985018266,5.36402677044258,-1.82387723220959,-2.44514013600669,-4.96422092061784,1.48489015991725,-2.94789885841072,-7.17534972178322,7.34365210856032,-10.178995535122,2.14215063066493,-8.98305216762269,-0.473746033414928,-8.14334226244301,-9.78567719982127,-3.08651950539248,3.37971333584943,0.792274684105994,1.32567239039937,1.02122620503862,-0.266476205063069,-0.370880444896658,0.365535186093547,0.081372023747405,0.184983040876449,-0.211582455539506,1.34,1,4
11635.0,0.919136507326981,4.19963266902077,-7.53560659365729,7.42694037455047,1.11821533001319,-2.88672235145027,-1.34103599607144,0.363933268353337,-2.20322443100109,-4.13784019622865,4.57011280759332,-7.62916958856017,1.73391746350254,-9.44037499459843,-0.0233533498971062,-1.23395828198259,1.63200885764087,1.3157345644727,-0.287188855297045,0.535434663150233,0.316093599204254,0.0551792270194195,0.21069215028398,-0.417917881438145,-0.91118827562932,0.466523924588163,0.627393270472548,0.157851282541588,1.34,1,3
18675.0,-12.3396031574122,4.48826730168204,-16.5870729373632,10.1072738734101,-10.4201989827431,0.130669811857349,-15.6003233044816,-1.15769598093331,-5.3046309683427,-12.9389293107706,8.80568196718575,-13.5561301301468,1.16546376028499,-9.80988150207055,0.369987279150665,-9.50521044515487,-17.5420303090874,-6.79263778723153,2.06937744931751,-0.0855014634055812,-2.0896096332232,1.74531450014405,1.37681580939778,-0.554271418366818,-1.61074085196174,0.153725444536768,1.2124772080589,-1.86929047595671,252.29,1,5
43494.0,-1.27813773524814,0.716241580332591,-1.14327922918382,0.217804800631468,-1.29389046969973,-1.16895152511977,-2.56418198278833,0.204532467641239,-1.61115462297744,-1.25028553742691,3.36736102310858,-4.58309584545642,-0.806939683730076,-5.20830522179452,0.525823682164556,-1.81591431259746,-5.24911146794949,-2.19669120679566,2.10905264474381,0.817203155491914,0.490182667533974,0.470427403079725,-0.126261344339209,-0.126644458784455,-0.661907559467122,-0.349792996571914,0.454851068382725,0.137843477172283,33.28,1,12
85864.0,-3.36526491864606,2.92854110729003,-5.66099919906905,3.89115992835328,-1.84037510965314,-1.80088720390662,-5.55867935318221,2.40232168278639,-2.84892272106495,-5.99567612703198,4.22130410784879,-6.11966735264192,0.0230135705891201,-8.14932178394224,-0.301351931335019,-5.37528289323615,-9.31500138499105,-2.48756256913711,2.35591891159776,0.57637946532203,0.875260063301294,-0.102501391250503,-0.606282749133978,-0.743164794295893,0.096318936065612,-0.135060497401362,1.23869473001415,0.0998237563444676,1.34,1,23
63113.0,-0.600628122010782,1.09141811675897,2.3618138999012,2.55870189718629,-0.0030819588984198,0.276251549939157,0.514333734805579,0.172757167559713,-1.01228464935945,0.138368127666484,-0.402825310714698,0.112827278672711,-0.141056195326578,-0.194456942386646,-0.517369193437082,-0.735310227834724,0.597286999920411,-0.888816969982217,-0.319852482303708,-0.0200406927243334,0.0787032336536876,0.412032902382337,-0.157073058265965,0.640003703358765,0.0159899652856155,0.152185693254473,0.119714394940155,0.113091840305764,20.33,0,17
64443.0,1.07952397806913,0.872988038728802,-0.303850487243895,2.75536885087579,0.301687623167546,-0.350283737195093,-0.0428479677130716,0.246624608381391,-0.779175595769242,-0.157696445821874,1.92856763203456,-0.935863286411531,-2.43144644518658,-1.63347202401986,0.534336652706283,1.42560550367097,1.59352878606579,1.17846784575361,-1.56869755794851,-0.252115099030468,-0.023254784527163,-0.158600833910515,-0.0388061577093773,-0.0603272546840962,0.358338898397498,0.0769835703935526,0.0189358319830432,0.0605741494833015,0.0,1,17
125771.0,-0.818483862447587,1.85130374124375,-0.944440500766207,-0.832131629557325,1.07004581801724,-0.769420753662999,1.36428312966801,-0.251091547882779,0.19745672329696,0.0716338714824541,-0.633657946195488,0.235148457363814,0.959280607037368,-1.45009097997353,-0.351724370523059,0.108082918448573,0.35433743253359,-0.235209065217357,-0.203688673080442,0.459976986420329,-0.302996219215159,-0.488284307193834,-0.11060297117471,0.409832290775797,0.107650298240988,0.317553459812059,0.444559408059377,0.299493738473599,35.63,0,10
118603.0,-6.67721162487866,5.52929920087665,-7.19327456474359,6.08132107951892,-1.63607097105033,0.500609583298219,-4.64077020758754,-4.33983969614375,-0.950036405131991,0.566679814004086,4.3150759158968,-4.93828359985114,-1.10570973729343,-8.49081262174082,1.00362574598099,-1.94912326096651,-3.09301268981888,0.124087074705575,0.886746966076448,-1.11868675540655,5.56330066446813,-1.60827196122017,0.965321595694456,0.16371797930961,0.0475308707267175,0.466164782963216,0.278546743051982,1.47198811731278,141.51,1,8
76728.0,-1.2744859796253,0.663194048949189,1.32539902912389,-2.00852270425874,-0.705047884186507,-0.139192065596687,-0.629394049062288,-0.276129455256644,-1.10482463559349,-0.119399150938907,-1.54341011744215,-1.1403185320394,0.16545709356134,-0.20432783691243,0.462583595233902,1.92542662580677,-0.211323361459527,-0.560995156507092,0.14273725448408,-0.0423449231884389,1.03237939280912,0.364244416953639,-0.363493415520602,-0.567950573080311,0.687114988561567,-0.101776090354949,0.22030734710007,0.0290174378694046,28.33,0,21
83048.0,1.30237796508637,-0.606529308236609,-0.681986192919261,-1.90460339622212,1.32662310684685,3.43631244725031,-1.14512682747431,0.959147262092341,1.67130156362918,-1.02294602983554,-0.191422972651615,0.631027341487108,0.0319072703534055,-0.0314253812628428,1.44662697638966,-0.121820378583087,-0.651405237009102,0.617970476528782,0.927600044556072,0.0057566554189328,-0.0642082814806287,-0.0805870774450856,-0.0729910792746877,1.01813597043583,0.663574772480488,-0.671322844293718,0.0968009452278396,0.0286968782920849,1.34,0,23
84204.0,-0.937843305478391,3.46288948991687,-6.44510395393435,4.9321986662268,-2.23398306982245,-2.29156112129773,-5.69559392853253,1.33882463362261,-4.32237655329329,-8.0991193981365,7.18296700883659,-9.44594338249901,-0.314619967520224,-12.9914655817567,-0.136358931959623,-6.36752437517144,-12.7343938853776,-3.84512965889743,1.00766725992114,1.12953228130351,1.06655024941577,-0.521657289347299,-0.319917292909547,-0.405859088093617,0.906802159957716,1.16578389011737,1.37449533233535,0.729889341911333,0.0,1,23
68015.0,1.21280175251535,-0.17466540273104,-0.906870233385235,0.325703219979158,1.9643029549676,3.8163714896975,-0.655770119172298,0.93313205299882,0.413776603955622,-0.0685529720999547,-0.640807151367166,0.277912821147516,-0.197647640035652,-0.0004817947608139,-0.239884189091257,-0.0467452897636407,-0.503800098667638,0.0565724141042027,0.330474432541626,-0.0052811853550687,-0.1246520521398,-0.301276428830015,-0.151296512808705,1.01949412902019,0.854577611431549,-0.284906608294051,0.0390409558907213,0.0192539848058492,31.7,0,18
86376.0,-0.670238130057305,0.94520635153406,0.610050626297701,2.64006508673377,-2.70777462644103,1.95261056051566,-1.62460819938343,-5.22990786160988,0.21020202822781,-2.06990438955593,-0.529805728295342,0.999716276092526,-0.0861120244186652,-1.50855714024168,-0.450669492347937,-0.328387382736473,2.27027117814029,0.709666017682026,0.913175997078955,1.4749287568126,-2.50445018690737,1.43647237841825,0.351542386126581,0.648466904268149,0.579681417358758,0.0757375933335965,0.346717084034013,0.282208626038179,432.69,1,23
9396.0,1.19116084137044,0.144434073755208,0.657416192187155,1.05837476843586,-0.468309107224781,-0.644686455892939,-0.0603740910690382,-0.241687102234239,1.69450727948585,-0.585011752649225,0.339292525716239,-1.85011402123561,1.95181339477437,1.30162662414868,-0.98269099637504,-0.323518887492072,0.743552093675755,-0.476215285460242,0.0075057169542245,-0.0938953029060294,-0.364978190706617,-0.656683632980904,-0.0001210475112567,0.374165841342623,0.434890454669537,0.226869848329675,-0.0512088345337757,0.011263725979153,39.97,0,2
15817.0,-4.64189285087538,2.90208643306647,-1.57293870931742,2.507298518227,-0.871782564349351,-1.0409025722626,-1.59390073966645,-3.25490508581579,1.90896268593707,1.07741752106048,3.33850216040272,-6.54261034532574,1.09953638182128,-3.26647554459315,1.01472790444294,-4.84238307827835,-5.269876299726,-2.34466857415508,1.95922405409272,-0.465679220344122,1.96359666634146,-0.217413915973245,-0.54933995583883,0.645545202036521,-0.354557818794591,-0.611763845006479,-3.90808047547799,-0.671248265147117,15.22,1,4
73376.0,-1.36715671649256,1.547912364817,0.473964221411837,1.14741450967906,-0.351407972254683,0.39767015995031,-0.311594170598454,1.20032800132486,-0.511916551825874,-0.039359492801594,0.328411550400112,0.501128318820798,-1.13017638351661,0.970668086504923,-0.401963430651491,-0.653255561418122,0.650832470784484,0.111309253548176,1.10394103618503,-0.0096681353904927,0.0355334226343955,0.185975432797157,-0.097975135103258,-0.32892160118693,-0.018973286909701,-0.207862366716209,0.280813304157964,0.109281782242475,9.34,0,20
6379.0,-0.867203382028713,1.19659052748766,0.703748576109256,-0.242700715141501,-0.67163074381446,-0.888600750031107,0.43736291669271,-0.371467434866705,2.55195031163741,1.14268794435243,0.60155661054556,-3.07729177864932,0.848098392247351,1.12991562613015,0.717071665615591,-0.0657180901981992,0.424230986831511,0.107145183078239,0.366254820433143,0.484387746790238,-0.366661512964102,-0.140001921521784,0.328118748432549,0.349085868834459,-1.31171280739192,0.733248160399362,0.513205435341423,0.26455935316338,66.78,0,1
85622.0,-1.45642862696949,-0.148362715472223,0.415869243739662,-4.04813352198865,0.671271497407524,1.22446974762463,-0.0695432856537803,1.10938068173705,1.48548396682546,-2.63888510702876,1.14385883263039,1.90876516885506,0.177131120258383,0.338577964313185,0.538363167413025,-1.26338121084624,0.237775449663562,-1.09043834137111,-1.38261796831044,-0.115328023970829,0.283120601062565,0.928237789512736,-0.087556201931987,-1.86501067578063,0.0581404300503444,-0.926668222364892,0.336597104841578,0.061846469317452,79.88,0,23
75534.0,-0.258797612196022,1.14040337341856,0.719835818194362,-0.269759445659321,0.788792145791345,-0.153192825010327,0.768635539777913,-0.0424775946896807,-0.454011046443146,-0.544479769518886,-1.29129843644681,-0.0054826548692504,1.37359585669678,-0.713040424858669,0.886210803613376,0.74457264390174,-0.558394555055545,0.197098673277458,0.428006761831037,0.240803835088089,-0.339512609517776,-0.865274774105577,-0.182420792068142,-1.0413373469139,0.0634867957595431,0.155087764932179,0.247748289776225,0.0869234737159624,13.39,0,20
126234.0,1.89392734257491,-0.644742043122413,-0.411988549138049,0.332351493197587,-0.643820151266918,0.164409673151318,-0.850941262823077,0.284475492744293,1.42313333370734,0.0235680616763181,0.506729739014062,0.348942084178763,-1.48320664945855,0.299660581071593,0.0332703496763296,0.30460912149172,-0.618454642369142,0.821286343592038,-0.0099231530830326,-0.246880780231471,0.241304289619983,0.7676111818018,0.154368443026328,0.68777557313061,-0.185553314675036,-0.260246046774522,0.0226229256291956,-0.0396845492414834,38.42,0,11
123376.0,-1.10297607284311,0.800020784629004,1.69264916664929,-0.454195938807147,-0.697206117088653,-0.144602323522236,0.214463460075545,0.632213623566514,-0.29766157738943,-1.06603818877465,0.614593558906063,0.181748622127036,-1.17445674915048,0.736002142700166,0.390097318670601,0.454024987334693,-0.455985926373356,0.798389713100414,0.572311943517068,-0.0475379015288067,-0.0111947737407758,-0.36446419332339,-0.0439422396314965,8.21573486435071e-05,0.252403113184606,-0.430507599148685,-0.0850594967874318,0.0060857002794667,94.47,0,10
35899.0,-2.85716975415491,4.04560138120513,-4.19729878550198,5.48719863078843,-3.07077616787415,-1.42268633776286,-5.65131373987331,2.01965739455388,-5.01549098658195,-6.31970750896333,3.77960220775921,-8.07709364590223,1.4408888557809,-7.89190877856627,0.530452788364339,-7.9540700449952,-14.2650559534715,-5.7710644259128,2.8921696850147,0.981608721582294,1.08032273397717,-0.561384150324839,0.102678427260093,-0.0671947227831213,-0.476931194262915,-0.103716356143308,1.16696149168342,0.663632066947765,1.34,1,9
38167.0,0.813449409462986,-1.30709361574555,0.678470896977132,-1.0794716407008,-1.09168657093092,0.735710843042066,-0.754468105169749,0.382158335157401,2.08050330264482,-1.33268766444166,1.29499334875115,2.01059133486633,-0.0325763460466247,-0.402005305820018,-0.495293223935514,-1.56222108926414,0.80300853446982,-0.594602563792655,0.68584367821172,0.167860670215555,0.237623235889297,0.882311384683167,-0.283170464243347,-0.150406480915161,0.481497064893089,0.244442328956302,0.0563245677725175,0.0274897738113872,215.74,0,10
101313.0,-25.825982149082,19.1672390103062,-25.3902293121699,11.1254347149714,-16.6826439195391,3.93369943022963,-37.0603114554112,-28.7597989339836,-11.1266235224579,-23.2282548357516,3.7859770496129,-10.5224940129243,-2.65749636392801,-3.79279543594993,-4.49894467676621,-6.55787310177539,-12.8672447953713,-5.80459047549908,-1.25446534452587,7.90737812724062,-16.9220157786505,5.70368400806478,3.51001884069223,0.0543302268964685,-0.671983312405663,-0.209431359115655,-4.95002186384908,-0.448412770754799,3.05,1,4
85255.0,-0.232578207929716,0.621994926105557,0.679447738644573,-0.95921249738557,-0.770206652794328,1.0496985969173,-1.5615748147168,-3.09013693746282,1.53811153075603,-0.873549733349721,-0.775193960486668,1.29873924381778,1.27290273749012,-0.257659924579537,1.72033776574101,-1.46574136027822,0.880899092698182,-0.0700418173934,2.30543414200483,-0.418214663792795,3.13186461871005,-0.345457804079272,-0.0346737292828463,-0.65981003923837,0.925628664828391,0.551016187790886,0.360579182285275,0.23612684532431,15.94,0,23
1548.0,-1.55944578659985,1.42554615157245,0.812588530925962,-1.12938101748845,0.507528017124045,0.183506605135032,0.654304257564761,0.0880586354598432,0.480017615129775,0.547216473103387,0.0660700525780027,1.06523426306789,0.982423736989702,-0.60912399254656,-1.38152075828133,0.189596512239182,-0.901688394604122,0.0259977220480188,0.560579859985298,0.451194562257356,-0.283995224836738,-0.413642416599342,-0.234994996455641,-0.789508737448413,0.324851029395007,0.41973749483559,0.329608106701883,0.351346166057519,6.68,0,0
30088.0,-0.485406887214054,0.605942060479646,1.08906580783525,0.990842605982417,-0.266804874495879,-0.550272042016709,1.30210373260289,-0.207974173471097,-0.69875475816971,-0.348263928485431,-0.556729995531492,-0.242169012482321,-0.0882081457467796,0.390198642074171,1.03808137842667,-0.287408085478027,-0.192914591420259,0.191755470031326,0.397078276936466,0.333050509983118,0.249919993086323,0.484852788196327,0.201529097657626,0.375182961536527,-0.197307238838977,-0.339258755143509,0.118161562114848,0.175782379041547,213.82,0,8
8451.0,0.314596589729515,2.66067027657541,-5.92003738034463,4.52249960508858,-2.3150272861839,-2.27835165394776,-4.68405393631569,1.20227026523098,-0.694695511200349,-5.52627805985834,6.66243683071252,-8.52546492534563,0.742745446888019,-7.67866801029943,0.593070459066131,-4.47813659534324,-5.84426647937357,-1.1027307945783,2.17738568653903,0.562705643312244,0.743314023428983,0.0640383555765096,0.677841675250346,0.0830078227438395,-1.91103446375022,0.322188398435937,0.620866538820488,0.185030354728703,1.34,1,2
41308.0,-13.6807603221285,6.99038924197379,-13.7700011356219,8.694896899191,-11.4269679730732,-2.91984498997907,-14.5945615876748,8.62290473620712,-8.09069700355941,-12.7806339362021,5.3306013514672,-11.898065148453,1.59599290197592,-9.56016927087188,0.596403762858148,-11.3809956026059,-21.5368016259059,-8.48535580519493,3.51761050964655,-0.877391609905133,2.98955250855903,0.497598716647637,-0.509290299460639,0.732503456665873,0.280527953637944,0.280037142108891,-1.40668683562971,-0.663643363595055,1.02,1,11
74578.0,1.31398460915641,0.253428032402719,-0.0647931211331156,0.509258006960953,-0.0644274456956673,-0.626760563471161,-0.0030145406513711,-0.0906707532856453,0.253547745738617,-0.249702788791867,-0.999739998347371,-0.614805300625448,-0.70657276682434,-0.122752673907856,1.27284536025016,0.773190245319381,-0.247978307100402,0.106120670106058,0.124621091110305,-0.122890681202184,-0.354915291715402,-1.07174756195093,0.0378151862775842,-0.537941184309688,0.291070319961167,0.150641623377203,-0.031169669593485,0.0199051805140901,2.65,0,20
90676.0,-2.40558049004183,3.73823496480673,-2.31784304058402,1.36744244056479,0.39400112765787,1.91993798476143,-3.10694204753682,-10.7644025337266,3.3535248599039,0.369936028027435,0.382172176843061,-2.26293253493218,1.21060458321664,-1.88061870491121,-0.934160416330735,0.235476804417352,3.32156931100987,1.90627082950488,-0.581355690647057,-2.14087382269319,10.0059980130045,-2.45496409501601,1.68495694696092,0.118263083149952,-1.53138011163519,-0.695307571119466,-0.152501562016877,-0.138866256312262,9.34,1,1
72540.0,-1.17809890602608,0.576058903922191,1.08210375248247,-0.577900912602555,-0.597558240190165,-0.0604161775588759,-0.192941555041609,0.533692594629276,-1.47174266174522,0.504572925995712,0.917236840862034,0.930003269200455,0.258161687446729,0.157535187567041,-1.17855872416785,-2.08927641916613,0.581719985263007,0.806401985024204,-0.528527628982501,-0.522562072140744,-0.304028522861471,-0.290685570407237,0.100088085359808,0.225085167195453,-0.254069587198489,0.290798532187127,-0.0124247791802684,0.12362562428006,13.36,0,20
54348.0,-0.564891530904122,-0.511226513185222,2.00505467688223,-2.35083467545294,-0.841065179270307,0.0556105131150166,-0.691347404781195,0.0690691544043423,-1.88598833986166,1.63193694383375,0.0557405887580012,-2.06188535678609,-1.5786544395837,-0.305943998961265,0.339844181748909,0.147296309045258,-0.103248592355179,1.46637512515598,0.409818513189671,-0.154105595521175,-0.128083610967274,0.12208778150581,-0.435327841661021,-0.563879121902593,0.282360063676476,-0.0511182468527173,0.0367129020763985,-0.116926299863947,8.02,0,15
46057.0,-1.3094413460044,1.78649494921925,-1.37107024042555,1.21433549160762,-0.336642221570741,-1.39011986486896,-1.7091091066305,0.667747590382643,-1.69980879955917,-3.84391103993778,2.96259879138962,-3.95604520140947,-1.53923191944683,-4.63463139323434,-0.248403490673103,-2.05855138409951,-5.63549400383391,-0.775271204300359,-0.23930965408033,0.253464129147281,0.533521286327158,-0.0221799534199139,-0.299555851230085,-0.226416167090146,0.364360460778096,-0.47510178544057,0.571426303828437,0.293425836896259,1.34,1,12
59011.0,-2.3269223698887,-3.34843873033788,-3.51340796089061,3.17505971028128,-2.81513703435586,-0.203362788049123,-0.892144430418318,0.333225702638422,-0.8020052289805,-4.35068531246963,3.06424584128211,-2.71873063246571,0.0687877027069899,-5.58687312563725,-0.966076477695954,-2.50204941657576,-4.46049463214891,-0.870525745045081,0.595629103995644,3.20917094389277,1.22664839880046,-0.695902072928095,-1.47849021051453,-0.0615525997443275,0.236155012156618,0.531910616094765,0.302324354380578,0.536375347733134,1857.01,1,16
58642.0,-0.451382569628168,2.22514650025341,-4.95305045271638,4.34222824814605,-3.65619018970243,-0.0201214656089607,-5.40755361778584,-0.748436141338482,-1.36219775131112,-4.17062288702767,3.76230638231684,-4.22622469486547,-2.04669403006077,-4.71049793587464,0.217572360008267,-4.73908378383857,-6.13188675183675,-2.42587063860491,2.31416486951171,0.724381267691587,-0.575924092076688,0.495889440695266,1.15412793921228,-0.0161857864909953,-2.07992826296301,-0.554376906341192,0.455179270612071,0.0013206564598543,152.24,1,16
87520.0,2.35699779210106,-1.17658612923301,-1.77488913403936,-2.00022490600582,-0.228005165945604,-0.0277894822259837,-0.82621958655152,-0.194802073742608,-1.98333087977627,1.80724010155389,0.295027173692853,0.109268167099562,1.80434221774061,-0.232934041600616,-0.505148812876948,-0.258097276289324,-0.205451127593849,0.621020273914818,0.216695812256752,-0.296199591448586,0.078843767704618,0.716194304034415,-0.025881759240276,-0.157971546868709,0.226649783114126,0.0724397265146329,-0.0119303030312582,-0.0707144751256898,20.05,0,0
37576.0,-1.27980518737291,1.6657953279208,0.277385978450742,0.0337114050833907,-0.520417813408348,-0.930446639769729,-0.0625048328248137,0.847734282721575,-0.416237044512774,-0.634009336688286,-0.913125446018994,-0.204348380673195,-0.330282554215092,0.241233815050422,0.933056969348006,0.746107279786561,0.242315330171547,0.118094573351396,0.0072646285198113,0.0032366092716133,-0.238605162987889,-0.860054554467875,0.0534076190577537,-0.046672142154382,-0.0385648534740819,0.1048355441938,0.105519567640612,0.011028861103786,16.01,0,10
102671.0,-4.99175779387947,5.2133398229232,-9.11132629809104,8.43198635177602,-3.4355156720863,-1.8275651016855,-7.11430284412379,3.43120663145462,-3.87564287029742,-6.86850850672582,7.15062516950116,-10.2629840447185,2.73308493575221,-10.1275247811671,-0.262783621001749,-5.19027103814098,-8.6557110398096,-2.02444347438745,1.5604792800844,0.0981321924634143,1.18942283937597,0.247858476295777,0.294448330047117,-0.548503502162266,-0.174616566570794,0.406702503092405,-0.40233927269736,-0.882885795448957,0.0,1,4
55797.0,1.13518522998213,0.289975036213594,0.260075214738007,1.10298597792272,-0.278726887960926,-0.49819186543398,-0.0763375231940761,-0.041918425341213,0.404224933319753,-0.85014856511574,0.311385657765205,0.950610350290039,0.797020174072191,-1.72487051789919,-0.122033027525793,-0.333210682003236,1.47264897553489,-0.649106992055799,-0.505969827431928,-0.0492600862441283,-0.119289141637125,-0.0163916613995326,-0.0381189384334107,0.368079218857282,0.466460082971409,0.417455826800443,0.0252048500611288,0.0451654341979133,16.45,0,15
42624.0,-1.0948758603184,-0.482499995904659,1.45442851564984,-0.813977651366378,0.925403588435987,-0.615575162979167,1.16101105818506,-0.782537494009347,0.75006158931043,-0.190236588188813,2.00468195677972,1.10930455364934,0.0281348256255629,-0.278112423155102,0.705484434470444,-1.99010865626045,0.257064289699571,-0.154287703955929,1.93717656618087,-0.110685724831458,-0.0830658253295476,0.933237500914243,0.154191262839067,0.286407929358629,0.296881810643814,-0.51432428429642,-0.39179985750289,-0.656226540069361,46.31,0,11
129308.0,0.0546821522798935,1.8564996040552,-4.075450734554,4.10009796977678,-0.800931346218859,-0.29250182507501,-2.31743139396216,1.18974699460744,-0.786237923620357,-3.90674573293228,2.99348883356357,-3.61312502993317,-1.7272971294619,-7.36463881998297,-0.343295934983382,-2.57763472583711,-0.515302055109939,1.10910710845714,2.35115138243805,0.509558726652881,0.61824776165619,0.800932138498696,0.13001647459447,0.288945953295625,-0.36665802323555,0.0303066561662426,0.431182443382693,0.110698251591246,108.11,1,11
44547.0,-1.46641423850253,0.827223724020997,1.7818334863562,1.8281275300251,-0.934179529150424,0.527274021537967,-0.531781803725506,0.892432387180308,0.518277152733324,-0.590418011856545,-1.1262894095981,0.844068826329281,-0.405261776055114,-0.360913612323623,-1.41260750779031,-1.56290718037096,1.48162784187487,-1.10117127900122,1.20345614635022,-0.339858908875137,-0.257032777532433,-0.30415535621813,0.254412927707962,0.39808806387116,-0.400254108897846,-0.496069379909427,-0.382308323778549,-0.236249936024614,26.09,0,12
55618.0,-7.4279242314783,2.94820920837905,-8.67855038407896,5.18530347959595,-4.76108997261691,-0.95709501604379,-7.77337978477431,0.717309273781191,-3.68235923846278,-8.40315026242229,5.70520550718269,-8.6407464115182,-1.60292501896209,-9.46613912320431,0.137324186945341,-7.30324272860725,-12.4480392359586,-4.33283424125087,2.35202964025176,-0.123085015912889,-0.299847070706951,0.610478813685703,0.789022761446755,-0.564511939509452,0.201195825477742,-0.111225430586455,1.14459850910478,0.102279545438297,174.32,1,15
36678.0,0.636497214596647,-1.60971144064306,0.445930982118852,-0.404227824669751,-1.41563972235695,0.151648590047077,-0.457542550015454,0.191548329458518,2.20948928318421,-1.1805467374008,0.206013276941616,1.01436948720422,-1.2566229664825,-0.143899003909534,-0.863903809600683,-0.817308733164514,0.100801267935571,0.780246652884815,1.31613290620743,0.401062206958717,0.24837013950517,0.478976408806896,-0.523912908642576,0.0172925024325723,0.725156809067511,-0.446554940354924,0.0375562300704872,0.0611014855701998,396.58,0,10
91407.0,-3.95120850670532,2.88180518239049,-6.42149029451106,2.43418142416554,-1.32732453838007,-2.12210598673342,-3.2275333300383,-0.68556047558208,0.775985124963588,-4.72309174576035,4.921657447038,-8.75277008726404,1.52019774197935,-8.5520227319441,0.351975957711389,-4.5340297530839,-6.46540863418339,-1.89030997911689,0.174840185624481,-0.669351428982036,1.41047856462921,0.279402820830601,0.570821171370176,0.65627101478476,-0.298600548903483,-0.407571358894306,-1.37870253026193,1.37913029153249,70.41,1,1
85867.0,-3.58696386180132,2.60912703784891,-5.56857720803735,3.63194695349796,-4.54358971050144,-0.15789907530677,-4.08912766842153,2.41730514407718,-3.23990097529344,-5.822449155685,3.36918605153883,-5.69192578583088,0.287371390782189,-5.41378669142638,-0.555549924912204,-5.86366171303999,-11.1432410242579,-3.48093955285599,2.79433340410919,-0.178533964286313,1.02442283357462,0.428756482022381,0.182032121144153,-0.534597882665306,0.16893349468844,-0.149843614233619,0.685517241438814,-0.299728379437129,414.85,1,23
68569.0,-0.67075333119248,1.24039600250382,1.82689528792261,0.242056800335401,-0.151161812780634,-0.331368292219415,0.376348076104209,-0.806326974849076,-1.00923234007994,-0.174232743064032,1.65461340071881,1.11404719638967,0.727056112761081,0.311716492760176,0.412552852032284,0.041008391744305,-0.289481662000941,0.0924074457987148,0.930988241763338,-0.0521556833795918,0.662385098706536,-0.576335400504663,0.0460865828247575,0.537983999054751,-0.278318317871834,0.147510488815546,0.106675662016925,0.107877956348628,9.84,0,19
132315.0,1.85550055343675,-0.564757415703475,-1.26691637867885,0.774530150357832,-0.255095322050275,-0.732144807072254,0.162414553881158,-0.237482084212778,1.35002649915101,-0.262689969534504,-1.44643080890312,0.395085688531415,-0.761008934871118,0.0318376788790132,-1.21545595441437,-1.12212745588703,0.292887256392832,-0.555740638202742,0.356240095350105,-0.145042528135166,0.124550360671871,0.607968680595018,-0.126606164531139,-0.0260392278020237,0.394764179254411,-0.0507466240576503,-0.0175609602096744,-0.0506153771551856,122.41,0,12
49277.0,0.46316605607505,-1.0949370044976,0.536191822218617,1.54210672357637,-0.979924682502999,0.259499238245594,-0.0806786162865839,0.245802490772802,0.407794075372062,-0.0322591845303895,1.1371014106347,0.242681068669236,-1.87455171963376,0.612139765174003,0.132207793518222,0.021941662996921,-0.0885523380627228,0.139600136171093,-0.544069254396679,0.372975032494956,0.249949556062468,0.0441866958638499,-0.278472545917061,0.205932020632249,0.248071760317855,-0.366508122478202,-0.0147044490528911,0.0704577521096961,441.01,0,13
55279.0,-5.75385192191905,0.577609830544052,-6.31278151817008,5.15940136394611,-1.69831984974091,-2.68328644007023,-7.93438913772177,2.37354992013064,-3.07307886895315,-7.14513662527302,6.25006758982915,-9.15082268467043,-1.37614146959781,-9.98258470738767,1.2022169675584,-7.56504249195105,-13.691474448179,-4.36686728138342,2.18142273556017,0.0175000205275833,1.17785240817647,0.175331359039045,-1.21112332108691,-0.446891081681294,-0.405520352964176,-0.165797490498776,1.50551591304239,0.359492050360598,1.34,1,15
8169.0,0.857321003765953,4.09391182702914,-7.42389358948559,7.38024451788662,0.973366022888688,-2.73076151658057,-1.49649705633444,0.543015172692922,-2.35119015933267,-3.94423849794435,6.35507773663404,-7.30974798382371,0.7484505505775,-9.05799252943745,-0.648944909074786,-1.07311652692728,1.52450091526025,1.83136353283608,-0.0897244112241547,0.483302650495284,0.375026285129017,0.145399853347782,0.240603265009756,-0.234649222710157,-1.00488094720044,0.435831916241838,0.618323805168482,0.148468944379397,1.34,1,2
47203.0,1.00233712650025,-1.14423917684583,0.377227998398874,-0.628446933642396,-1.25724731471043,-0.361643268660173,-0.492454464648993,-0.0332531229028957,-0.965544662384478,0.735685010003339,0.935892185441836,0.424983469804925,0.254877449960271,0.237073444663041,0.456481785247584,-0.682336290954633,-0.496467186468167,1.48801120120962,-0.398138572787136,-0.0826510745240766,-0.468478407029078,-1.36770443004629,0.0449415217146793,-0.0165396248237291,-0.1703059298948,0.729936500939475,-0.0816936294767825,0.0367377558931822,253.92,0,13
85285.0,-7.03030814445441,3.42199090467553,-9.52507177254752,5.27089100906596,-4.02463027558805,-2.86568161775739,-6.98919473439446,3.79155093755913,-4.62273033596451,-8.40966487562735,6.30904400603177,-8.57676143258937,0.246746716929862,-11.5340460181508,-0.3642651387587,-5.45249465771382,-11.8875700201872,-3.56358481007011,0.876018768156628,0.545698040621445,1.10339774484256,-0.541854751589521,0.0369432219896495,-0.355519004066217,0.353634382097,1.04245799282131,1.35951563156376,-0.272188101257294,0.0,1,23
122475.0,0.0062320817713402,0.210789311135273,-0.144015513445843,-1.78797840518266,0.255121256461941,-0.442872789239172,0.325924960749709,-0.0304330633255013,-0.854257210355923,-0.315772404480287,-0.773643113411553,-0.929276752534468,0.490537121392814,-1.79174100845811,-0.265769798502771,1.38722822240862,0.976665177674561,-0.79553854437122,0.27800053824023,0.348183135339854,0.136468415984292,0.422745782132908,-0.004470614000541,0.325956574413194,-0.17531008501245,-0.260637151370308,0.313131692736757,0.151091225528677,69.29,0,10
63542.0,1.18558201333069,-0.244429858108265,-1.28442407852931,-0.489035577422326,2.02882910393456,3.25219201723833,-0.370598992886455,0.760788909817104,-0.0972507762825627,-0.0240008398891326,-0.0572337246851828,0.0626551222439793,0.0236825490321443,0.468658504875008,1.14670655968902,0.548253760740073,-0.861465742471607,-0.0511593085298622,0.244263965298695,0.157435518108602,-0.21565672675734,-0.928534505720298,-0.0151470719153053,1.00939215033742,0.447394637331853,0.181464046076255,-0.0471047740923692,0.0204366034461026,97.36,0,17
127031.0,2.07509602760316,-0.926927910979209,-0.889245610360268,-1.02265200499007,-0.709493436129251,-0.588353639177893,-0.62716738034207,-0.0878348890833342,-0.536327636875868,0.901478788866526,0.907631572800266,0.198214473355078,0.134447262912963,0.0517170980983431,-0.341608289972193,1.40500664778492,-0.168349250436834,-1.3527691066638,1.08387642989372,0.0611292781618662,-0.195116479014756,-0.754807468548541,0.404557916591793,-0.456395629304702,-0.574056183261416,-0.687015649740198,-0.0218876679624422,-0.050700515653469,72.03,0,11
64839.0,-3.15740884968622,3.44026264125248,-1.06236354104534,0.0989084992545306,0.107827342927917,-0.825486548561082,1.08684245097762,-0.369727515382596,2.32696395988646,4.80224003923335,0.183292236325305,0.152811599232287,0.192623285481412,-0.895219531431719,1.1709206385444,-1.31580403143083,-0.194208622746122,-0.88048150754032,-0.30596625728191,1.5871288910089,-0.340946738158838,0.606836244103697,0.201841897265961,0.0456216665323611,-0.250913907922862,-0.501031999460072,0.27908706643513,-0.307970437418068,2.39,0,18
39729.0,-0.964567282813312,-1.64354066791439,-0.187726849232163,1.15825311047012,-2.45833564593802,0.852221660377025,2.78516254594393,-0.30360853861401,0.94000553101046,-1.96530880945923,0.159743522312315,-0.490697387341298,-1.1819769933833,-1.95887596969497,1.15274328622613,-1.34126935794233,2.49832484974359,0.777831088916474,1.4060448737262,1.78444933498197,0.447180121733859,0.536203895046365,1.63406050110051,0.203838849073356,0.218748854725954,-0.221885828382479,-0.308554718022245,-0.164500017914328,1038.16,1,11
55614.0,-7.34795494690262,2.39704134824746,-7.57235581757844,5.17781925521834,-2.85483828261718,-1.79523877381611,-8.78323473517424,0.437156561210431,-3.74059750992972,-8.33286306292127,5.76318940883843,-8.70787929219866,-1.71694948774786,-9.57719439289905,0.146369002626258,-7.58649078643175,-12.5039309695675,-4.37563101237668,2.46519487038601,0.0731637913502985,-0.175273369741836,0.543325051876651,-0.547955067054245,-0.503721690122004,-0.31093277648824,-0.16398601754964,1.19789504657005,0.378186688214491,1.11,1,15
36979.0,1.09352583213065,-0.306960495777791,0.537074859925072,-0.510231995429707,-0.814754885453359,-0.844882893734937,-0.0142794609557372,-0.143049058562227,1.31734788188318,-1.16331405726304,0.370954575002796,1.66012352244489,0.743315269712583,-0.113890874934393,0.571377816780929,-1.44728414826174,0.592842028317515,-1.15464716690074,0.343258522069106,-0.023827198008424,-0.14018888166847,-0.161054922022135,0.0293648856501567,0.651463765889363,0.493471430420249,-0.764550546892443,0.0747247295211173,0.0368597305024947,71.46,0,10
96096.0,1.92100894706229,-0.329180384599853,-1.10229830226925,0.322602254253505,0.0753067715820172,-0.250678226585108,-0.134218768475676,-0.171005791053406,2.08328579270507,-0.443244671047846,1.68009294086763,-1.06806149037676,1.91568362952357,1.58852205431379,-1.88056932708595,-0.485008886973912,0.400617458532317,0.304155726458467,0.339021565361615,-0.120844155514422,0.0122238618825334,0.450976523364655,0.0255213365760516,0.779406072605558,0.158589770108096,0.0932221904298988,-0.0679303097770271,-0.0620336926862938,72.03,0,2
71760.0,-2.2927523190385,1.0131214665884,0.933177965812294,0.23672754949785,-1.39197666970967,0.609904991073506,-0.866671634550618,1.23754010373634,-1.38531202608673,1.34096324423509,0.583183404915269,0.060940772934649,-0.268577406179676,0.671354190913153,1.15713863472381,-1.27581712907406,0.306131422991514,2.10058098084128,-0.261184754562927,-0.14395335677471,-0.234713680788083,-0.0731287688452157,-0.226950485799739,-0.347931799684747,0.342840157521325,-0.0481766265035001,0.518882961297584,0.177278727291305,98.89,0,19
53658.0,-1.73934096431325,1.34452078912347,-0.534379047474665,3.19529149873811,-0.416196142475576,-1.26196066822182,-2.34099093949748,0.713003645507275,-1.41626499933122,-2.9966693020716,0.747478135782509,-4.59661151187479,-1.92775970193864,-4.75707449850737,-1.2478148188713,-2.53549425081321,-5.35646454386042,-1.97474852459452,-0.603726269220942,0.0027494784537285,0.38318010845642,-0.21395221812466,-0.336639824887574,0.23707630076775,0.246002931555889,-0.044227636498999,0.510729074882634,0.22095159365596,0.0,1,14
35572.0,1.09211342223624,-0.0366893753180225,0.885071438725463,1.19374010324983,-0.802347255556079,-0.404310354565946,-0.374383689610809,0.118206320657247,0.521195198980233,-0.0320869576175386,-0.173985212327314,-0.4159104333703,-1.45934864160478,0.479803751026127,1.63749765540451,0.0782976468914798,-0.107958001770791,-0.161559890193441,-1.04966847919779,-0.214604275334894,0.178791177185698,0.475112239755878,-0.0164183745363041,0.376350919639522,0.357216866174088,-0.284789136952537,0.0462147804898066,0.032385518079807,40.41,0,9
20011.0,-14.7246270119253,7.87515679273047,-21.8723173644566,11.9061699078901,-8.34873369160876,-2.26284641969245,-15.8334427819606,0.0778736741759969,-6.35683349086288,-13.2616517082667,10.0637897462894,-14.3947668016721,0.654888723464231,-14.2483158270781,-0.305360761401071,-8.16163244506225,-12.2809648581754,-4.81858639342974,0.719787682108791,0.996468755724792,-2.36234492751884,1.09955729576975,1.03719942301307,-1.03635934178889,-0.254776514154375,0.642343201018144,2.16112922373151,-1.40128201963858,1.34,1,5
75033.0,-0.430330205681344,0.985632693552081,0.645789437298841,0.317131047127407,0.616332206255463,-1.34746245720975,1.0782335690849,-0.161518267508932,-0.492855874580938,-1.03963769713185,-0.39560772252726,-0.664683930228673,-0.985700496668287,-0.660967626671015,0.344105202877093,0.530852433867815,0.278141865207384,0.355529916892446,-1.08122326117298,-0.115281935429531,-0.0163780179250957,-0.207609058231514,-0.164119225784612,0.255280162145255,0.454797817761532,-0.505032215885219,-0.0394559687978208,-0.006357582233934,40.28,1,20
62330.0,1.14086473658976,1.22131743135767,-1.45295546048243,2.06757505760281,0.854742052227546,-0.981222507744598,0.325713913670098,-0.0377214068783676,0.113219371615132,-2.12697274994354,0.915947028928619,-0.468571538051367,-0.523377293666349,-4.86186658087283,0.421013353871263,0.866440624739209,4.08248488419359,1.1963181517001,-1.10076358353881,-0.0677120411898438,-0.377597095255037,-0.79345965987036,-0.132333171548173,-0.33158626897425,0.664877856718148,-0.309312434134138,0.099941947375597,0.122988311929089,1.34,1,17
72991.0,-0.505429860763589,0.901511642003739,1.54101117404556,-0.190758420273697,0.116856968909235,-0.106511099206448,0.505737108738617,0.246238555871141,-0.584896266035683,-0.176400351192827,1.43376376219791,0.457143874312134,-0.570937184387554,0.466575521002665,0.454589109241132,0.127259737351827,-0.338127564378083,-0.242499241347627,-0.0519309790577177,0.0532351372667049,-0.152143815890676,-0.409250616019198,0.0104592426822907,-0.0154786094604103,-0.311936159804127,0.0851325279344368,0.273288552954458,0.106598266725323,9.34,0,20
122608.0,-2.00345953080582,-7.15904171709445,-4.05097631587393,1.30957974749918,-2.05810158798669,-0.0986209270722274,2.88008272715204,-0.727484046608914,1.4603805509699,-1.53160798206082,-1.39432826167269,-0.220718797789479,-1.53099043146804,1.0752476539262,0.388383209307268,-0.660655352312646,0.0933209955444861,0.335742221574637,0.0575510393537501,3.97321702726744,1.24428677489095,-1.01523228673153,-1.80098486605048,0.657585626965743,-0.435617246752788,-0.894508922176968,-0.39755738695085,0.314261714087509,2841.01,1,10
87724.0,-1.33183850066629,1.32492941291251,-0.509541149110067,-2.98472152253341,0.934647562721943,-0.282622528846398,0.722879610202708,0.54012451383385,0.195944099195305,-0.648901721716638,-0.353495800438661,0.20289138868314,-0.669815784030795,0.603551342905905,-1.0074543596996,0.903928647211155,-1.24788871332604,0.111213947024336,-0.175997072813948,0.0766158184682708,-0.33043969793091,-0.997838065771587,-0.156677588562823,-0.370433800735707,0.142929383344887,0.397862269701417,0.298552730598541,0.207210632783782,1.34,0,0
56650.0,-8.7620833940977,2.79103028235041,-7.68276685719257,6.99121396498416,-5.23069545140333,-0.357387950702527,-9.68562145610769,1.74933494530821,-4.49567886484426,-7.86450647898838,4.77414774007074,-8.24589788162945,-1.33349186005079,-7.97425052332349,-0.39879894749855,-7.24434047432354,-12.7600939511044,-4.82474022298701,2.83699299496563,-0.460389538640294,-0.0905267878788197,0.34858962816605,0.0511323900482543,-0.41542987238242,0.219665266254896,0.330020364891881,-0.0282517554687547,-0.156270272972183,10.05,1,15
18690.0,-15.3988450085358,7.47232389650112,-19.0269123426632,11.165525840514,-6.89385628014845,-2.12093657486019,-14.9133299850456,-0.721214094320184,-7.1750966153358,-14.166794659606,10.2777688628065,-14.9854337328686,0.345179234077653,-14.6663889726541,-0.346352541965346,-8.33324249555463,-12.6025964553952,-4.87668342078337,0.604625910708604,1.11150221461014,-2.44488368228,0.727495341024629,-0.345078151264077,-0.981748551471828,0.995271346300177,0.816761717958274,2.26294237384391,-1.17806316323334,1.34,1,5
41646.0,-3.24018658731411,2.978121790406,-4.16231393691373,3.86912437879902,-3.64525645477793,-0.12627056104764,-4.74472973694714,-0.06533104369042,-2.16836609501902,-4.75830407509117,3.47109784646449,-6.5331067689397,-0.983468669556775,-6.07398900285949,1.12540670902583,-7.71804240456347,-9.85592743669396,-5.19390789281555,2.04269768780688,-0.224043462894117,2.60144102940002,0.23191011639882,-0.036489849092758,0.0426396452203885,-0.438330345949387,-0.125821080392006,0.421299802439127,0.0031458761215678,230.29,1,11
83609.0,1.33596159349821,-0.118124829726423,-0.378627945226474,-0.637833896411968,0.447683654553332,0.624274973679513,-0.256072680185556,0.173483151731289,0.141203752701186,-0.0561142626861364,0.116353821031827,0.291852342545426,0.0711819597715369,0.402359739054781,0.839167479822069,0.674810461978264,-0.891487874152886,0.140487612354035,0.655584778156916,-0.0500686702164141,-0.147455324863198,-0.409030823947959,-0.147028567027033,-1.6440887833145,0.361022477969543,1.080400599431,-0.0747961406719532,-0.0280348743930641,2.46,0,23
129764.0,-2.4340041522657,3.22594669094366,-6.59628163055385,3.59316052421617,-1.07945204530157,-1.73974070807667,-0.0474200922292621,0.301424475889641,-1.77943359731428,-5.83645272742826,3.24943114650197,-5.96148766039896,-1.15517572861188,-11.0022890615302,0.588286383997409,-2.36580146413215,-1.3519003888026,0.189498486847292,0.524007524087668,-0.280533266400441,-0.0354907261487421,-0.419177640985635,0.157435951107499,-0.714849374336836,0.468859337004353,-0.348522318188906,0.420036479941583,-0.327642696480936,484.51,1,12
58199.0,0.340390790889508,2.01523346310003,-2.77732956104823,3.81202413104427,-0.461729071578821,-1.1520219714746,-2.00195866818811,0.548681056661142,-2.34404166261939,-3.07669858515182,3.55473755027372,-3.96968929955842,-0.932183689489454,-5.87606732124924,-0.0667394504128529,-1.49528077472825,-4.42475717388751,-0.619323237398381,-0.231198386269899,0.326772803133095,0.29976881646527,-0.583282924090166,-0.187696049565752,-0.329255753153177,0.732328138266652,0.0580797142765515,0.55314334331356,0.318832445723953,2.34,1,16
75581.0,-2.86636370525907,2.34694943137396,-4.05330668845935,3.98335888025187,-3.46318571327039,-1.28095301603103,-4.47476383461874,1.21665528478137,-2.30982869782019,-5.51550707258062,3.04839203447565,-7.12825076846601,0.0059558009251745,-7.49518733635876,-0.25108802193356,-7.5680148993231,-12.2236328477344,-4.89517519350497,2.52496746940249,0.270013154062001,1.04973156228305,0.475840283409025,0.404480059350581,0.282029789710327,-0.506901095688855,-0.371741093052833,0.615256964379468,0.803162841917988,166.42,1,20
89223.0,1.90045532177232,-1.021350172362,-0.952471013118192,0.0333865040725405,-0.886352521388866,-0.845815285738145,-0.301097497227426,-0.375472841024186,-0.443018299527392,0.83699885025596,-0.959126672375636,0.626700150372949,1.61206574690657,-0.288793584464568,-0.0689792676601754,-1.58482765472356,-0.212261489633953,1.1700848586789,-1.1230848027288,-0.287427340771934,0.0568545325202977,0.644834596782362,-0.0706148096502828,0.129510120534254,0.0313759051965306,0.601654555283554,-0.0315727834026993,-0.0316643307044317,178.81,0,0
47982.0,-1.23280412810524,2.24411874456383,-1.70382579275654,1.49253586483501,-1.19298516971563,-1.68611021267902,-1.86461150490967,0.856122313785725,-1.97353527775248,-3.94238290411726,2.40165068027699,-3.39426561777896,-0.145161724970334,-4.32979551307589,0.758760885824274,-3.19904647594093,-4.48018356526203,-2.48566878350317,-0.0958074336903356,0.207889301735382,0.560475065574211,0.165681717805126,-0.0137535165177887,0.474935180269258,-0.218725074414735,0.302809125708237,0.46603094153746,0.250133538809307,1.02,1,13
126271.0,2.27200607959907,-1.31368925650811,-0.984953956618976,-1.66131289281506,-1.06067791515435,-0.489916233330159,-1.05275765674227,-0.16461520021653,-1.58891981720125,1.72080436208283,0.586260898494198,0.225266664184165,1.12266091904339,-0.35595818161156,-0.936430684193519,-0.435185014660363,0.16976195236689,0.263281585428734,0.202976716288131,-0.383806913663865,-0.123994515281862,0.184581470892732,0.174327176236426,-0.391444597530984,-0.143799777934519,-0.157394161424551,0.0128344546005436,-0.0637459808625268,20.05,0,11
28558.0,-1.05321115902634,-0.0060779087814517,3.77174463732062,3.26700342187515,-0.444615552578811,2.0090995044032,-0.867863920398941,0.673824384322897,0.205380193619094,0.660165996429723,0.428784258739864,0.898204460900611,0.109324490048463,-1.32236139064923,-1.53425483981588,-0.841124860655559,0.663367984298872,0.301231493770246,1.20266619714991,0.562096313092565,0.173728749569101,1.09167817430744,-0.198719415723774,0.0891151303297357,0.151629297188704,0.534378812981697,0.243345902747585,-0.0585874299975484,69.05,0,7
55760.0,-6.00342167645829,-3.93073139597263,-0.0070454551172806,1.71466918264498,3.41466660221529,-2.32958262254194,-1.9015116901208,-2.74611109114189,0.887673207764977,-0.0492328559624844,-0.153131026660117,-0.814309846145704,-1.89479558623308,-0.83148260879597,1.38728869521525,1.18890675852063,0.536817322665437,-0.0514032140040002,-1.23138550165184,-4.12818582871798,1.10167131666753,-0.992493706726384,-0.698258928361953,0.139897673540465,-0.205150795631722,-0.472412262665941,1.77537805651063,-0.104284625925588,416.84,1,15
47427.0,-0.397154022339674,1.0846082741216,1.37104386141433,-0.152138147937037,0.264506265225988,-0.582431729583208,0.788013260346612,-0.100686263730945,-0.53593884016537,-0.349954016172108,-0.650367459982351,0.392312345451763,1.26190935953878,-0.113727453388294,0.760100639116424,0.291354964058292,-0.639882985803286,-0.326784729277628,0.192285120412212,0.204843489371423,-0.242459673477345,-0.594145052275611,-0.0783545066253633,-0.103554876038017,-0.0855015163408465,0.0980859839886546,0.269222290857267,0.119151742592131,13.18,0,13
27340.0,1.22839411513504,0.243784850905036,0.171467043315462,0.507539575062312,-0.201555141915898,-0.568144630032285,-0.0530044317909934,-0.0069147736898175,-0.126135824739086,-0.100019615299158,1.24539834335571,0.537299654104863,-0.319094710335217,-0.0065922029678718,0.475439401788396,0.797243549230371,-0.347579519304844,0.369720278912956,0.21911488135257,-0.0835833905346862,-0.261282776607864,-0.823707091928456,0.0781688387833655,-0.0564951316850619,0.211419833336911,0.0989496956135524,-0.0315194913809014,0.0168754138452832,8.01,0,7
66647.0,-0.89996946722117,0.0526473862259878,1.46274550355562,-0.248840279846233,0.678599684348456,-0.500020293760185,0.324689707228912,0.177233187778332,-0.165633733459008,-0.612064735745106,0.316261390760764,0.468192383412321,-0.761520619294245,0.122122069669126,-1.45496093256288,0.176496782687221,-0.562359048962508,0.11217569724792,0.151766807564344,0.0277704859671018,-0.0427856013107796,-0.269124901475776,-0.0082414164628122,-0.0419639641377824,-0.181373842094128,0.081241744176758,0.049069400380384,0.129083310362452,38.26,0,18
44181.0,1.21939499292736,0.54695077882154,-0.371539124560182,1.12727912187927,0.168786533845579,-0.705682691281848,0.128733695843882,-0.0274274385599478,-0.188501440466749,-0.371154496057267,1.2999521907299,0.0682497295505488,-0.918115781588293,-0.70448204166247,0.476813680799622,0.836544705855158,0.35229918459818,1.17389426924306,-0.163957689935744,-0.138978756031807,-0.0317380675619148,-0.0970760644302872,-0.161900139499736,-0.128899755237185,0.675984194743029,-0.321792835762117,0.0220237935768298,0.0359013051143559,1.34,0,12
67571.0,-0.758468652663917,-0.0454102784513458,-0.168438290153528,-1.31327481447103,-1.9017625315847,0.739433414882114,3.07189204639003,-0.483422244220096,0.61820276215476,-1.7690597207318,-0.651414013964987,-0.0054232908009888,-0.517194341398293,0.217469760178719,0.883558824493356,-1.17397764863161,0.24334710955825,-0.342300728238465,0.68705620239513,-0.0324998988871344,0.0426194565214976,0.397223782011498,0.0722288654476503,-0.242275996603303,0.560916469624214,-0.540954584325348,0.150606446374032,-0.117140114799884,733.76,1,18
109014.0,0.0687766856437052,0.597343128427509,1.13446565452175,-0.63417277561486,0.219531380609332,-0.0522458028161902,0.160414114499352,0.0984580314145717,1.68346250361907,-1.11368641521874,1.40157196788796,-1.79177797465568,1.55155904899303,1.5790466753674,-0.7364286623176,0.470523177838664,-0.37586030788265,0.963406495402054,-0.178708858356891,-0.234603313049268,-0.161676456696604,-0.184427316689673,0.031166001232305,-0.592781852910578,-0.64118895579858,-1.02738174348448,0.105570112170517,0.0474683311926342,2.83,0,6
80273.0,-2.90835315037203,0.470774642489507,-0.563662956448371,-4.47778970457193,-1.52860872883652,0.753895144136757,-1.36325583511086,2.18128341157303,0.21702150228135,-1.97537569899724,1.31076094863631,2.36484188934832,0.482904245546642,1.03263932009318,0.267363748249421,-2.65064522645271,1.28387378331804,0.0158307833715681,-2.49912962890518,-1.07185500037517,0.0113643384557637,0.446967676406098,-0.040326950352123,-1.02269299025025,-0.133250341545238,-0.990941102207542,-0.0520786886575152,-0.134024110216821,106.89,0,22
75921.0,-1.22786589526578,-0.330271274667186,1.49146990341189,-2.60474369635957,-0.767460400634711,0.0672686722918831,-0.715706117627238,0.552228958911161,-2.51505043926579,0.479612400516119,-1.10703225931019,-0.460217038871356,2.02292498544236,-0.611873439724037,0.387104117903846,0.0450666729335969,0.232935074792938,-0.11826849758716,-0.918990393279272,0.0031143792705987,-0.189305059676749,-0.375596082564845,-0.0784407281161585,-0.792418845989427,0.350593869604358,-0.32426141511382,0.200632440471277,0.0111095335935035,77.51,0,21
58469.0,1.09603040026377,-0.792544345804111,1.55353769055492,0.493343317181195,-1.45197375107465,0.754394861540651,-1.26916854084656,0.465391479763138,1.73341535763255,-0.394434547660936,-0.0034710675832822,1.08265531335697,-0.674419202495254,-0.900392552858786,-2.10594187998956,-0.122533956219565,0.140658926585687,0.127460237047671,1.01502331969558,-0.0721237948950852,-0.0863922551107736,0.148297215970727,-0.0965666135056677,0.121139121693875,0.255736923877586,1.12872134027162,-0.0048855370674335,0.006415845198343,36.0,0,16
50084.0,0.985130557603284,-0.205175743990521,1.33712650033182,1.82012363338189,-0.822853216397341,0.448572144383651,-0.416372679992363,0.203275926019459,1.08922465055744,-0.460898889205876,-0.662851285545699,1.56689581619994,0.57699917365411,-0.892518421921341,-1.82093690092766,-1.27861881538192,0.842827991794216,-1.56213988936164,0.0337331040737768,-0.085946889855286,-0.361155254005691,-0.606024938317019,0.0811102566349815,0.434106695279058,0.398884597680578,-0.536905648049225,0.0905046656947843,0.0405032712094869,64.27,0,13
42407.0,1.30803639402821,-0.0579888963238361,-0.977681028923475,-0.550512981305654,1.96038746456034,3.32881564677155,-0.60851006057111,0.840708899329112,0.0127143932635661,-0.0162278045053507,-0.0333947095562246,0.101089645233713,0.0535704631166711,0.373277835667333,1.24895314740393,0.690316554642851,-0.919655477934827,-0.0865409084740939,0.270712545156038,0.0175437190621709,-0.363609872089707,-1.21606458406032,0.148319357579957,0.982351775256199,0.289784440704722,0.0494086227911023,-0.0224082320885115,0.0147863330924974,2.08,0,11
72727.0,-1.23511673937157,1.24240196756036,1.344264781823,0.946453328200384,0.198146323928768,0.324484473989107,0.684394572076715,-0.0938343700966077,0.826002182066142,1.71724316826833,0.92739088348374,-0.603653718565887,-2.7163208319576,-0.0111789910941182,-0.0873205572091409,-1.15504027523932,0.265141251092385,-0.0099564993856996,0.969197644762092,0.400278936988895,-0.199007108699053,0.182216548839496,-0.120218164102411,-0.034708495775647,-0.106839039805051,-0.295941021745379,0.15942768591582,-0.0888027465547978,5.33,0,20
94362.0,-26.4577446501446,16.497471901867,-30.1773174564996,8.90415677106517,-17.8925996927224,-1.22790388102871,-31.1973285494605,-11.43892041491,-9.46257260540015,-22.1870885620007,4.41999660154863,-10.5923050053728,-0.703795803703315,-3.92620731586873,-2.40024649210124,-6.80988994039049,-12.4623149481086,-5.50105078380738,-0.567939572890149,2.81224110932946,-8.75569832116533,3.46089334478551,0.896537503959012,0.254835536763482,-0.738096558530353,-0.966564233789852,-7.26348214633855,-1.32488430656137,1.34,1,2
8338.0,-0.282276914856441,0.62538059123609,1.88119302423067,0.117342417085533,-0.0589807866356762,-0.266364990608105,0.31607212611816,-0.37432655721927,1.24953400251101,-0.378710982918362,0.235956442884084,-2.88250743312627,2.0641363445484,1.13954137506911,0.940303376960302,0.043945546846122,0.356484678124477,0.559583942542714,0.918089259984513,0.166467908805479,-0.0247054398849091,0.368414630486651,-0.201084928957987,-0.0824261737007928,-0.569467915525003,1.09327034402199,-0.228816810081074,-0.0917067220550258,37.41,0,2
78038.0,-0.990115611046122,0.868238587601369,2.54021498884528,-0.213251915957822,-0.439272119098157,0.648987375357289,-0.20963704509326,-0.410141978996572,-0.391394369089171,-0.49095131245465,1.40029652000492,0.704441643484989,0.107216707267037,0.0283279838664116,0.794816945638754,0.474719350652083,-0.45965410090328,0.384918517751274,-0.297568271909028,-0.162945424800394,0.966090388278036,0.319110911836114,-0.138453915221764,0.0344247727684405,0.0215076944873787,0.402508295241173,0.107672454693293,0.0657900671088892,31.86,0,21
77043.0,-1.58626896890443,0.0402464542268694,0.83038784451062,1.11523226466727,-0.146232118220333,-0.142211100863421,0.442341376129737,0.56834076568782,-0.698558181587819,-0.358490946822428,0.549495359185053,0.79817132235893,-0.0053099441824495,0.601333611449824,-0.314298846234156,-0.0880106864652163,-0.140186818986842,0.529929027523412,1.07409309616306,0.647427745232087,0.0971853840111057,-0.218391901047542,0.320380155341518,-0.0208762739103973,-0.0724803988506121,-0.478237648111764,0.232146041975377,0.0308888864357559,245.78,0,21
53451.0,0.385108461103674,1.2176203228402,-1.95387216540948,2.08707599095328,-1.14422540643716,-0.57688799482478,-2.58286504391682,0.643229999334504,-1.19123269237613,-3.09509360697848,2.82114488798301,-3.1005456578695,0.146199374342408,-4.51012391529804,0.574490022660784,-2.12346278453199,-6.05331938825344,-0.70637615273475,0.572791028207014,0.380545212283106,0.594623132460925,0.372143665842342,-0.310455791389476,-0.624065148802846,0.840216130296559,-0.159451766672991,0.599482364663208,0.288915549852885,10.69,1,14
40742.0,-2.37753280180283,0.520539361927579,-8.09413945532841,8.00535147326105,2.64075021376276,-3.38158645291742,-1.93437244067366,0.562322111872781,-3.10402718606356,-3.05121035544102,5.73576265915634,-4.74769250131792,-0.784223284478966,-10.7163393018774,0.656516978131348,-1.14246727231018,0.91859080878698,1.12633522330277,0.0929734778841175,-0.634747080915274,0.148284201590387,0.7210995412337,2.66129069804724,-0.508619933518595,-0.401656629278738,0.587611216267645,0.500326371108344,0.551759687906722,1.34,1,11
69927.0,-2.86948660825215,2.39436753237762,-0.363702191569622,-0.250805100251552,-1.17975906860367,0.0935294414351989,-1.0742456227847,2.07836932788273,-0.467421973567755,0.0432405178878751,1.06889622888177,0.926689852643433,-0.883888228547375,1.58792846734616,0.679864921544686,0.262776713274047,0.61143014501953,-0.547247404267442,-0.519059665691149,-0.113974625086458,-0.0221416495563729,-0.456431609239659,0.273081366127404,-0.347638587428836,-0.185971370759056,0.112519005162047,-0.161545516960413,0.015324509681139,12.71,0,19
100223.0,-19.6418567335974,14.7063346696674,-22.8012376947782,12.1146718424589,-14.898112530969,0.840777704221173,-28.0112929096778,-11.9196388199434,-8.9609216998511,-18.9132433348732,4.971248707036,-12.6863075224956,-1.07144311342478,-7.38337003956967,-2.99243029925503,-8.58230865037102,-13.8065681285297,-6.00035879778826,1.42263161326029,3.83464904792346,-8.22887409813848,3.31817776987025,2.58521234602075,0.195008569338351,-1.19480304002391,0.0384229399473607,-4.12674625203028,-0.645329219040983,3.05,1,3
70229.0,0.315641749332386,1.63677796226183,-1.51964988293973,4.02857099852445,-1.18679426720391,-0.789813099852487,-2.27980740468004,0.472987926704315,-1.65763500271185,-2.89499040084744,1.60198538284757,-2.82494562476694,1.26920363552044,-5.59136368933409,-0.974827287131074,-2.73779549628906,-4.9615343155062,-2.22479740778771,-0.136117269757132,0.388884849068478,0.345920750226663,-0.1080015945344,-0.165441941824109,0.279894580016653,0.808783092569154,0.117362632970147,0.58959490284462,0.30906407378289,5.06,1,19
44082.0,1.15916957545219,0.124333052739654,0.581947674837643,0.50754850531608,-0.374525876642242,-0.32510306051882,-0.143965482154016,0.0918865421412077,-0.166008606228483,0.0715140369640358,1.81182898290232,0.977376320948799,-0.263418860105376,0.563742153908616,0.616511515415164,0.167833959045109,-0.296149824735013,-0.508651629824113,-0.261785644413811,-0.148255264886271,-0.169625331020979,-0.515970789234946,0.183872056046538,0.206913730032559,0.0723869133443559,0.0956307127931237,-0.0190249312078937,0.0065904646867526,2.65,0,12
17838.0,-5.18787810836635,6.96770866359565,-13.510931139095,8.61789514115238,-11.2144223939458,0.6722478387604,-9.46253281088355,5.32870420774381,-4.89700552817542,-11.7868116556041,9.36907905765884,-15.0941631493865,1.25637700700759,-11.8521613037824,0.274429814172421,-10.6882417917386,-18.3888105354245,-6.89884013301839,2.38280793552097,-0.623737291574186,2.08608300107406,0.760190240866359,0.716805785858217,-0.646743429628277,-1.61704292571624,0.172346889503238,0.626646780979254,-0.169726031129409,1024.16,1,4
47814.0,-0.340366613944953,0.951313583520021,1.19129786210539,0.116084068442541,0.78622133864091,0.618487947315335,0.42223295730963,0.154352499287791,-0.243536084896582,-0.398102122829462,-1.46574721079815,-0.260978572065928,0.520996025487931,-0.0322700211006118,1.28915956469893,0.372999418241624,-0.787482948413295,-0.064250060960833,-0.0553781156576598,-0.0719090042389284,-0.165846715647704,-0.515744789494291,-0.189271151308886,-1.36464816414387,-0.0306082923804887,-0.5607669902064,-0.0536579961420233,0.0196404725220985,0.16,0,13
47834.0,1.15617837715336,-0.751813400887934,1.54384848337328,0.582865791072301,-1.55655213642401,0.450873759735251,-1.31482010005528,0.27857511034182,-0.0524917984675123,0.590569544926998,-0.737596935890758,0.160299957569548,0.484867289864811,-0.562910321279699,0.923966070987675,-1.33159119094355,0.0186087873895883,1.358288321917,-1.6967014270629,-0.494763054971807,-0.106558847818401,0.322512781176611,-0.0070708023994526,0.0632321507044792,0.233940804441299,-0.191279397594516,0.126324102266679,0.0494928412939945,49.18,0,13
8808.0,-4.61721720415581,1.69569365346656,-3.11437220079491,4.32819855298178,-1.87325699086527,-0.989908135538263,-4.57726462658038,0.4722161584519,0.472016953377646,-5.57602263642415,4.80232276125089,-10.833164469314,0.104303875698575,-9.40542306160986,-0.80747786866047,-7.55234220350747,-9.8025617903912,-4.12062883466552,1.74050729036196,-0.0390459343384186,0.481829697240067,0.146023056445948,0.117038527549065,-0.21756459883966,-0.138776043706563,-0.424452881068275,-1.00204142597227,0.890780287970655,1.47,1,2
20451.0,-15.8191787207718,8.7759971528627,-22.8046864614815,11.8648680803607,-9.09236053189517,-2.38689320657655,-16.5603681078199,0.948348594786058,-6.31065843275059,-13.0888909176936,9.81570317447819,-14.0560611837648,0.777191846436601,-13.7610179615936,-0.353635939812489,-7.95744722625995,-11.9629542349435,-4.7805077876172,0.652498045264831,0.992278949261366,-2.35063374523783,1.03636187430048,1.13605073696052,-1.0434137405139,-0.10892334328198,0.657436778462222,2.13642447085514,-1.41194537483904,1.34,1,5
59669.0,0.326006629816884,1.28663756547088,-2.00718128715265,2.41967479633278,-1.53290169734535,-1.43280331503216,-2.45952963994058,0.617737791926574,-1.12586103037287,-3.23678401592309,3.5617949640183,-3.91467935228848,-2.12495645598654,-4.45889502952153,0.578201875425492,-2.3433041192933,-5.07145010804216,-0.749172320846648,0.22842274838649,0.222666683155765,0.556894674408544,0.169775528574355,-0.174357059251063,0.308061323046213,0.710996128051644,-0.23102981819073,0.580495233837149,0.30098403791885,8.38,1,16
132688.0,0.432554461820961,1.86137334473124,-4.31035306214219,2.44808047483365,4.57409367462504,-2.97991207512663,-2.79237913364276,-2.71986651919035,-0.276703666493858,-2.31474716368481,2.22296005779154,-0.407550442912615,-1.65231153851303,-5.87143807802568,-0.427646957092402,1.67987296365444,5.54086531862428,3.20763696362324,-0.559479810847182,0.318852892094648,-1.3844768425902,-0.348903877586001,-3.9799478814166,-0.828156262241172,-2.41944598182275,-0.767069606648857,0.387038910929273,0.319401534511631,1.34,1,12
51958.0,1.45997527072198,-1.0022793414735,0.55037294166767,-1.29267180605795,-1.55774611424468,-0.759657981906571,-1.01101210871523,-0.110714808913281,-1.81203710973925,1.40954462152943,-0.0301925938706171,-0.89263680152446,0.0292713762092736,-0.182358494352432,0.837016819639916,-0.771762015977752,0.928608490391442,-0.550755406219039,-0.722556227567948,-0.403708134826595,-0.171894987334516,-0.0781724179922548,0.112332935100333,0.366207599417163,0.258919831775569,-0.195013439122674,0.0450460913918775,0.0193896996044499,13.36,0,14
93860.0,-10.8502815883108,6.72746568826853,-16.760583409542,8.42583167857118,-10.2526968683093,-4.19217104406337,-14.0770860104531,7.16828793346092,-3.68324217370244,-15.2399619587112,8.03070840755191,-16.0603057628826,0.270529742348469,-14.9529810390579,-0.241094883743813,-11.866730636746,-15.4869899240937,-5.74865155747378,4.1300314273319,-0.646818272966729,2.5416369467068,0.135534921100722,-1.02396689219897,0.40626452579196,0.106592778669641,-0.0262323892202069,-1.46463002356247,-0.411681819907858,104.24,1,2
79245.0,-0.56834602896099,1.50965107167512,-0.265362320636688,-0.0167405404685603,0.701043858540637,-0.639650141538129,0.569580451044532,0.405407021776495,-1.00918780364819,-1.15722196166696,0.695042427402587,-0.18714924458303,-0.628006541206154,-0.795371972590169,0.0679199826227989,1.00940017487435,0.685218467068062,1.32979724080828,0.393453540148935,-0.138515986147329,0.0055857437446476,-0.137949912711652,-0.230211621184186,-0.628881020413623,-0.246740480344626,0.293445513629671,-0.0176545489978315,0.102858841570655,1.02,0,22
46204.0,1.19118364967094,0.116668585735293,0.11065140708023,0.493817153223571,-0.402518157037277,-1.08919119516676,0.232081389465941,-0.0979330800487908,-0.203740388380804,0.155583074861541,1.38263885074494,0.129897020740924,-1.80048854588362,1.03512271528001,0.234753241930542,0.245854084902681,-0.32732328848614,-0.239620210170905,0.326986771773775,-0.173334110430608,-0.327835174678873,-1.13999820247477,0.164800707254883,0.477059976206525,0.164074004932213,0.112378634012378,-0.0819098532097516,0.0006782324880633,32.01,0,12
27484.0,0.885312113958645,-0.847433717230282,0.928056446913799,0.403614252724345,-1.38186761399483,-0.460745715472092,-0.465151508616653,-0.0123714813744064,0.926115951708982,-0.335822868837007,-0.615195997133404,0.184252053249604,-0.0812161029380942,-0.260146710814662,0.744169673771547,0.400284647504199,-0.23569055834989,-0.0489690333489325,-0.110873673602416,0.279934463843262,0.174456122023551,0.250946347973684,-0.180163779106365,0.474126872765725,0.140540950270566,1.09129160428075,-0.0702216376480081,0.0451278029089426,244.03,0,7
20332.0,-15.2713618637585,8.32658106147414,-22.3385905133352,11.8853128922128,-8.72133435613386,-2.32430694897567,-16.1964186599881,0.512881820424485,-6.33368515594745,-13.175198078736,9.93981974172569,-14.2254557039818,0.716033665192873,-14.0047761755606,-0.329447848153274,-8.0594194070953,-12.1220088158237,-4.79971013254961,0.686227163597458,0.993121017282391,-2.3568962794623,1.06801917704623,1.08561716724338,-1.03979707801119,-0.182006136246673,0.649920860777984,2.14924707788821,-1.40681133211222,1.34,1,5
37174.0,1.36517017025038,-0.753152070143471,0.608259288336698,-0.865243225929232,-0.914395037692044,0.222339755331728,-1.087969822469,0.110807060854007,-0.377953091246611,0.553132238301234,-0.809867380503104,-0.710478575528834,0.657015907624436,-0.510210981346859,1.40490096582148,1.42199587602718,0.0182977134063677,-1.05368250185216,0.174568987526817,0.125906945384981,0.364432068779737,1.02880458060008,-0.190870032764883,-0.716785043452153,0.4684365981684,0.0304888029202322,0.0519328975478572,0.0166373403178733,33.4,0,10
31626.0,-3.27674959044488,0.256518949254916,1.74981406487769,0.825148906746599,1.42102145275093,-1.64993526142681,-1.93449455530953,-3.40465967430479,-0.128683706261115,0.556156304718783,0.421297439475993,1.11006066263883,1.1625873553313,0.0277900663128396,1.27408296786304,-0.161207749753765,0.253300843173395,-0.71361634415563,0.655305627647288,-1.64936083888145,2.45840367477275,-1.6089603680164,-0.85789727539892,1.03286781987569,-0.0814334961308034,0.265961135173585,0.982097155903966,-0.0896432298433236,12.01,0,8
80650.0,-1.59604733750574,1.16331269238855,-0.30648666120693,-2.79548955271637,2.44007621856475,3.12910038553582,0.482025850005656,0.31959664113855,1.6421995831892,2.00747465250049,0.184642159056037,-0.412336605474572,-0.144619529383701,-1.02800607504662,0.906930153529662,0.600483953547859,-1.56859714011668,-0.112794165483046,-0.542257166851416,1.04027846375767,-0.501364005921123,-0.609105565517824,-0.0297201495641286,1.00650371994282,0.14792884468192,0.671180546253237,0.165837038091251,-0.166426625013974,3.9,0,22
124879.0,0.682847521790843,-2.41758044333642,-2.82001716939733,0.284982363648778,0.610416935109165,1.3442107727577,0.867146891263163,0.0971164327061234,0.0765890320620888,-0.119297108539724,0.897860810405486,0.667895955747773,-0.375617368906508,0.957872013200586,0.484831380104039,-0.576462014142247,0.057226331980726,-1.01025830210016,-0.719843043270688,1.09208492211202,0.540616938874782,0.18031853626438,-0.481545370184663,-0.859550272080205,-0.309320441267257,0.706199190602939,-0.19286304849068,0.0205413682150889,906.65,0,10
90242.0,2.04326882859421,-0.0344063140423224,-2.81373358898319,-0.374783071088827,2.68385532186907,3.18967532963104,-0.509642598510713,0.703848221996147,1.64486116464779,-0.721649446489534,1.27720587519903,-2.32341443781449,1.36689586126263,0.837216770344507,-0.153562208321286,0.149424292835395,1.20621272737364,-0.225466733399542,-0.343321928128953,-0.163981210033344,-0.502836134589281,-1.18317551909178,0.375253986262118,0.543799659282827,-0.287679030458907,0.181071841909367,-0.0659422014428988,-0.0492002002731464,2.65,0,1
60585.0,-2.70905066249964,-2.36781677060733,1.61598977655517,-2.08147192395843,-0.176629315112911,-1.01360988269718,-1.07952391288623,0.327312155673747,-2.27012860212896,1.14744384254528,0.717745716271155,-0.322010369418319,0.941258494543001,-0.485031862219527,-0.311453947234498,0.383693235420143,-0.203903266402643,1.01442318977805,-0.479472298318329,-0.0888663085523848,-0.0335501133755607,0.341430811317127,0.501672968981728,-0.0153676725407094,0.646141523192431,-0.180460974941778,0.0042625023015187,-0.279362462676159,105.58,0,16
42941.0,1.48048020751614,-0.647202692569804,-0.556755893914743,-0.881544079039752,-0.143522955891553,0.123257307133881,-0.504429790631191,0.0350492577847788,-0.388278923474827,0.594277961404838,-1.83400797131909,-1.83912499865512,-1.600323919561,0.108631718587693,0.321883873651126,0.725065176339288,0.496374392588489,-1.43267131703731,0.995837553034055,-0.0598578023478235,0.064624802043101,0.198138661896185,-0.285545080073847,-1.32660836747928,0.840822129575066,0.0577985101004861,-0.0064132728599843,-0.0177879293019748,13.36,0,11
83879.0,-1.37688829310215,0.304186073626723,2.23289854847355,-0.747520626416396,-0.723581678873057,-0.507504693564313,-0.240224000128433,0.579008598594272,0.339990637250116,-1.47278295055504,-1.13450373796117,0.503800198084593,0.0682036545018755,-0.397416028236684,-0.926560420786973,0.146614924465604,0.0951428924411684,-0.511191836509733,-0.0420323233263408,-0.0289165764788157,-0.0986837458077216,-0.399710258698099,-0.135866891905447,0.453108418740983,0.179617265048313,0.856157090305121,-0.141489058450529,-0.0604094297237261,35.43,0,23
118532.0,-5.96145725181683,5.31338185985134,-6.67432045600546,6.02897499089959,-1.38755992793501,0.670638451870295,-4.12898748860167,-4.76589378950457,-1.00525917075425,0.453505060416619,4.43173633655471,-5.14273660303602,-1.18169206554319,-8.7554491326517,1.00435568809085,-2.06502561211988,-3.26143516010375,0.12522332026716,0.936966154656013,-1.11658092121725,5.55664239133643,-1.50180765840879,1.35517244397724,0.141093214148711,0.0779134112043686,0.473988340387306,0.28712879038893,1.46865341855998,141.51,1,8
30852.0,-2.83098405592803,0.885657038258755,1.19993009832405,2.86129223993172,0.321668777779154,0.289966026429405,1.7677604489638,-2.45104966190813,0.0697358066743391,3.24508640095346,0.675287853392807,-0.677096334427304,-0.222741128141729,-0.913786970583513,1.60333192308268,-1.0245020918608,0.0220452070437295,-0.940684674142594,0.484758940230455,-1.01692314354721,0.546589339675499,0.334970736976198,0.172105676221893,0.623590288019672,-0.527114316331261,-0.079214654387473,-2.53244529803097,0.311176714703215,140.07,1,8
34687.0,-0.860826892469905,3.13178963278262,-5.05296813449749,5.42094070941518,-2.49414141557203,-1.81128662834635,-5.47911745062699,1.18947198655298,-3.90820579292615,-7.06074618169306,4.72997415443333,-8.62905440849263,1.17879796289388,-11.1820634139742,0.445243112696547,-6.53298227788478,-13.3892507167674,-4.48041256680694,0.432054206519352,1.0857595200589,1.19269353963797,0.09035581053399,-0.341880850908644,-0.215924151333767,1.05303194615504,0.271139003495332,1.37329957704625,0.691195095871691,25.42,1,9
50714.0,1.36404947816363,-0.201080435468713,0.133397402321275,0.314467367061374,-0.622679197868061,-0.741470914697083,-0.187814195820276,-0.125975531923261,-0.905481525080362,0.830539790168297,-1.1967665363985,-1.00267684636618,-1.25497170185899,0.619766675218028,0.975908682339636,-1.15133609569916,-0.24328861452567,1.01769790631534,-0.66977875727613,-0.619204505345192,-0.877387422648158,-2.21189429092591,0.256982667650265,-0.288619348703703,0.1509372498017,-0.817262493034371,0.0246378854925135,0.0272225329784361,19.85,0,14
96717.0,-3.7058559456413,4.10787318567637,-3.80365599543613,1.71031444791959,-3.58246604635748,1.4697289395611,-9.62156012711908,-11.9131046925977,-0.322296771337166,-6.62569249371823,2.17523030559549,-4.38107755793604,2.06329870945929,-0.673818453194249,1.40076321660287,-4.25492662033392,-5.16021301572915,-1.30252591599748,2.59445276115475,3.63960274068724,-5.49877168010629,2.94147540326902,0.916235852911927,-0.25550447969595,-0.18383483865098,-0.584538952417976,-0.315483570351021,-0.0972228121259146,1.34,1,2
55221.0,1.08157844874463,-0.27307493781693,0.784098258876848,0.0272219479782657,-0.754613821006186,-0.187704738076275,-0.445538234456583,0.114644619887924,0.100246866335314,-0.0535252964796769,1.87657390802636,1.22991621750836,0.479796612675545,0.192531916102978,0.806479541508766,0.342930802654777,-0.361398795172927,-0.189079541676205,-0.359398396360445,0.0294143319404402,0.20148266306982,0.541577980796503,-0.0188031030847222,0.316441947987745,0.103678907053643,1.06453489038654,-0.0527117366768031,0.0072443574982117,63.95,0,15
42988.0,-4.42350762703846,1.64804777413239,-6.93438785672913,4.89460056642244,-5.07813111998958,0.0108488776042783,-3.40909567897227,1.40929050029893,-3.26067152936237,-7.78135276287243,6.28337707847689,-9.65660635996176,-1.61913485478932,-10.7321089251086,0.288220764475555,-7.89812205175049,-13.5706825019333,-4.59023530005094,2.59017338411194,-0.562264103606392,0.698359061079766,0.487477720585547,1.22869827965959,-0.535217333195035,0.388278095984062,-0.0094656471517041,2.300164247557,0.0812314897144668,865.99,1,11
62293.0,-1.4182911688106,2.26156436278514,-2.48016682212766,-0.792699753446399,2.31870090527389,3.78878853559918,-2.29079528978166,-3.94500346036473,-1.27559952981865,-1.98800181251771,-0.0738885633693776,0.0767233109603003,-0.594227221807864,-0.174042542028602,0.684419714098241,1.24940306745956,0.957335223068484,0.989407696946277,-0.285528858717537,1.3698788253949,-2.61980740198455,0.345268765393364,0.357153524323093,0.836021951331262,-0.122961243550956,0.261540092637933,0.0697982667067938,0.131514151349452,1.02,0,17
35696.0,1.32553708871321,-0.111892787802986,-0.523231057530811,-1.41924075185279,-0.204474841552725,-1.35001902702008,0.339897833957452,-0.30840866828384,0.911475924426547,-0.974945565488653,0.0685728451283866,0.401667447803576,-0.539605997732837,0.708118564661399,1.67303017239534,-1.11783511994792,0.317018476330854,-0.790474252364086,0.472202508030106,-0.157359516768128,0.0140498894519419,0.185087445387313,-0.123372071846,0.141022336853012,0.720879676511302,0.162729144567189,-0.0235660863817524,-0.0057941019549782,5.02,0,9
36227.0,-0.78084417156646,0.49457398057156,2.19730593150867,1.53496740963507,-0.386617344166217,1.15308802357197,-0.0747772289895524,0.528139845826837,0.550138304135096,-0.111278596702633,0.435288153148822,1.04161265982148,-0.83809373784838,-0.53927646858745,-2.02173627924174,-1.42441585658676,0.9047090599001,-0.505125676522913,1.5672337044749,0.0723051996474211,-0.292726374241287,-0.316146574832694,0.0703634715213046,0.0031696761673427,-0.364385354272151,-0.4453878890136,0.352195558035705,0.20907704424767,47.98,0,10
8614.0,-2.16992897559082,3.6396539992044,-4.50849778617728,2.73066814884895,-2.12269287053048,-2.34101682766366,-4.23525308290613,1.70353765763508,-1.30527913344307,-6.7167200227127,6.35361231915591,-8.60164826276464,0.449930038237225,-7.50616937408145,-0.438081781812467,-3.69451599830956,-6.30475338603049,-1.26758712788115,0.357987030484253,0.5007790539507,0.645103275621378,-0.503529448911197,-0.0005228218182992,0.0716957787676742,0.0920074334247208,0.308497931577036,0.552590914653841,0.298954478709399,1.34,1,2
50279.0,0.897027725671875,0.0191992557681562,1.43163098884073,2.3750397695264,0.0969813111253613,2.52065904273204,-0.978550384889339,0.89656237239164,-0.207553765128256,0.463266228273578,1.74607670862924,1.37173180860789,0.150115099991666,-0.151537626837653,0.0564637303328888,-0.460738679467227,0.521542905661767,-1.68156202866094,-2.10427852347377,-0.272111694710935,0.0876543522788658,0.535565905577356,0.15751621626959,-1.00960421060541,-0.0374781295477694,0.0667871772753712,0.11230651094773,0.0113566206391563,0.0,0,13
26863.0,-21.2091195927913,12.6521968313004,-23.5539329441267,6.17407791004356,-16.026658125511,-4.42219459449987,-16.2294437253382,14.1160019049786,-3.92274144947115,-8.72024451506225,5.49388683652872,-7.7408158639401,0.384814230466723,-8.078240669038,-0.0148996037313368,-6.7012888702885,-13.1592668578419,-4.90303149501704,1.1462752482696,1.60243883702914,1.75844007534189,-1.52258816196329,-0.903860197993699,0.130166452450156,1.45485651906738,-0.223214403323927,1.55092845004664,0.461459566763514,133.63,1,7
62700.0,1.09072079517483,-0.137599618100848,-0.0491007947167615,1.26760576330376,0.0595187359982616,0.281842655890071,0.0431684067910752,0.101734704970866,0.560820120658844,-0.112385050202151,-1.53298909052539,-0.517178722989807,-1.42739193268035,0.320741863695973,0.134721303270357,-0.401946104611547,0.0444790518188877,-0.512918490264006,-0.063970812419967,-0.117901005081683,-0.13220041467855,-0.364868540005171,-0.208922259772593,-0.794801407759793,0.700459963861189,-0.262595867805672,0.0164675303601917,0.016166245463022,102.41,0,17
31854.0,-0.317525316181627,0.932427987363599,1.3196787388228,0.923235039842061,0.309963161968172,-0.862651041785636,0.729143082810022,-0.176445988736862,-0.702181312726375,-0.216341448983404,-0.470448685938607,0.0630576178173655,0.367017455544888,0.284933624450618,0.979251050293006,-0.346363457640849,-0.204034946533315,0.0740254191948518,0.430237741030234,0.0623976586048139,0.176127009110258,0.528627725420502,-0.137674466485853,0.411707002656586,-0.23901036911205,-0.336343411639725,0.16990822607141,0.168186458704748,11.13,0,8
72456.0,1.37546038515422,-0.427931034929968,-1.15018977782056,-0.74145153549483,1.69931975505289,3.37542375935385,-0.794836434854363,0.777504299178628,-1.19384163768224,0.85386831332912,-0.329027000379176,-0.206404771293966,0.29416543253943,0.363832440499731,1.02058502611046,-1.0202217223352,-0.699467324310255,1.46264605881516,-0.683564020590845,-0.394332941099054,-0.585971957085399,-1.39710863295994,0.0877996278817147,0.922431875643601,0.502594872286801,-0.547474833073984,0.0448519250628093,0.0269890694473027,24.23,0,20
24124.0,-0.445314776620854,1.73024140271911,1.50441776854961,2.83239771967275,1.11759829886229,0.139873627249343,1.28414577528973,-0.809243770472054,-0.176705825583783,1.17592759922508,1.03962913514101,-2.42126689347386,2.91532584065115,1.18642160225943,0.346212430883943,-1.01590153879452,0.836141876479408,-0.541401058473601,0.343610427451311,0.188142054764852,-0.0322527197493514,0.432850241473546,-0.193971813812363,0.0735659039241193,-0.371498537674284,0.112529657799179,-0.754122300932767,-0.284893271180984,0.23,0,6
85285.0,-6.71340697159693,3.92110415204576,-9.74667821737542,5.14826254938013,-5.15156271985187,-2.09938865681113,-5.93776683170198,3.57877960420447,-4.6849517505833,-8.53775768653457,6.34897930341209,-8.68160893168352,0.251179384774619,-11.6080022570993,-0.351568782034355,-5.36356643348466,-11.9390915052116,-3.58360287020043,0.897402406121681,0.135711322729059,0.954272201927517,-0.45108644858101,0.127214424071711,-0.339449869297565,0.394095513633807,1.07529509891805,1.6499059092424,-0.394905372194808,338.0,1,23
68928.0,1.15901801017257,0.109359279058362,0.577650173239393,0.509556969995447,-0.392971952061164,-0.330020624557522,-0.157988401598732,0.103628926938478,-0.134712613681085,0.077584707077987,1.77658078565198,0.867450565338488,-0.470108978048993,0.604876050452304,0.639188964810149,0.177529372574739,-0.284338643650841,-0.483293235958479,-0.26039015767159,-0.161498007296955,-0.172001766093411,-0.532898237620056,0.186352947965166,0.201254733715201,0.065393441205519,0.0963233460399262,-0.0203761149276969,0.0061465608148374,2.65,0,19
115518.0,0.22193873431014,1.30852266328628,-1.14442326172585,4.34792980374421,0.726968159544556,1.05249838848033,1.00223706517813,0.358684357738381,-2.58768710310871,1.650859860758,0.130073847471456,0.350761061291581,0.910269873396115,0.979354008023635,-0.518459089296107,-0.0771505931924438,-0.147845541784279,0.546752356031113,1.35104702063477,0.336062310759978,0.507090308417922,1.21304587254152,0.647707581691997,0.300109491335874,-1.98674254860108,0.0945799769171801,0.230474205149371,0.32563471475728,214.16,0,8
47735.0,0.539149425969409,-1.0000585006214,0.873638461131398,1.59254850742567,-1.07206129046716,0.314887157195366,-0.247966747496706,0.138543103801679,0.705192813886907,-0.259255528293079,-0.518262281036721,0.330107895503286,-0.0566446348732613,-0.128340456526869,0.892443222245471,0.0399906527176319,-0.123353007115781,-0.163169739581871,-0.939140349976452,0.438310613290103,0.332327065252485,0.471514212007442,-0.322811273821682,0.113386159974013,0.315995004806052,-0.244707729122719,0.0259295806910436,0.0848569566394091,411.61,0,13
41170.0,-6.49808616880785,4.75051466030858,-8.96655783136602,7.09885431317009,-6.9583762227814,-2.82212618665779,-10.3334056561063,4.03190730189525,-6.64877821018697,-11.6344144245911,6.87757089846463,-13.6976856184689,0.463040401836978,-13.0441824003561,-0.309229265664683,-12.3175797238757,-24.0190985475902,-9.33519307905321,1.95189049542104,0.568338010653019,2.15814308370257,0.1115103626317,0.216413836254987,0.584661255488016,0.760359507805524,0.0819723426822078,1.41506751068321,0.0351241448009389,111.43,1,11
25095.0,1.19239598990768,1.33897371069007,-0.678876186687009,3.1236723071222,0.643244863589275,-1.18432299431215,0.397585526006899,-0.253498538261658,0.41113497684127,-0.859862301810301,1.124059382453,-3.76387384832398,0.367975966769142,-0.971757538368114,-0.0138825132357776,1.45757852763076,2.61145033447876,1.2919552295122,-1.56381522671193,-0.185454650142832,-0.377503243008699,-0.889596747960403,-0.0742075893964193,0.0354455164139561,0.550577974200231,-0.0271712789934873,-0.0249206212266212,0.0736053986634045,4.17,1,6
74942.0,1.16635799488935,-0.257468557239738,0.857503660522392,0.628855180860156,-0.486054815835278,0.652905807487042,-0.675412411825533,0.240573011559924,0.931968757492533,-0.300275793578501,-1.20308049002565,0.429317661030696,0.509742095199726,-0.491921275378475,0.477439728047574,0.100727659871559,-0.21899724514909,-0.449827964466686,-0.0905213388296282,-0.0513833406822337,-0.10556240009884,-0.0901529707744185,-0.061329849873304,-0.720673471416909,0.298638916481644,0.395870205828071,0.0315202347859842,0.0188131912864778,33.41,0,20
73837.0,0.669305789836075,-0.311424538771184,-0.131630634555249,1.64666819625809,-0.457812010503588,-0.7086399170763,0.334872766129773,-0.059241073939,0.0832264799019808,-0.588216508365585,0.314588619906906,-0.454908103775448,-1.231233247865,-0.607284576200312,1.51855911051776,0.346361907628332,0.941246532246324,0.0109507835349805,-1.16625477464486,0.284560465257449,0.0433869321947325,-0.434010220129603,-0.153619152166412,0.248730977153698,0.254765291776685,-0.460623004978169,0.0004694285525415,0.0951409711732118,337.6,0,20
19204.0,-0.0868415188947599,-0.104021028850123,0.822820235111583,-1.64324469217972,-0.517083287906606,-0.250802690165515,0.190518128406132,-0.174009453693973,0.908294491732266,-0.792371721825977,-0.0054778493709527,-3.08108426782633,0.927689290032928,1.78737610343671,1.01006646346262,-3.51333323762287,2.00934331770123,1.43515805860407,1.73906972379663,-0.235040196870242,-0.432063806687472,-0.339204447403125,-0.114838368736724,-0.474323215739205,-0.0301392471008175,0.228792827973855,0.126986896408744,0.107133038493458,79.26,0,5
130141.0,2.12703080644423,0.0395378446194586,-1.74830506437591,0.0723058363466877,0.688890173411794,-0.436806596900051,0.238255256271724,-0.2958713180924,0.480111993036578,-0.0285749661212976,-1.12367024917053,0.572951152330297,1.20305281684954,0.23764567608923,0.774443689251739,-0.0885421380347037,-0.784574285193161,-0.0097008568935478,-0.0320764039432993,-0.135852257300348,0.20981278220021,0.794389020808,-0.0562460668747919,0.088086596449801,0.400189102576034,-0.0992146775557026,-0.0156997334686515,-0.0572744877990559,1.32,0,12
101051.0,-1.46531575579616,-1.09337687781209,-0.0597678482279439,1.06478463530602,11.0950886001596,-5.43097128323669,-9.37802517086658,-0.446456139679101,1.99210961400888,1.78592177154007,1.36858453419511,-1.47169658834377,-0.72475884619705,3.44242199594215,-0.957403224855046,-1.62612941891216,1.41821495932655,-1.41791682839858,-1.65176618071699,-1.4576102135585,1.16062328833533,-1.2596968082996,-15.9816491909559,-0.883669935248733,-3.53671623161143,-0.59296488849027,0.675524833181225,0.424849351792902,1.23,1,4
57114.0,-0.965792015636145,0.717385009131236,2.76100907141759,2.41324500366431,-0.029394018211574,0.75108211394268,-0.250734411486058,0.409865172712792,-0.915392444572422,0.580538718106923,0.399836765932095,-0.117795206882973,-0.537448763441484,-0.0819082713211825,-0.0367718020996675,0.602603503433493,-0.499872023253223,1.04853200402828,0.568720649337739,0.0364254371630471,0.19725462065841,0.580512327827517,-0.191937705274887,0.014702804279794,0.204736316003485,0.285553682264762,-0.0284828918420689,0.0857784298194308,1.34,0,15
126080.0,1.99691405384008,-0.20153256994394,-1.20894921622683,0.24667679673201,0.0246217641331206,-0.703789981431285,0.0887232754877581,-0.159245690276661,0.338886068443906,0.239169143720164,0.629380362155009,0.889742952257644,-0.210612404185737,0.50786018654623,-0.606719362337683,0.199217664482638,-0.640023733297721,-0.234552746846665,0.550382651936709,-0.171760762088917,-0.247400779208504,-0.678203334394003,0.270823708695802,-0.341646962492602,-0.302821165045975,0.196657057640839,-0.0809876901974357,-0.0698542376275401,33.4,0,11
69159.0,-1.08948086467579,1.73371642339177,0.366193629550994,0.605195249135874,0.26469574420645,-0.390319639172273,0.41664416385321,0.243195283100006,-0.456449085987873,0.268021554819721,-1.2126512112019,0.273656497549594,1.16523469585596,0.251590800828714,0.973216931482445,-0.0556985194290022,-0.400672085422355,0.263160026657183,0.682038040969843,0.188993080807936,0.10619669979764,0.36834324574382,-0.257293487444522,-0.416972433251668,-0.0118271210124974,-0.288129565548026,0.144697492128152,0.196450796996404,1.18,0,19
28658.0,-28.5242675938406,15.8769229879536,-29.4687320925264,6.44759140152748,-20.7860000418837,-4.86561341755669,-19.5010840750712,18.7488719520883,-3.64298981925263,-7.93964241937325,4.18467368942509,-5.83507521523889,1.21595964527928,-5.33014378246253,-0.118631138153322,-5.36777527618834,-11.4317569116986,-4.69692444373293,0.69268841200477,1.7068890619925,1.80576978392608,-2.11937616760819,-1.31744962200248,0.169845630469178,2.05168733506275,-0.210502000459411,1.30173396497076,0.380246181418509,133.63,1,7
96135.0,-1.95293262584861,3.54138524292281,-1.31056140773257,5.95566359407,-1.00399266347247,0.983049267722507,-4.58723460197373,-4.89218360319852,-2.51675203271071,-2.85032390160027,2.02467408050134,-6.48774641306604,2.37646259977422,-2.24151634571345,-0.566869734947616,-3.93685691797738,-6.12719357199364,-2.32855196140235,1.56212955232854,1.96502978343686,-1.99809122812016,1.13370623369264,-0.041460872197789,-0.215378738296157,-0.865598577097396,0.212544577403768,0.532896738259478,0.357891632792824,25.34,1,2
55311.0,-6.15960693036327,1.46871292315117,-6.85088814665684,5.17470627250374,-2.98670392387712,-1.795054145699,-6.54507152628193,2.62123613805269,-3.60587012643541,-8.12216107491307,6.02903256317613,-9.22585530778592,-1.54675863096913,-10.3093341893072,0.308062393533042,-7.78732622111619,-12.8221770045808,-4.36767713342358,2.64398422133793,-0.289829585956863,1.06131418230601,0.125737468595024,0.589592331660844,-0.568730604518481,0.582824720935876,-0.0425826450995479,0.951130233081124,0.158996023697089,1.11,1,15
14073.0,-4.15301449873357,8.20479650456012,-15.0317142097481,10.330099825448,-3.99442609736294,-3.25001318447365,-10.4156978119079,4.62080391044331,-5.71124797098224,-11.7971810675777,11.2779207278067,-16.7283393320915,0.2413676825577,-17.7216383537133,-0.387299923381284,-10.3220166783853,-13.9590853730538,-5.03071003831832,1.19726633504633,1.41262488019492,1.97698839609887,0.25651048717528,0.485908106513804,-1.19882131436036,-0.526567394687845,0.634873502483478,1.62720907623952,0.723235068518316,1.34,1,3
115691.0,-1.55027271502021,1.08868850191044,-2.39338766218981,1.00873271714408,-1.0875618874048,-1.10460238189499,-2.67050327670088,0.147654676391109,-0.978625549290056,-3.51413330486723,3.58604242366444,-4.05335784837839,0.862426024955809,-5.76582302154173,-0.507511029549388,-4.92186514350783,-9.56726769048681,-2.77297411117016,1.71709526842855,0.327490457262181,0.802316031461701,1.03710478869922,0.0958154204904633,-0.320190913384423,-0.0807306312824349,0.0910116872058309,0.0249284934943241,-0.0778199786198624,22.8,1,8
63451.0,-2.30793880564014,-1.99502072197491,1.63361799710601,-2.41326836978287,-0.867314609014685,0.327203140773682,2.60758814557406,-1.26714871504172,2.27937546471565,-1.01483567017672,-0.979113187591512,-0.614645285276588,-0.37713131084576,-1.43297045171684,1.0431435978254,0.0526237564586189,-1.26591082466089,0.473201970668637,0.333512998632719,-0.600572201972383,-0.393535126782293,0.657080166230046,0.391610067003703,-0.382740328712415,0.827328239561525,-0.0547427209550157,-0.728378529233944,-0.56504024388165,570.11,0,17
29753.0,0.269614090485094,3.54975512877325,-5.81035344453706,5.80936957402456,1.53880793351049,-2.26921913566818,-0.824203333436328,0.351069915343584,-3.75905945636624,-4.59238980599474,5.47939151009669,-5.65785754091816,-2.6480760898503,-10.3848897408947,-0.225946407826958,-0.701882908954806,0.409735840500415,0.939603694029483,-1.95429995537505,0.310524633435283,0.371121111209288,-0.322289520392532,-0.549855883222537,-0.520628958812409,1.37821038664663,0.564714292689441,0.553254713878568,0.40240000915925,0.91,1,8
34702.0,-2.2317611435176,-0.723858825901671,1.81647759661498,-0.640827842417092,-0.334458375809456,-0.351304581888219,-0.412094848128097,0.788092279160565,-0.0384448684196434,-0.959789184920909,0.456892690075022,0.713138203064218,-0.0006789060489959,0.0658023187144864,-0.486409519128082,0.930537763357351,-0.631662069763497,0.715478844791931,-0.154685948479531,0.620770508750075,0.322454796560545,0.307392622138442,-0.0288801106317716,0.067222892948735,0.353780362412664,1.04256482422141,0.0708287823121278,-0.125574475666066,185.76,0,9
57007.0,-1.27124419171437,2.46267526851135,-2.85139500331783,2.3244800653478,-1.37224488981369,-0.948195686538643,-3.06523436172054,1.16692694787211,-2.26877058844813,-4.88114292689057,2.25514748870463,-4.68638689759229,0.652374668512965,-6.17428834800643,0.594379608016446,-4.84969238709652,-6.53652073527011,-3.11909388163881,1.71549441975915,0.560478075726644,0.652941051330455,0.0819309763507574,-0.221347831198339,-0.523582159233306,0.224228161862968,0.756334522703558,0.632800477330469,0.250187092757197,0.01,1,15
91502.0,0.0073790751145725,2.36518252886777,-2.60028738169342,1.11160176466249,3.2764413263667,-1.7761407852846,2.11453088108345,-0.830084106599812,0.900489974281822,-3.37617706712688,2.05681205985716,-3.9842567303491,1.02196791340796,-5.96790496861639,-1.15160831490592,1.67973960141233,5.58611468683053,2.78913115591619,-2.24107485298106,-0.0063884972816308,-0.563944162060269,-0.902099515410175,-0.404382448597275,-0.0129439005065412,0.589836154947909,-0.734449052212668,-0.447529183217452,-0.362374775122343,1.34,1,1
123056.0,2.10832137752822,0.157412940836049,-2.00034929754987,0.378107455474137,0.439274209838014,-1.14564695143477,0.216874216587096,-0.317400592084786,0.730216237821982,-0.452350762582378,-1.07049456302501,-0.485860943091978,-0.487308070153985,-0.650114561212978,1.01442151856465,0.432175004304982,0.179881938317954,0.79893911851109,-0.167554169544158,-0.225813823735762,0.142312083676976,0.565469828628101,-0.0973126036464599,-0.735081237371243,0.32558327243086,-0.058423384165174,-0.0069404331207314,-0.0396748164144074,2.67,0,10
70353.0,-4.04889617083662,2.73727039236283,-0.0691058915155459,-0.164847166271487,-1.87640542980723,-0.548821137533159,-0.53596184560213,1.23558946739667,2.01556822562096,2.24831828595628,-1.07523801031163,0.315362612128714,-0.233403139999865,-0.469054039884416,0.0079051052364547,-0.0785176325796521,0.152894880082899,-0.0514821314199429,-0.184685267099711,0.961425567259142,-0.240774588736309,0.470473862723439,-0.216001489583834,0.422777190803895,0.300568506168349,0.359675216318495,-0.157132663207241,-0.593349994730672,40.08,0,19
58608.0,-0.325890088828742,0.566804887721523,1.01236353240208,-1.25297086602135,0.0494659176828552,-0.775664483988396,0.448867860601421,0.118803749671594,-0.07302466242413,-0.337213768645271,0.743498030254743,-0.077069265669706,-1.24756333217924,0.468061657339005,-0.0691711870665181,0.767917548609852,-0.876279643795588,0.32927789230019,-0.117947640667304,-0.0311593880962935,-0.038056074543632,-0.138976415756615,-0.0524019126791342,0.0237815899674989,-0.422602563236802,0.774241218554561,0.199787895980398,0.0924539805093017,1.03,0,16
126260.0,-0.711503539523001,-1.62930273856651,1.81872837445778,-1.60176668406245,-0.40424992214519,0.27870366067479,-1.36091647425172,0.483364081676745,0.590969432968037,-0.274325607513767,-1.90153217152677,-0.824851372664932,-0.297089087331157,-1.34575240992696,-1.26800886650062,1.22498665572551,0.13373178176458,-0.672291945205216,0.166188489466411,0.328571108697085,0.571367970107051,1.49580448381234,0.263390729114126,0.548447854711307,-0.911289823894354,-0.233926929821193,0.237632222737266,0.264317858914246,101.57,0,11
85285.0,-6.71340697159693,3.92110415204576,-9.74667821737542,5.14826254938013,-5.15156271985187,-2.09938865681113,-5.93776683170198,3.57877960420447,-4.6849517505833,-8.53775768653457,6.34897930341209,-8.68160893168352,0.251179384774619,-11.6080022570993,-0.351568782034355,-5.36356643348466,-11.9390915052116,-3.58360287020043,0.897402406121681,0.135711322729059,0.954272201927517,-0.45108644858101,0.127214424071711,-0.339449869297565,0.394095513633807,1.07529509891805,1.6499059092424,-0.394905372194808,338.0,1,23
28625.0,-27.84818067198,15.5981926625554,-28.923755945104,6.41844174657532,-20.346228155413,-4.82820246578157,-19.2108964179086,18.329405525597,-3.66873493861418,-8.00915938639777,4.30309581759563,-6.00866000668561,1.1389688287939,-5.58044712038062,-0.11073711578577,-5.49107326163426,-11.5885435992809,-4.71542017123115,0.734573493016404,1.69785626318366,1.8021491336386,-2.06293427611466,-1.26984343615924,0.165409188492223,1.99949911253199,-0.211058522431997,1.32480949279508,0.388090177732107,133.63,1,7
41487.0,1.02868827301428,-0.119698403347691,1.45597045749038,1.84851425963689,-0.919544220440193,0.305836432201749,-0.466877255498583,0.209328452052243,1.11412800189305,-0.4401135454239,-0.517554452723922,1.51079253526265,0.301895747608584,-0.840299001059854,-1.81513566783425,-1.33256304965854,0.930954360507239,-1.60796085202855,-0.0332639283851842,-0.169820728661073,-0.368464071444271,-0.569950760872617,0.135519806237095,0.61968857639309,0.374141475265191,-0.545097118543578,0.0950662228025017,0.0366989506041234,23.8,0,11
26538.0,-0.772598014873718,0.0131213050317648,2.85419000289513,-0.764668453021703,-1.6713360626134,-0.394660039101286,-0.662284728135447,0.06894313373222,-0.8192742766109,0.478284202753415,-0.473719622141265,-0.839829508037685,-0.23458556087773,-0.37373080863664,1.81136321168033,-1.07809995147417,0.0894370451283866,1.84817223262114,-0.392880572585236,-0.354806918932315,-0.0647068450388541,0.177386986182534,-0.131766435799435,0.75086076510747,-0.298246242501514,1.20417877281012,-0.226871100183408,0.12155790040938,33.54,0,7
41204.0,-8.44028396323147,6.14765332384605,-11.6837061588856,6.70277957100753,-8.15583929706995,-3.71626415558662,-12.4073130564101,5.62657129554302,-6.23216089363823,-13.3866834395246,7.60555947435276,-13.351815018081,0.827049642773684,-14.9794773489142,1.53281308437662,-11.7714969677127,-20.2992165093576,-7.60911006016911,3.80913643570604,0.520732330180873,2.19285541971989,-0.282596814624446,0.0080684981124645,0.403858336982018,-0.0187883930291726,0.522721636106603,0.792690689790115,0.0677895462043786,40.44,1,11
99607.0,1.94887023328387,-1.26721326830479,-3.20527536839568,-1.56874402391562,2.14476304584823,3.10699752971025,-0.5087595491316,0.481979427468313,0.5353556536579,0.389533181500052,0.884770241754653,-2.95090458514397,1.46295883874013,1.70895027194873,-1.07039366384787,0.15216739254507,1.23358258300734,-1.69476299973345,0.513335767442093,0.265309645144982,0.152834917282367,0.359999692501309,-0.0884030395879713,0.708015994918935,0.32155745931715,-0.0303761672851061,-0.0933687478109389,-0.0638496466824948,213.01,0,3
39540.0,-0.881078456859859,-0.157282106859803,2.55585329508872,-0.391138804272679,-1.76887215633759,1.05432822043845,0.667252566515017,0.0128276196861537,1.67488099032968,-0.944325886065367,-1.04070239140978,0.233084696573833,-0.907277538241528,-1.44379128866832,-1.84543807975059,-0.671606256829552,0.484519573686442,-0.999649085675096,-0.430489511617127,-0.315296610954268,-0.0658785838984191,0.539780432783659,0.0039512712903334,0.500971722235926,-0.651379888574205,0.853458214418027,-0.152117433519392,-0.156078319055059,284.39,0,10
68357.0,1.23260446981971,-0.548931183157109,1.08787266901823,0.894081819978967,-1.43305489904701,-0.356797142170886,-0.717492197160233,0.003166531089953,-0.100396732730679,0.54318725600578,-1.03941706835478,0.285261608751792,-0.206006567752438,-0.498521775750102,-1.06410845071827,-2.1560365431533,0.564761098405632,0.837856659648528,-0.728989760343786,-0.576274061414969,-0.448670516618872,-0.517567967949267,0.0128333352729761,0.699216728009832,0.527257980520248,-0.322606503047991,0.080805437438631,0.0354271820131481,26.18,1,18
40919.0,-2.74048250153169,3.65809481979987,-4.11063552027473,5.34024166876747,-2.66677476000958,-0.0927818149405728,-4.38869880914515,-0.280132705503576,-2.82189458229917,-4.46628416302479,3.96979981229186,-7.34671678644283,-1.16331176961366,-8.22556891234807,0.82500183194645,-6.77286703365235,-8.81578542555918,-4.56885928410549,1.12659865645629,0.185325269832133,2.41749541196206,-0.0977119508973041,0.382154506973307,-0.154756519767143,-0.40395592644091,0.277894930235294,0.830061638644528,0.218690442242457,150.12,1,11
87883.0,-1.36029263351035,-0.45806896998712,-0.700403917726715,2.73722917151503,-1.00510597388675,2.89139936351597,5.80253735302589,-1.93319735249124,-1.01771714252211,1.987861862693,0.504116141204789,-0.863430853145281,-0.184450076491427,-1.01691553500414,-1.55941019827384,1.15431268558106,-2.04385766822656,-0.151698807119589,-0.94351353548825,-1.49340137472525,-0.936989532415364,-0.0538115862306455,0.580105893889531,0.216927302487974,0.151642929701357,-0.33211456915886,-0.469800301881959,-1.495005896766,1108.42,1,0
29531.0,-1.06067628419757,2.60857946990866,-2.97167900258071,4.36008935234848,3.73885304346426,-2.72839507263672,1.98761635466291,-0.357344707416169,-2.75753451251209,-2.33593332652232,2.11151686706104,-2.59194964968951,-1.9505893546741,-7.31157981735935,0.0777527657738322,2.29060783198994,6.50927165018434,2.56997142628646,-3.28615008214787,-0.0890615369649179,-0.0631678773494982,-0.207385284031508,-0.183260817119722,-0.103679373403096,0.896178353364318,0.407386872028391,-0.130918311231478,0.192177382137495,0.91,1,8
111720.0,-0.792022645791135,1.36173834980602,-1.50113560231098,-1.64319393154643,1.82187156267514,-0.596530410262073,1.79674658013389,-0.503237588721683,0.217395994654202,0.934132880184873,-0.198255552657194,0.124863322087721,-0.0485746175711978,0.36232728835515,-0.643749927576336,-0.273819275368322,-1.24320075185467,0.371659532318149,0.523167302940536,0.363242439042725,0.0673114847647998,0.773232165260715,-0.439882571923025,-1.39537139238354,-0.0468327041160991,0.132499608241406,0.408563232831614,0.270944147484233,36.08,0,7
27219.0,-25.2663550194138,14.3232538097233,-26.8236729135114,6.34924780743689,-18.664250613469,-4.64740304866878,-17.9712120192706,16.6331030618556,-3.76835097141465,-8.303239351259,4.78325736701241,-6.6992520739678,0.846767864669643,-6.57627643636006,-0.0623303798952992,-5.96165987257541,-12.2184817176797,-4.79184198325342,0.894853521838799,1.65828884445902,1.78070097046593,-1.86131814726914,-1.18816729293127,0.156667050663465,1.76819198236914,-0.219916008250323,1.41185477685432,0.414656383638367,133.63,1,7
91554.0,-5.10025566317088,3.63344238024837,-3.84391862443125,0.183208447320966,-1.18399737637674,1.6021393332506,-3.00595315203476,-8.64503780175356,1.28545810732477,-3.71748137540216,3.71921153916465,-5.03402974701745,0.918999158233287,-4.22036591807154,-1.05049995739584,-1.69104526842648,-2.37242320724166,0.450098503348706,0.407805060819919,-2.80630192287329,8.28043932580154,-2.79714954096118,1.09070659271567,-0.159259597476933,0.532156369375709,-0.497125808167425,0.943621624807946,0.553580691756943,349.09,1,1
61108.0,-2.7560071191969,0.68382137690334,-1.39016888269883,1.50188726081003,-1.165614355805,-0.13120694925796,-1.47874061646082,-0.246921578045176,-0.100522731731488,-2.30110989675506,1.91445404493049,-3.8309980112302,0.719488566785256,-6.35301985790071,1.43871619241123,-3.29723907467834,-4.86297149937169,-2.00235399924327,1.54523326964355,-0.106944639579729,0.320473875601072,0.61102668559867,0.174863684107414,-0.502151101117601,-0.174712784335661,1.17924208342707,-1.16631532833921,0.821214803121569,135.64,1,16
94362.0,-26.4577446501446,16.497471901867,-30.1773174564996,8.90415677106517,-17.8925996927224,-1.22790388102871,-31.1973285494605,-11.43892041491,-9.46257260540015,-22.1870885620007,4.41999660154863,-10.5923050053728,-0.703795803703315,-3.92620731586873,-2.40024649210124,-6.80988994039049,-12.4623149481086,-5.50105078380738,-0.567939572890149,2.81224110932946,-8.75569832116533,3.46089334478551,0.896537503959012,0.254835536763482,-0.738096558530353,-0.966564233789852,-7.26348214633855,-1.32488430656137,1.34,1,2
85285.0,-7.03030814445441,3.42199090467553,-9.52507177254752,5.27089100906596,-4.02463027558805,-2.86568161775739,-6.98919473439446,3.79155093755913,-4.62273033596451,-8.40966487562735,6.30904400603177,-8.57676143258937,0.246746716929862,-11.5340460181508,-0.3642651387587,-5.45249465771382,-11.8875700201872,-3.56358481007011,0.876018768156628,0.545698040621445,1.10339774484256,-0.541854751589521,0.0369432219896495,-0.355519004066217,0.353634382097,1.04245799282131,1.35951563156376,-0.272188101257294,0.0,1,23
7551.0,0.316459000444982,3.80907594667829,-5.61515901119457,6.04744510216478,1.55402595692572,-2.6513531120137,-0.746579273100222,0.0555863112529252,-2.6786785422399,-4.95949291161496,6.43905335158373,-7.52011739288703,0.38635166741077,-9.25230724747513,-1.36518841502051,-0.502362190618164,0.784426598154274,1.49430460743838,-1.80801215867357,0.388307428238927,0.208828369001674,-0.511746619200722,-0.583813220813723,-0.219845029091423,1.47475258440688,0.491191925656006,0.518868284577287,0.40252806767232,1.34,1,2
42474.0,-3.84300903438536,3.37511020399082,-5.49289319668564,6.13637764344382,2.79719546082743,-2.64616226518954,-1.66893106391951,-2.61755205155675,-3.94584260288362,-4.56525209408734,4.09721607443527,-5.4509164388957,-0.965692752165388,-10.9044588731508,0.526947764497797,-1.13975413041553,0.835639563488731,0.389774231161906,-1.43960797610281,0.0547955667305956,-1.2778115827927,0.719652000906672,0.451125175067876,-0.25809365058648,0.656129466667281,0.556676326289228,0.739383212515096,-0.203049673816441,1.34,1,11
122941.0,0.107976912629919,1.07748190047229,1.72550256958533,3.15677406129989,0.553128183025406,0.382382771901073,0.561627553935835,-0.142990298747273,-1.04034208157011,1.06968923889434,-1.31063173825845,0.154551272412342,1.45606718829724,-0.792880031399611,-1.02380703931909,0.820111836219276,-1.07403470438768,0.0612560137038528,-1.45979841059963,-0.0300642795375488,0.324538624464804,1.28190699487332,0.039473497786608,0.0681158645117198,-1.43103956451782,-0.154128273345629,0.160031918123066,0.0805326570740074,8.1,0,10
9276.0,-1.04231368366166,-0.840180866050932,1.66242686636428,0.485675188343942,0.927590882067691,-1.27349342933478,-0.709011703103156,0.119858244693559,2.19926653530285,-1.01058668134894,-0.538625396544246,-2.50043287480345,0.553849595183119,1.07737257639194,-2.28947568666773,-0.360050382799023,0.748957411551284,-0.106667405402598,-0.423878178064556,0.0073967428571886,-0.015872917672758,0.104638936746472,0.296011402379069,0.346038374890332,-0.993714264954335,0.146620874272597,0.136415141019473,0.245657629620745,0.01,0,2
48788.0,1.18913077505811,0.0097819666719755,0.469091995457253,0.166267566308932,-0.551526809831164,-0.816652685619322,-0.0354625756238746,-0.125592723859007,0.161903022190026,-0.217666946430907,0.302489176061224,0.507346715394239,0.209285201866508,0.265125195940473,1.32658679924965,-0.151723542975322,0.0541884108253105,-1.01825775533288,-0.49008387612328,-0.0760562523903832,-0.0391825634330039,-0.0899137664248874,0.0877771971797325,0.466101306769426,0.174467386174243,0.73587916841762,-0.0513468057571009,0.0106190759032272,26.66,0,13
77171.0,1.11855963468941,1.29185826269199,-1.29880532614411,2.13577170090141,0.77220369761071,-1.14729144173341,0.390577698285265,-0.107072317539989,-0.0383392686455211,-2.15251889070952,1.35275258963919,0.092848590126307,0.273152694590986,-5.01220235869184,0.303552415334761,0.731437272149243,4.15208557256771,0.985358288437165,-1.22925431837217,-0.0235757902669068,-0.346373779572415,-0.663587986293548,-0.102325808556082,0.0179105750224893,0.650301613577378,-0.332365629546077,0.105948676665863,0.12812372864866,1.34,1,21
125612.0,1.88961791435199,1.07309853428207,-1.67801752213825,4.17326819444992,1.01551580609762,-0.0093890345376856,-0.0797056036973578,0.0640708218352963,-0.714516675807338,0.0422275201898101,-0.408402781057003,-0.929370065771482,0.0586863166856154,-3.51284546122181,-0.164612974126633,2.06985302474878,1.7333815808837,1.58075796212324,-2.33518537609962,-0.15357026465285,0.203727978494943,0.733795720552592,-0.0365597489616082,0.334305770703597,0.147171035637962,0.279556488222951,0.0316687807243937,0.0358833226413502,4.3,1,10
41243.0,-10.9407391093978,6.26158585106885,-14.1823387841287,7.18360208606589,-9.95136334372547,-3.86082033664669,-13.5473021949163,7.09647164642187,-6.29402944276594,-13.6081431627279,7.12716532148781,-12.6110036871047,1.21455639781013,-13.9062968240505,1.51406990634864,-11.1257390593549,-19.7162573051191,-7.5527890897252,3.65678707068496,-0.0883420818722748,2.26744826134981,-0.492029167950335,-0.239302865923644,0.454368210214217,-0.101611062526814,0.446996732737119,0.062292646721181,-0.439769899530758,60.79,1,11
51327.0,1.07191741244031,0.072086928963688,0.366684484048996,1.49462443846935,-0.352927943432891,-0.611537421483864,0.278252278374487,-0.204392302096509,0.200155442241942,-0.130168548036691,-0.659415931792072,0.749916870608854,0.469943289898466,-0.0597463897838077,-0.399423166530062,-0.448141374431335,-0.0450661115131082,-0.584685510092762,-0.0358384614215203,0.0217302784627379,-0.0800982841430636,-0.161418782761495,-0.160495777812382,0.425509233756106,0.729326912309125,-0.351962623004548,0.0137716093350831,0.0329708664550444,105.58,0,14
63415.0,-2.19573604281482,-0.78353936308523,0.577772240233192,-2.25665387636541,-1.37103143653528,-0.0027734899211837,-0.637780065815702,0.9221668447842,-2.47689722066924,0.449414834088186,-0.362049144782092,-0.318086285857812,0.2761426268996,-0.0265968866442215,-1.80786085179527,0.0169188226872028,0.472123121526348,0.549908587366347,0.263640730803445,-0.382455862886146,-0.324699053633857,-0.670995251614288,0.121247088674184,-0.528512948863499,0.679018335807625,-0.299393884499294,0.09251128339308,-0.344262065902729,142.47,0,17
114709.0,1.92482820878164,2.49278545625235,-4.6321745100936,4.68020321490657,2.89692782683263,-1.65581714861441,1.32055800063383,-0.40897986478585,-1.97647595405059,-1.72154180476992,1.36560364293037,-1.54470300901167,0.325204792569691,-7.52617363257869,0.120359823873196,3.13705565819676,5.35881347946118,2.85528384181158,-2.66318326051075,0.0379682836290319,-0.345094448632451,-0.950514748710277,-0.0704882313696503,-0.0235747713192049,0.343825538857929,0.0455024293939047,0.0143137276886892,0.122493962618783,21.22,0,7
28726.0,-29.8763655139763,16.4345245512223,-30.5586968214292,6.50586178736296,-21.6656542956569,-4.94035632949796,-20.0813910746494,19.5877726234404,-3.59149104711596,-7.80059820772759,3.94783971729026,-5.4879114860488,1.36994034924206,-4.82955244300835,-0.134412095441135,-5.12116240451142,-11.1181904509172,-4.65995586983801,0.608930080519071,1.72477883837961,1.81295397464878,-2.23225158753151,-1.41280344282556,0.178731069561437,2.15604185816706,-0.20938462411377,1.25564890085966,0.364530452975509,133.63,1,7
2834.0,1.19808798749962,0.987935902084564,-2.37473825946776,1.11523091172142,1.84540968060966,-0.040924481989062,0.590904914664209,0.0201524835952161,-0.53841262739767,-1.43212992028188,1.13049155094868,-0.481100468019634,-0.319135926465594,-3.17022336333338,0.796753071817231,1.46746438127267,2.13034978131953,1.99982622930705,-0.266862631080893,0.0635480342964201,-0.222522314603474,-0.651490261009391,-0.43909318051346,-2.04385096405947,0.956005922547008,-0.178209636666171,0.0395244423752998,0.0726794412124741,60.12,0,0
39520.0,-2.30916774287636,3.09839747940228,-2.65659698173426,0.385595199730144,-0.425498145382241,-0.153566191537178,-0.928236072516701,2.13411354528838,-0.851543277330255,0.475273652491346,-0.91165462781972,1.29002737132511,1.1888112093792,1.74787285986128,-0.122670852414478,0.633380833611491,-0.256959291819125,0.977423806126581,1.17394492694294,0.122855512226826,0.172655690335246,0.318266779616818,0.0947656333868232,-1.38476477646632,-0.162494548626381,-0.29769899418516,0.233041192948329,0.132130071485191,3.59,0,10
76826.0,-6.61629292560656,3.56342789803106,-7.05890129814843,4.28434595524384,-5.09629887292392,-1.76861780360559,-4.93755412732933,2.74845954534783,-3.79675959454545,-6.8254901042394,3.25959475409854,-6.94389061823948,0.43597516308899,-6.94701030902337,1.01100406527995,-6.16683742461485,-10.564346602529,-4.01018815310236,2.14350179519978,-0.54163415582255,1.21597610572025,0.0411777442210425,-1.05909770217904,0.275662062254882,0.057424927985318,-0.265838484019501,-0.514636936427821,0.388590269335523,340.46,1,21
80638.0,-2.33319997327148,2.26111935194906,0.238032468253243,0.394860392245873,-1.08371560239982,-0.403427259949795,-0.758884427945527,1.31199479684303,-0.470971575916317,-0.439173824322908,-1.22335588642107,1.11752442873301,1.85660232135384,0.551041276012223,0.814343750926034,0.781061291080881,-0.346307551661421,0.292632026770064,-0.187868019502304,-0.275872855822237,0.203448326941887,0.164481458514437,0.069766874756279,-0.116190981411291,-0.35915292783561,-0.660591953121635,-0.904607549394161,-0.246438195763834,11.68,0,22
33883.0,-1.72128982918661,1.26554402752159,1.68796012877119,-0.0145170915766375,-1.17298167904332,0.212772890656828,-0.835699540656607,1.32730494910723,0.113390204995354,-0.538967471988459,0.0388468451159109,0.274110195616644,-1.28587203621733,0.465684095036486,-0.528635890792598,0.598463001396088,-0.0787054004664085,0.766333759583746,0.566003733427483,-0.0222702115181226,-0.021197248187785,-0.103049342048379,-0.194229005781972,0.000839101578214,0.294107179235484,0.383916514084253,0.148439872422462,0.0449273332907604,6.39,0,9
35771.0,-3.21895201068387,2.70853541135777,-3.26304158740062,1.36186594394607,-1.64577567536596,-1.85298187130258,-3.06995821412732,-1.79687585578416,-0.213356097435365,-3.55198400939375,3.77974953895486,-6.98477147722078,-1.14097718858781,-9.37787845231763,0.921463506707037,-4.65207119462111,-9.09423129737693,-3.08254995409724,0.132330776389272,0.571654488206511,1.80787725006384,-0.890421395077162,-0.325814386573867,0.123039596922715,-0.0930137472776971,0.232105969675678,-0.310518998304807,-0.745294626799623,80.99,1,9
128519.0,-4.59944700208203,2.76253994253031,-4.6565298706326,5.20140306725894,-2.47038771213247,-0.357617930345621,-3.7671888274624,0.0614664440276634,-1.83619986278079,-1.4706452575308,2.14393063330902,-5.83973605661705,0.153011630876735,-6.17736456586248,-0.78541565373917,-4.51052273721062,-10.3405128633486,-4.18117755349571,-0.376135682527478,-1.00065772232141,1.58148035659457,0.261332719512975,0.621415022135499,0.994109926998982,-0.687853106052664,-0.337531252843331,-1.61279104641522,1.23142473470435,124.75,1,11
41791.0,-7.22273130585545,6.15577293013926,-10.8264598371575,4.1807791786876,-6.12355510135628,-3.11413648152623,-6.89511228298774,5.16151637665229,-2.51647653288733,-6.40337055173194,3.18605794805635,-6.85557098142662,-0.837722614772195,-8.03661487513855,0.956969643768367,-4.55719345408278,-7.65470424350142,-2.58841864362628,0.718555009324824,0.818859416826789,0.91270032192132,-0.630358133073199,0.190886662173033,-0.0612634320139128,0.379774656663009,-0.266845465234688,1.19369457713473,0.257468457389868,133.63,1,11
71716.0,1.29531524968133,-0.343189633647993,-0.0354461453955009,-0.651080366249804,-0.674433615937873,-0.751603979128415,-0.458376775247103,0.0570202376075618,-1.11436785970496,0.396206685568413,2.03948883536265,-0.576449746988506,-1.44766542617188,-0.412322049158883,0.436888899154751,1.28778857495517,1.22041824232262,-1.35713409444873,0.505510226893438,-0.0057448735705289,-0.255456230937458,-0.980352056796616,0.247891665150228,0.0536201524171686,0.0170411189549709,-0.638854144201083,0.0056367047253387,0.0272533650622175,26.53,0,19
55503.0,0.812117484956024,-0.588150289375694,1.040836469773,1.16585208614289,-0.729578839545726,0.997046522680835,-0.727825126016026,0.510065128150433,0.640290199465526,-0.0832634732168715,1.29442318551343,0.724760007623836,-0.947342527283882,0.208504772952045,0.544734185450661,-0.0930537622257093,-0.0373527018632743,-0.0626391868618312,-0.897178196202349,-0.0054690071486841,0.292962320914676,0.745335212976405,-0.135494910461396,-0.27629411933026,0.260210901259293,-0.226189876406414,0.0702512289251511,0.0374274659981657,164.98,0,15
36359.0,-0.358819975358319,0.171631821641223,1.22580857299269,-1.68247830127303,-0.8487485080369,0.0407847858781076,-1.32331024995679,-2.57161382660589,-1.6676218870861,-0.402435205258417,0.998470791690904,-0.0196487338182508,-0.500166320202095,0.476875077067346,-0.335619375469809,1.9845263691375,-0.249756183967054,-0.957954587174955,0.116224355184171,0.786836317550492,-1.35073671035985,-0.2503713650168,-0.15806118138392,-0.0408849293223981,1.19409960886506,-0.470013139999297,-0.0323122676700759,0.160394916049683,63.56,0,10
93879.0,-12.8336314219519,7.50878980635543,-20.4919522106577,7.46577999198461,-11.5753037055975,-5.14099947650773,-14.0205637048257,8.33212047126021,-4.33771253089739,-15.5637913387301,7.61081978841573,-15.5923232225286,0.504789055226229,-13.2478885958622,-0.796526030140245,-10.3423283585648,-16.0445243414767,-5.8821359384126,1.57369789640089,-1.37892322363159,2.96684240389381,0.615344322057327,-0.766494757432984,0.431261005079751,-0.104974994617143,-0.0100913270781415,-2.4008113496639,-0.720556600051925,139.03,1,2
8415.0,-0.25147096006823,4.31352332575143,-6.89143771650147,6.79679668055103,0.616296505250374,-2.96632654187403,-2.43665252687714,0.489327898838014,-3.37163857159343,-6.81081309938215,7.62008905836908,-10.2852825163315,-0.342444334069655,-11.5434979157865,-1.3349879032835,-2.68928420445067,-3.20438340295762,0.0865218956911394,-1.31449509665307,0.632709963789826,0.536892074447128,-0.546126023729244,-0.605239547613772,-0.263743459593593,1.53991583077868,0.523573696680871,0.891024688365269,0.572740666549584,1.34,1,2
97121.0,-17.9762660516057,12.864988563015,-19.5750661905691,11.3451198184298,-13.9986456031027,-0.35489996091484,-23.7834698823143,-4.87235340557097,-8.50428479375643,-16.6011969664137,5.56925817499418,-13.9322487527403,-0.204854827407058,-7.58102324741972,-1.01361239001659,-9.01481328062598,-16.0920320589503,-6.05014766257303,1.66102935873752,2.41992113013135,-4.30043186631826,2.8657718597682,1.48930201538756,0.386039288843108,-0.232391836340479,0.413826703027495,-3.25598090607432,-0.538963227046118,11.55,1,2
130168.0,2.08511897349422,-0.0401671084302444,-1.38203321920872,0.33902483762887,-0.0151765136706329,-1.29925543378579,0.217031609933863,-0.365647491911854,0.690985546563132,0.0322016510241686,-0.921419460696165,-0.0460329970641989,-0.463626791775654,0.589136778147259,0.812102269388845,-0.147695529568156,-0.524840365195285,0.0510674493914312,-0.172203865754353,-0.277797051055371,0.22864231172844,0.803554228203052,-0.0111625778542949,-0.0882412234324414,0.269376043162556,-0.0995693250548516,-0.0233018252714825,-0.0614289529732215,1.32,0,12
74262.0,-2.25053480921229,2.36575487772312,-2.95549117924385,0.0897905975142065,-2.83074456678034,-0.844461639207772,-0.174061560679368,-0.407138137833787,0.174216293591102,-2.9989262562074,2.60516857519668,-3.67771661422902,-0.961254636207547,-4.62948099682303,1.94218161282,-4.18037888438458,-4.60568646763486,-2.55718413666009,1.58958220191211,-0.48653714178381,0.256559618287662,-0.466245243122949,0.291104927494009,0.242566552797207,-1.27909371150404,-1.12353433717278,-0.630976512544474,0.326839204012689,415.99,1,20
88737.0,1.91782653091941,0.951966571156228,-2.05920551344214,3.83399771227534,1.66819219140891,0.769825697337707,0.23246305671161,0.107940567202011,-1.14364568858013,0.541699242973355,0.301977229683697,0.257697090947377,0.709147651977866,-2.420715975085,-1.99774018079568,1.50669615001484,0.799832475247662,1.16276426158317,-1.15062735713932,-0.115922317627863,0.0152553539964535,0.239994342022941,-0.111915984520572,-0.380575889863537,0.370994788995014,0.189116547062326,-0.0058232806791896,-0.0121050906997506,12.31,1,0
79540.0,-0.114360703589856,1.03612940153875,1.98440526119199,3.12824327369048,-0.740343559582751,1.54861869623,-1.70128395465886,-2.20384174839674,-1.24226477538834,0.269561809170344,1.29341829662131,0.933215784460268,-0.135325960632637,0.521483689902165,0.386884188055331,0.0598689535627266,0.306339379229928,0.265051988857439,0.223718288348024,0.732852498432027,-1.03293465200213,1.19642831010463,-0.112856718234204,0.254718993156121,0.69666788609654,0.482370416673402,0.129969314476127,0.223924333790406,0.27,1,22
59777.0,-8.25711081724667,-4.81446073955621,-5.36530689032661,1.20422986423394,-3.3474200965739,-1.33160147516446,-1.96789279857039,1.29543781710486,-1.67441524280437,-3.42605225253339,0.144562690111297,-4.28352931016896,-0.24089504151477,-3.65749040377527,0.923104767832095,0.844221069436753,-3.94831185243281,-1.8075159915996,0.105878827218844,-1.23398725720348,0.436390207477188,-0.077552722802211,-3.09162435615504,-0.390200885685448,-0.288688941339997,-0.340004217403437,0.0398191045440342,-1.00790031022705,426.58,1,16
127123.0,1.97390797416582,-0.226166129215711,-0.367570358195048,0.196545050267756,-0.355134750968776,-0.204412298523377,-0.492005858295623,0.0231589990136783,0.776856674488674,0.0064736544728116,0.930671203742405,1.66108978061521,1.22910288386832,0.0060591141673914,0.222953326034562,0.513734981390848,-1.03500271050129,0.278568174551455,0.148040567299067,-0.146425354419588,-0.092811793104939,-0.115745587981826,0.317202407923641,-0.412097377540422,-0.407702852605465,-0.612444033916323,0.0401207465637419,-0.0426760952436304,1.34,0,11
50752.0,1.23763781597924,0.183696113158264,0.0586238423203795,1.19545912712658,0.232487633688465,0.280852929653739,0.0175977469672996,0.0587387124818714,0.402816326914491,-0.109536231075821,-1.34608226725302,0.065976870677273,-0.338528454051326,0.0842387515020693,0.0042606936494481,-0.463630160746249,-0.0207561238373305,-0.663658881631222,-0.0472579246476566,-0.201290536022324,-0.165352643829998,-0.234672203940515,-0.155493439043546,-0.768500856733854,0.765527963239295,-0.258223799307093,0.0379639013815551,0.0053652084257074,1.34,0,14
102480.0,-1.92959692675373,4.0664132778545,-4.86518400996861,5.89860229319899,-0.552492585328532,-1.55596245330906,-3.83362344068736,0.679511648528001,-3.46376549143694,-6.68368922880726,7.02127774818005,-11.1024933822497,1.71175507363653,-10.447632938235,-2.79907615915518,-6.26174085045904,-11.6471577741668,-3.45143614190286,-0.507536514254236,0.942488941965831,1.13721164676769,0.674245235425331,-0.531765489027487,-0.433409350510738,0.378658562357166,0.198107291025294,0.869694411928137,0.228047851815119,0.0,1,4
87202.0,-0.41982017420894,-1.15597800832635,-2.09251550244986,2.78675032975706,0.736296592040403,-0.167291965690249,1.60002746290919,-0.117426851332358,-0.796953814299879,-0.133950251206468,1.03303201224459,-0.284367998317494,-1.20827980965211,-0.429211904447448,0.248945360461687,-0.928921529997167,1.67998551904683,1.31533886586358,2.22616065557659,1.27535802653094,0.48063971759843,0.533516931196614,1.28464540597639,0.516131270391061,-0.60294109971583,-0.305023689896282,-0.0213631449369425,0.129096385608294,603.08,1,0
87852.0,1.95963460395274,-0.101155878207272,-0.186388445112913,1.32329232944607,-0.550475117239125,-0.477503847449012,-0.477986509436113,-0.0517002402367232,0.874332008960064,0.213251116257666,-0.843395599712519,0.376114123914337,0.317932923896266,-0.0341205366037888,0.799801541428481,0.390561099562608,-0.744657869779683,0.229065696923249,-0.834152211261715,-0.254248172246097,0.229736736626621,0.85017739086363,0.146951401237023,-0.0234118940054617,-0.0952446412200186,-0.558712500151694,0.0625205903147069,-0.0307625204702211,1.34,0,0
58083.0,-6.80139197687662,-4.36225008868777,0.214971999721171,-0.66076735086354,-1.73904857969291,1.43966954982009,1.9977229765424,-0.83160300041247,1.59368029839706,2.66058541322223,1.80886515150187,-0.17884188299276,-0.272584604893495,-2.1411635867958,-0.526428345613351,0.923842009182233,0.165000957101887,-2.2197152665521,0.193119439549283,-2.10656293704985,-1.35882081946201,0.539777523059727,-0.47549234926785,-0.0941046906955397,0.713977461534955,-0.327339706623521,-0.376001455156208,1.81006041873789,734.46,0,16
49223.0,-0.840108947281893,0.0997138156165297,1.04188602471187,-1.2374758265505,-0.426803887403797,-0.621187414112735,1.85871817704338,-0.358673082766577,0.0101485314148864,-0.688578856268677,-0.844449826533973,-0.763913112261601,-0.865200548981987,0.0605280314573889,0.467203309654189,0.520789323023617,-0.780191745645503,-0.298075228377617,-0.465732307895752,0.571541789674341,-0.122066376046718,-0.597059293441489,0.441060482575374,0.0107482841294734,-0.231013309940513,0.644258476587081,-0.0071831247038571,-0.038508203785796,326.64,0,13
48324.0,0.496991346250567,-2.15850887472201,0.726002744032465,0.771489624054038,-1.88539020910731,0.599275029292847,-0.662155020518485,0.26977167032895,0.58207598266617,0.185741862490513,-1.62483105881206,-0.456091559330099,-2.04128766399477,-0.427969430522077,-1.51308698634606,-2.45840250062895,1.25267838373264,0.164163292266028,-0.46705186127282,0.0470082721758446,-0.603300653653438,-1.75558377332302,-0.105201446973492,0.0381198524596161,-0.0487096665222486,0.16889782832817,-0.0217275532874742,0.0831341856971879,515.53,0,13
82982.0,-1.17849636652025,1.12557397685871,1.43442074282555,1.75736689901912,-0.99920443101038,0.683747042694565,-0.846492333866618,1.18060448057257,-0.265908594117258,-0.583605470757815,-0.432103232394055,0.513967186157088,-0.144534160769673,0.470730694656092,1.18891934600334,-1.28076462354402,1.45774472771068,-0.537047636898821,0.697583346071933,-0.182114465929236,0.386668211860179,1.12663767734009,-0.0425147199119991,0.136556652012532,-0.400375616219545,-0.0061568093846974,-0.12258891740667,0.0083654435699153,20.17,0,23
74159.0,-1.54878809850026,1.80869795041448,-0.953509033832342,2.21308539346999,-2.01572779170327,-0.913456844516923,-2.35601298316433,1.19716896702387,-1.67837405659509,-3.53865023182429,3.1020899271543,-3.99337305447702,-1.93741062327519,-3.82289410599595,0.830970110708369,-2.47535885382925,-5.21187516766885,-0.413871678166879,0.933262164554872,0.390785963777347,0.855138263312025,0.77474482148342,0.0590371520063436,0.343199807900813,-0.468937928609185,-0.278337986906642,0.625922215184372,0.395573378256676,102.82,1,20
90085.0,0.15359793232433,0.999536284785754,1.03356116777341,1.16035950815245,0.470674576591009,-0.525185400656722,0.990040903742904,-0.756288636324285,1.12286952069523,0.454787676261724,0.469728023468004,-2.78600160369057,1.74206790112821,1.33831436186664,0.60341616418233,-1.44162108917344,1.21064613539736,-0.158334845784584,2.65307702579419,0.430151879484423,-0.467366833643081,-0.475350377218889,-0.0343641095704466,0.0208479718864757,-0.920655275411562,0.494334849670065,-0.0577371559599615,-0.213886429698049,16.79,0,1
49931.0,-2.99818306960463,-7.75233847896256,-2.57003513528524,1.2032274327471,-2.93598816774534,0.265107149755787,2.66675431593201,-0.706960537193953,-1.27761212730126,-0.259412974898577,0.665433070908802,0.549825315207204,0.363721076088425,0.743253981993342,-0.415745896589315,-1.19655972171716,0.0188725824811092,1.68433378140289,-0.771659987245314,4.13259772842521,0.953664359345517,-1.84696115361021,-2.05665314141127,0.169213887894395,-0.390750876883023,0.853260880613715,-0.502956346587092,0.379299306663602,3042.07,0,13
35123.0,1.27037114474502,-0.0526934475127916,0.38719467848026,0.781255828523175,-0.472262137859188,-0.345492590088874,-0.207956544717669,-0.0204340269357891,0.787210182552993,-0.183811797801528,-1.38249210761714,-0.164416273996132,-0.868052338108845,-0.0452431654669422,-0.267775364238454,-0.180208966954753,-0.0401545958961068,-0.294218742964952,0.382374367774216,-0.176321150050783,-0.134856753551474,-0.166684451604477,-0.134776319583061,-0.07789023438843,0.624268448307535,0.472923244450393,-0.0212095611513946,0.0028855479793983,1.34,0,9
123078.0,-1.07381997038354,0.415616496914758,-2.2739767978925,1.53684419661661,-0.758696869170268,-1.67038051440345,-2.37713981352061,0.0903704457603509,0.0048472639499715,-2.77674714436829,1.42841254547618,-4.48267863575862,-0.709519384951049,-4.61013844047447,0.621338168687942,-4.60271264488365,-7.52418833345318,-2.55710412229741,1.31912362938259,0.22705062109278,0.535541841818562,0.863591564127184,0.45074251609585,-0.144227844430684,-0.20560879925391,-0.539072772653385,0.503418437647693,-0.237807129664846,14.7,1,10
113202.0,2.13619908133269,-0.0708110649752312,-1.78392450116407,0.0035153730397819,0.550905525848616,-0.483681448683179,0.127230019473113,-0.226611844815126,0.853255982214143,-0.0887167518373008,-1.49615788651706,-0.133468936153029,-0.121258438909514,0.490661962721811,0.992165374413014,-0.0220352130447044,-0.816821695471383,0.406274916023418,0.113204615928389,-0.221563197280467,0.209377963954856,0.740209218563257,-0.0793323024858799,-0.0139071528981567,0.446162802586555,-0.404618758537589,0.0005166052587468,-0.0555100812074675,1.34,0,7
66637.0,1.17777555186219,-0.212535185848827,0.251255672436138,-0.0508555194945511,-0.393770300664294,-0.456396498124647,-0.0746129331238897,-0.149109427051484,0.270578018145407,-0.215390530991797,-0.849991173852537,0.292946343360406,0.930555729376049,-0.0232401049268686,1.24441748334893,0.721941840587274,-0.736220666048915,-0.306677276376831,0.29350637273945,0.162952454798302,-0.247145264399322,-0.877534749179538,-0.0019757976159172,-0.396791687439776,0.105094797608706,0.785244441583291,-0.0790525828471581,0.0202193983871006,110.25,0,18
130271.0,-6.1288304419949,5.14902376124002,-3.11013093627945,-1.8949334804429,0.324315867620181,0.270812211621695,0.280750503228049,0.711981718706904,3.4560537756806,5.09504144326286,0.178478985489682,0.0035840804794612,-0.751904519850101,-1.88744636089955,0.854931536184835,-1.15831035824886,1.511447818148,-1.79023517052083,-1.76270412653478,1.75806093405316,-0.397970608446001,-0.434990756864182,0.355359028669029,-0.449657402081126,0.329563567624233,0.311352450197262,0.245002560556699,0.922884202462034,2.94,0,12
44614.0,1.22390177139295,0.097702415753249,0.443648773621001,0.636184528635558,-0.260584623540654,-0.186613414835192,-0.0833547356356735,-0.0135766644748145,0.106106003619877,-0.0451203994579726,0.876102489017727,1.48222477430937,0.740246255632669,-0.0540693643515865,-0.976771961418343,-0.0282879458023884,-0.385290638777128,-0.210525257406318,0.629497837524748,-0.0584721632644599,-0.196302044270657,-0.364292173252729,-0.0456853908079219,0.0513221850395864,0.497397233363996,0.270465439499444,-0.0201882336634827,3.58296252996122e-05,1.58,0,12
7526.0,0.0084303648955825,4.13783683497998,-6.24069657194744,6.6757321631344,0.768307024571449,-3.35305954788994,-1.63173467271809,0.15461244822474,-2.79589246446281,-6.18789062970647,5.66439470857116,-9.85448482287037,-0.306166658250084,-10.6911962118171,-0.638498192673322,-2.04197379107768,-1.12905587703585,0.116452521226364,-1.93466573889727,0.488378221134715,0.36451420978479,-0.608057133838703,-0.539527941820093,0.128939982991813,1.48848121006868,0.50796267782385,0.735821636119662,0.513573740679437,1.34,1,2
97283.0,1.94167709979717,-1.47033155421925,-0.326220379982517,-0.846198037880868,-1.06087583650154,0.64267202949312,-1.5912990130274,0.260127478766487,1.65037533868037,0.468842420763184,1.07225950722558,-3.158336502851,0.730181658023138,1.16315890916173,-0.703454339332875,1.88203588703319,0.353539041389395,0.0697073432243761,0.614232939291097,0.113335079748203,0.132746788639251,0.343054720692779,0.163960116230368,-0.0519589080869268,-0.49659646418305,-0.310281768535211,-0.0226970768117152,-0.0366028502678378,149.72,0,3
36678.0,1.21987930549062,0.440478614274511,0.452518398365412,1.18689987028506,-0.344967616398783,-1.13119401494455,0.29218347383329,-0.309198017951658,-0.185555068909602,-0.0142522108381656,0.0627168068254671,0.807882561505412,0.902704787278961,0.217544649657685,0.790294818160169,-0.0913351028396088,-0.362319506663557,-0.37613792907175,-0.500584547263734,-0.0906032799128021,0.0606903684687333,0.265002980899946,-0.0711721293750942,0.750484100119233,0.676222135821526,-0.351978212815877,0.0202455791690302,0.0259358187213442,7.34,0,10
93860.0,-10.6323749061596,7.25193622855414,-17.6810718207918,8.20414440620562,-10.1665907519072,-4.51034377036334,-12.9816061559658,6.78358879797499,-4.65932958355558,-14.9246547735487,8.38914233451929,-16.4655039422141,0.33851695978655,-14.224403603167,0.556584472572111,-11.683998043525,-15.8416159780561,-5.75319975278369,3.81304079276336,-0.810146481561289,2.71535704420309,0.695602689761576,-1.13812206664164,0.459442241911828,0.386337323495895,0.522438449202614,-1.41660373652915,-0.488307035713995,251.94,1,2
17187.0,1.08837493830851,0.898474023721059,0.394684329076182,3.17025757451452,0.17573879687403,-0.221980885195245,-0.0229887284923858,-0.0108735366656839,0.860043617194172,-0.592472935320844,1.07272839973578,-2.54755681422931,1.23595005675711,-0.330305803751441,-1.02235437464957,0.335642172519614,2.29899822072815,-0.1620962094812,-1.53270721248432,-0.217358192249005,-0.423553904215867,-0.800852284805578,0.0776144554303444,0.167608452574198,0.350181817443194,-0.118940929478619,0.0129477659306532,0.0542542721018558,5.06,1,4
93860.0,-10.8502815883108,6.72746568826853,-16.760583409542,8.42583167857118,-10.2526968683093,-4.19217104406337,-14.0770860104531,7.16828793346092,-3.68324217370244,-15.2399619587112,8.03070840755191,-16.0603057628826,0.270529742348469,-14.9529810390579,-0.241094883743813,-11.866730636746,-15.4869899240937,-5.74865155747378,4.1300314273319,-0.646818272966729,2.5416369467068,0.135534921100722,-1.02396689219897,0.40626452579196,0.106592778669641,-0.0262323892202069,-1.46463002356247,-0.411681819907858,104.24,1,2
32008.0,-0.706218357849682,1.38540003966129,0.924749493272967,0.10717693967169,-0.26595077555808,-1.00421648887445,0.441039288942563,0.314758116167846,-0.662429235237234,-0.765223807029657,-0.252589168297849,0.409288565449757,0.804233251192419,-0.235481421859888,0.787532089906194,0.47794785843201,0.140622259958685,-0.171372741143898,-0.103803297542008,0.0766830046772409,-0.205445515914467,-0.650611732855997,0.0664893842996462,0.348722618123705,-0.109629975058288,0.0717205005462501,0.119551356043755,0.0370388327215528,24.04,0,8
27163.0,-23.9141008948243,13.7659421584186,-25.7337337663194,6.2909179135006,-17.7848236618953,-4.57249762015164,-17.3907644695894,15.7941361803271,-3.81983218698836,-8.44226241787632,5.02011249777419,-7.0464278465108,0.692785249374773,-7.07689932873899,-0.0465348409616521,-6.20823797273981,-12.5320624040465,-4.82885763250639,0.978636193358608,1.64003733516462,1.77339928248294,-1.74842552125898,-1.09310448820022,0.147807442391992,1.66379235724108,-0.221024471156944,1.45807561131952,0.43031504868091,133.63,1,7
35926.0,-3.89658259167336,4.51835470349753,-4.45402724041253,5.54745334718879,-4.12145857265685,-1.16340665785105,-6.80505305303552,2.92835625399971,-4.91712959933528,-6.60046062150676,3.36784560815482,-7.88897751950988,1.68260346667335,-7.62865191597326,0.779245995683184,-7.53340432942796,-14.0646239413114,-4.96010863308331,2.52578492424474,0.757286726552078,1.69104203001122,0.920020577187708,-0.151103893232396,0.0110068782298363,0.0803032669086078,0.412191351423526,0.635788870982512,0.501049550484962,6.09,1,9
93879.0,-13.0865194204794,7.35214833905529,-18.256576111808,10.6485054461688,-11.7314764509112,-3.65916740569145,-14.8736579646075,8.81047267511276,-5.4182040716445,-13.2025771482197,6.35722736343626,-15.5316111795156,0.659694875353275,-11.4123295951252,-2.44757607431839,-9.83374302098841,-18.1746174349071,-7.269904593126,0.623796611777714,-1.37629840858733,2.7611570593153,-0.266161809571132,-0.412860724865388,0.519952215674181,-0.743908960008006,-0.167808225140728,-2.498300252188,-0.711066151912636,40.51,1,2
61159.0,-3.4513901593892,1.27874978682833,0.27112885243681,-0.0062994811713235,-2.55185452724633,-0.957674024979832,-1.7036403784578,1.88955930682963,-0.0375982317751955,-1.32417849545445,-0.865196050027907,1.53048461950244,1.05405507984907,0.67906040934906,-0.109949004414661,0.499167604235108,0.870198071060621,-0.358296517003515,0.241510867745865,-0.964437960112934,0.186109739104117,0.15763249219422,0.367831919096549,1.03269009718496,-0.304368770900572,0.867666549876896,-1.12068930461468,-0.6638009232587,1.34,0,16
32538.0,0.997286419113173,-0.0908120032545219,0.204584745339706,1.26116427189826,0.0017439123360371,0.361995452668228,0.0643094481288882,0.12930286216899,0.0343392321359559,0.0070054066714068,0.881154958678084,1.14942148860473,-0.0761581131282322,0.246341643276554,-0.768280243069892,-0.424036670140268,-0.108221747416168,-0.368373899672265,0.0207368948642472,-0.0083673675271081,-0.0245806662621474,-0.0391850554239695,-0.183244259226368,-0.281634387263376,0.651185234906769,-0.31828664946814,0.0216244742196608,0.0159966425696932,113.43,0,9
129594.0,-1.58726637038723,1.21797127702938,0.853024772125829,-1.48554374271927,1.75252848816651,0.0900905705563295,1.02538057673635,-2.19742305539272,-0.0131826722153851,-0.117874935055215,-1.15629469511991,0.515076524694819,1.56607184410047,-0.728086911360322,-0.549685125115783,0.0642168914203,-0.992135055635861,-0.757601259616937,-0.136408799771897,-0.194040104945079,1.03231939740292,-1.4250352139803,-0.220109810936324,0.049520613419829,0.790714890112379,0.196286582356378,-0.316599943225331,-0.263677264445801,4.24,0,11
128471.0,0.909123838691231,1.33765782444144,-4.48472766746064,3.24535764512838,-0.417808776149092,-0.762118684149486,-2.5063487752776,0.694163949223675,-0.467555883753771,-4.5652600954372,3.61264534637429,-3.17193661178549,-0.400045818565063,-8.56945415472099,-1.61483120714345,-2.38820756249222,-2.57746443422373,0.0926786705401108,0.0982420128901166,0.445573384128196,0.586829162500182,0.59407754473212,-0.252120311226939,0.325438827876011,0.562765676359647,-0.256278184868886,0.652673806782709,0.319879228007944,90.74,1,11
93824.0,-3.63280894927825,5.43726336227612,-9.13652148062595,10.3072263079132,-5.42183029451154,-2.86481514933136,-10.6340876212042,3.01812657999175,-4.89164032107494,-11.2350479111446,8.78878366710272,-18.5536970096458,-0.339533407676443,-15.6231873302985,-0.188978574214972,-12.4279613630565,-20.1590474539227,-6.88889109280947,2.58609321670737,1.35406479520345,2.30988016889674,0.978660126299279,-0.0961301444473713,0.432376722544823,-0.435627929953396,0.65089278643537,1.69360750804844,0.857685371687245,11.41,1,2
128742.0,1.85298325063037,0.181261479229645,-0.297784319607632,3.84681781295269,0.163269728288321,0.873028635676767,-0.412682731552925,0.323396312470034,-0.338354590152783,1.49012415909051,-0.19769458178925,0.0171981297449727,-1.41652504693462,0.0975806093202415,-2.48195903701575,0.644136231302902,-0.580459140881655,0.191897745327796,-0.968595828443077,-0.361718230560796,0.117887695117639,0.496631881744157,0.122151686621861,0.73715068417645,0.0469986344654291,0.0827439296442764,-0.0194752818858191,-0.0523142706460528,2.02,0,11
58067.0,-0.264868683737295,3.38613996883911,-3.4549969895002,4.36762905773351,3.33606042827178,-2.05391842272465,0.256890458421417,-2.95723544083265,-2.8557972336327,-2.8084555425423,1.84750351109611,-2.4148223375383,-2.57322454244165,-6.5991261303635,0.123470382678038,2.57237180761341,6.60936580903842,2.53066979960508,-3.60265725092653,0.482513022122587,-1.39450379366468,-0.166029306744804,-1.45208118338289,-0.251814670710545,1.24346054282121,0.45278677690471,0.13221807596169,0.42459946550375,1.34,1,16
35025.0,1.41721450101518,-0.727851914091508,-1.13914969722257,-1.75949962437953,1.40690271107443,3.20367931912786,-0.981579326879049,0.764987288188613,-1.01748673645695,0.714604275024642,-0.189505556642732,-0.227597982868556,0.365110879452812,0.233542321122249,1.14814938287991,-0.823792107636908,-0.574607249095328,1.12714842623387,-0.30904231101319,-0.315169603281834,-0.688677101554232,-1.73197790492991,0.197895223038258,0.985862920318188,0.113213886609208,0.751396105944714,-0.0548927147988968,0.0100848769415376,29.37,0,9
36170.0,-5.68501341827133,5.77651621042963,-7.06497672861513,5.90271545151069,-4.71556383098609,-1.75563332378958,-6.95867914257843,3.87779518702774,-5.54152882782373,-7.50211219093686,3.67670318691664,-7.64298306727846,1.68986512270453,-8.29965953059956,0.646996364810759,-6.79279505972775,-12.075932061394,-4.88217964265137,2.62662452479163,0.299488632233821,1.12864107441301,-0.962959729230981,-0.110045083655872,-0.177733240766768,-0.0891754157062679,-0.049446723229275,0.303444581632884,0.219380438614266,149.28,1,10
32745.0,-2.17913506011513,0.0202179180614602,-2.18273279614299,2.57204626116115,-3.6637331119316,0.0815679330899005,0.268048730691862,0.660437428502318,-2.37402736257173,-3.58281002008802,1.97582106179607,-3.50054226479879,0.170681027067223,-2.73594037401519,1.67025110352247,-4.04629299726117,-5.07947908460579,-2.58685704537203,1.66926055335833,1.95796029993605,1.02642111100453,0.299613501640326,1.65680000734873,0.328432501784239,0.106456827905221,0.691774505774569,0.196778974067123,0.241085157494976,958.4,1,9
67857.0,-1.73933378422429,-1.30465465035444,0.314102907291187,0.0537401062585881,-0.0586957001779964,0.0712595573040713,0.694861852921962,-0.313269934817745,-0.649377114028123,0.517567879914365,-1.35655775612738,-0.238382663867126,0.0695790190825196,-0.431690053731737,-0.674723889299605,-1.65416180710569,-0.0539606012956825,0.520745840192804,-1.55456174696529,-1.46399432399357,-0.665172078751849,-0.632078028662709,-0.421175799634968,-0.400774352865197,-0.001640301894043,-0.495162312868153,0.0316326197006312,0.0662796878513276,427.65,1,18
54516.0,-0.222258313334028,0.32626193016344,1.83882335221328,-0.238251864332341,-0.219975166780199,-0.379914508164042,0.452643686626029,-0.477950972116964,0.535766430462124,0.310547915478295,-0.675780837245963,-0.763317631927457,-0.463375195052992,-0.446995660231556,1.59648561225279,0.219411723285424,-0.566890682757982,0.180429258647159,0.784685129518175,0.104139102128065,-0.0354520971982485,0.189891604493277,-0.0124970874339521,0.0763390547026761,-1.22962255466051,0.780699223289842,-0.441508415834032,-0.244953667666935,41.29,0,15
34684.0,-2.43923696855219,2.59145816263611,-2.84012564998452,1.28624391005241,-1.7770161908324,-1.4361387710222,-2.20605624197635,-2.28272485775905,-0.292885036315821,-3.71744992918956,3.90739912775712,-7.22000368560677,-1.21173934568755,-9.6576265944335,0.927517899548728,-4.73866234284944,-9.27663556929158,-3.08196108095709,0.17774563450317,0.513529864634298,1.77446009213068,-0.771389807551225,0.0657267026225069,0.103915744896627,-0.0575779255552146,0.24265246086543,-0.268649222026483,-0.743712586038479,167.45,1,9
129371.0,1.1839312092814,3.05725030538059,-6.16199733475256,5.54397248278589,1.6170413698223,-1.84800603824854,-1.00550810079405,0.339936724068817,-2.95980628236377,-3.8517216648754,4.51335526006987,-4.85831164395338,-1.76573419312819,-10.0062434296255,-0.439394416852874,0.574874856691221,0.188469552514539,1.64922352053836,-1.79673863123125,0.252571163759772,0.109184860912105,-0.931071823432774,-0.0641750404544211,-0.0070125201234796,0.345419478643384,0.0645577481719254,0.476629438597504,0.323740180557018,0.0,1,11
72412.0,-0.656465644067715,0.899229187021255,1.6912096904527,2.61541527708759,0.842474321706789,2.71610262021259,0.0762011753415308,0.811435387561242,-1.20879300434883,0.617494292614845,1.28448471349821,0.126586088115001,-1.21602213259366,0.43083892103733,0.562506433889368,-1.49050928829385,1.31207499580617,-1.50478018504895,0.0956274303239524,-0.101503885229723,0.0254569076633792,0.268971684560603,-0.0317121583046641,-1.35817047725022,-0.561498658264754,0.242939136998637,0.0900736142844901,0.0878083924521352,47.63,0,20
75978.0,-5.14072311805277,3.56875123426923,-5.89624545735196,4.16471993013258,-4.09119263947502,-1.98996029061886,-5.47243601705169,2.42282066166249,-2.90973525837833,-6.28780335064533,3.70431215185119,-7.26754953396678,0.329269938095914,-8.45897495556967,1.35448720090917,-5.9762209822112,-10.5760149147501,-3.52516124688807,1.73797600497073,0.318995199686566,1.13113028151049,0.118021510216711,-0.332704205017834,0.139940733895169,0.324757896441424,-0.180769130367976,0.177810382911191,0.661555355551591,133.51,1,21
108852.0,2.00436219496392,0.0755472413614696,-0.314059843405253,1.3391378474642,-0.0061188391117234,0.106052394158175,-0.552533124156616,-0.0987656859651965,2.01814260533854,-0.185227731626663,-0.0700137522147044,-1.76359701321817,3.03523741275039,1.16279877943447,-0.0276378106256977,0.490748799235028,-0.262425596100243,0.605931580608787,-0.843860790360649,-0.186573402189025,0.0586999474752851,0.608202178758836,0.137704754569115,0.428087771506758,-0.0094767607697547,-0.62084306396171,0.033753147042691,-0.0305575137840968,1.34,0,6
17520.0,-5.26805322089363,9.06761342731767,-15.9607281345144,10.2966027898053,-4.70824109122294,-3.39537485177836,-11.1610570028797,5.49996263444947,-5.66737554592835,-11.6271935556579,11.0270590938161,-16.3880541668327,0.363921486512734,-17.230202160711,-0.437487559248993,-10.1223919213552,-13.6392089915234,-4.98645725844229,1.12678437819631,1.45587819528,2.00410994522741,0.191058399384387,0.622927669875126,-1.20926355739155,-0.374798862642666,0.64879803679546,1.58469734677224,0.720055870245492,1.34,1,4
4641.0,-2.12220578160753,2.50171019780092,0.679881019383323,2.0272730663188,-0.440994152922276,1.17485634332534,-0.921126461606749,-2.55482417122094,0.744768070034301,-0.0325086827528197,-1.08313257578282,-2.54464366118523,1.45680697390315,1.6470072814988,-1.58745202404426,0.601252769748725,0.674698405789333,0.138486788344657,-0.389189263340929,-1.06365199004746,2.66228199578609,-1.95443423698755,0.352348083721544,-0.5998311686167,0.0919959671569889,-0.227466617137316,-0.481958432572743,-0.334715794659167,80.17,0,1
42247.0,-2.52401156950864,2.09815186657166,-4.94607520997003,6.45658840962748,3.17392137712693,-3.05880605463133,-0.184709664717417,-0.390419986932457,-3.64981179874133,-4.07758540918968,4.38921350258246,-5.84955800710779,-0.750964374574877,-11.5838983872121,0.838750052957938,-1.4610292465747,0.635694232941605,0.390150149131876,-1.06302761603247,-0.162797482259592,0.0279349679314103,0.2203664412615,0.976347942245667,-0.290539415419797,1.1610017911475,0.663953624390758,0.456022723280535,-0.405682084802192,1.34,1,11
102114.0,-28.2550528932108,21.4672029942752,-26.8713387797136,11.7374361361796,-17.9996302850189,6.0659013519233,-41.5067960832574,-38.9872627434095,-13.4340663182301,-24.4031849699728,3.40932261990014,-9.60826735632918,-3.07631796817408,0.240060357919937,-2.83667693195872,-6.594756991638,-12.9575309948449,-5.61352195004329,-0.248828402209821,10.4407179813405,-21.4537362781468,8.36198519168435,4.90911112135878,0.0983279449493119,-1.50873912052995,0.0087112904784173,-5.4078236392388,-0.183811044930697,0.0,1,4
125200.0,-0.769171691743673,1.3422122564916,-2.1714541366788,-0.151513299728476,-0.648374467317641,-0.973504253142134,-1.70665765414268,0.313744516691369,-1.98230184657376,-3.15812700566592,1.3415717221686,-3.29947236985172,1.24764737362737,-6.39337284276668,-0.0532048016171774,-3.25804634128955,-3.34889609796046,0.217330714330335,-0.917407954929339,-0.102294252090737,-0.0361222946216654,-0.753591202726119,-0.0471133973013113,0.358492767536875,-0.287406815695466,0.476505957022081,0.250530561357973,0.250987222920341,53.46,1,10
56046.0,-1.52777918019041,0.370591810341465,2.02269130771479,-0.604609549563329,-1.00196743458773,-0.509531188838735,-0.121272858038343,0.162105281212998,-0.903542169010598,0.348079959721603,-1.16214996924274,-1.06573800052148,-0.949536242127113,0.002110948124692,0.717874214361934,-0.821633730121985,-0.458225396150755,1.91611798257217,-1.86682558387236,-0.781319879888875,-0.101538382214944,0.0612890124584856,-0.467114796917352,0.330565686723154,0.349806513243122,-0.357931350181849,-0.530247357846135,-0.274921371488239,61.25,0,15
128803.0,-2.27247262312809,2.93522576984167,-4.87139411498144,2.41901198641213,-1.51302177077044,-0.480624709293733,-2.12613615926755,1.88350700101357,-1.29726168422102,-5.48742458295368,2.96924007367485,-3.05540513135176,-0.316543682164901,-7.86280852638766,-2.2028004046908,-1.93231647481301,-2.28474841411287,0.324787267403684,-0.183180903717309,-0.0310853103629951,0.718504287704593,0.893850157785459,-0.031631724472805,0.322912638305837,-0.0584064063189307,-0.411648851141658,0.573803016490166,0.176067285155718,235.07,1,11
